Número,Aberto,Resolvido,Encerrado,Prioridade,Categoria,Subcategoria,Produto,Item de configuração,Grupo designado,Aberto por,Entrou para KPI?,KPI Violado?,Código de fechamento,Solução,Duração
INC100000,2025-01-01 01:14:00,2025-01-01 04:36:57.885327588,2025-01-01 06:56:57.885327588,4 - Baixa,Aplicação,Sub B,lhco,CI-5,SRE,Monitoramento,NAO,NAO,Manutenção Programada,Reinício de serviço,12177.885327586679
INC100001,2025-01-01 02:08:00,2025-01-01 04:07:38.070918408,2025-01-01 05:14:38.070918408,3 - Média,Banco de Dados,Sub A,lcem,CI-179,SRE,Monitoramento,SIM,NAO,Falha de Aplicação,Patch aplicado,7178.070918409957
INC100002,2025-01-01 02:23:00,2025-01-01 02:30:32.787162486,2025-01-01 05:27:32.787162486,4 - Baixa,Aplicação,Sub B,lsin,CI-102,NOC N2,Manual,NAO,SIM,Falha de Rede,Reinício de serviço,452.7871624849257
INC100003,2025-01-01 02:24:00,2025-01-01 06:03:47.092000920,2025-01-01 09:35:47.092000920,4 - Baixa,Banco de Dados,Sub C,lsin,CI-201,SRE,Monitoramento,NAO,NAO,Falha de Rede,Patch aplicado,13187.092000922461
INC100004,2025-01-01 02:28:00,2025-01-01 04:50:23.966444034,2025-01-01 05:30:23.966444034,4 - Baixa,Rede,Sub C,lrev,CI-148,NOC N2,Monitoramento,NAO,NAO,Falha de Rede,Reinício de serviço,8543.966444035452
INC100005,2025-01-01 03:56:00,2025-01-01 04:36:45.776172336,2025-01-01 05:06:45.776172336,3 - Média,Infraestrutura,Sub B,lhco,CI-275,NOC N1,Monitoramento,SIM,NAO,Falha de Aplicação,Ajuste de configuração,2445.7761723336635
INC100006,2025-01-01 05:23:00,2025-01-01 06:35:35.712324732,2025-01-01 09:12:35.712324732,2 - Alta,Aplicação,Sub B,lhvp,CI-115,SRE,Monitoramento,SIM,NAO,Falha de Rede,Reinício de serviço,4355.7123247293075
INC100007,2025-01-01 08:02:00,2025-01-01 09:49:33.738485922,2025-01-01 13:20:33.738485922,3 - Média,Infraestrutura,Sub A,lsin,CI-195,NOC N1,Manual,SIM,NAO,Erro de Configuração,Ajuste de configuração,6453.738485921553
INC100008,2025-01-01 14:29:00,2025-01-01 14:55:03.585043314,2025-01-01 15:29:03.585043314,4 - Baixa,Infraestrutura,Sub C,lrev,CI-263,SRE,Monitoramento,NAO,NAO,Manutenção Programada,Patch aplicado,1563.5850433133721
INC100009,2025-01-01 16:28:00,2025-01-01 18:06:41.433312912,2025-01-01 19:33:41.433312912,3 - Média,Banco de Dados,Sub B,lsin,CI-230,Suporte N3,Monitoramento,SIM,NAO,Falha de Rede,Reinício de serviço,5921.433312911563
INC100010,2025-01-01 17:29:00,2025-01-02 02:59:16.450987044,2025-01-02 03:26:16.450987044,3 - Média,Infraestrutura,Sub B,lhco,CI-147,NOC N2,Manual,SIM,NAO,Falha de Aplicação,Ajuste de configuração,34216.4509870463
INC100011,2025-01-01 18:04:00,2025-01-01 19:35:19.714059294,2025-01-01 20:02:19.714059294,3 - Média,Banco de Dados,Sub A,lrev,CI-313,NOC N2,Monitoramento,SIM,NAO,Manutenção Programada,Reinício de serviço,5479.714059293443
INC100012,2025-01-01 20:04:00,2025-01-01 22:31:51.225118812,2025-01-02 00:05:51.225118812,3 - Média,Aplicação,Sub C,lsin,CI-25,Suporte N3,Monitoramento,SIM,NAO,Erro de Configuração,Reinício de serviço,8871.225118813618
INC100013,2025-01-01 22:57:00,2025-01-02 01:01:35.316955350,2025-01-02 02:15:35.316955350,4 - Baixa,Infraestrutura,Sub A,lsin,CI-134,NOC N2,Monitoramento,NAO,NAO,Falha de Rede,Reinício de serviço,7475.316955351387
INC100014,2025-01-02 00:03:00,2025-01-02 00:29:09.476303598,2025-01-02 03:40:09.476303598,3 - Média,Aplicação,Sub A,lhvp,CI-267,SRE,Monitoramento,SIM,NAO,Manutenção Programada,Patch aplicado,1569.4763035979008
INC100015,2025-01-02 06:43:00,2025-01-02 09:13:57.406570350,2025-01-02 09:36:57.406570350,4 - Baixa,Infraestrutura,Sub B,lsin,CI-205,NOC N1,Monitoramento,NAO,NAO,Falha de Aplicação,Ajuste de configuração,9057.406570347272
INC100016,2025-01-02 07:02:00,2025-01-02 07:10:29.770310106,2025-01-02 08:44:29.770310106,4 - Baixa,Aplicação,Sub B,lsin,CI-238,NOC N2,Monitoramento,NAO,NAO,Erro de Configuração,Ajuste de configuração,509.7703101081654
INC100017,2025-01-02 07:34:00,2025-01-02 07:50:05.082258666,2025-01-02 09:39:05.082258666,3 - Média,Aplicação,Sub B,lsin,CI-327,SRE,Manual,SIM,NAO,Erro de Configuração,Patch aplicado,965.0822586657289
INC100018,2025-01-02 07:47:00,2025-01-02 09:26:59.917998042,2025-01-02 13:03:59.917998042,2 - Alta,Aplicação,Sub A,lsin,CI-168,NOC N1,Monitoramento,SIM,NAO,Falha de Aplicação,Patch aplicado,5999.917998041189
INC100019,2025-01-02 09:52:00,2025-01-02 11:28:24.571244388,2025-01-02 13:07:24.571244388,3 - Média,Aplicação,Sub C,lhco,CI-359,NOC N1,Monitoramento,SIM,NAO,Falha de Aplicação,Patch aplicado,5784.57124438772
INC100020,2025-01-02 14:50:00,2025-01-02 16:21:30.389194164,2025-01-02 18:48:30.389194164,2 - Alta,Aplicação,Sub C,lhvp,CI-190,NOC N1,Monitoramento,SIM,SIM,Manutenção Programada,Ajuste de configuração,5490.389194165032
INC100021,2025-01-02 19:38:00,2025-01-02 21:22:06.582079992,2025-01-02 22:15:06.582079992,3 - Média,Banco de Dados,Sub B,lrev,CI-122,Suporte N3,Monitoramento,SIM,NAO,Manutenção Programada,Patch aplicado,6246.58207999305
INC100022,2025-01-02 22:53:00,2025-01-03 05:39:21.142249518,2025-01-03 07:03:21.142249518,3 - Média,Infraestrutura,Sub A,lsin,CI-363,Suporte N3,Monitoramento,SIM,NAO,Falha de Aplicação,Patch aplicado,24381.142249517212
INC100023,2025-01-03 06:01:00,2025-01-03 08:43:19.950812676,2025-01-03 11:40:19.950812676,4 - Baixa,Aplicação,Sub A,lcem,CI-207,Suporte N3,Monitoramento,NAO,NAO,Falha de Aplicação,Reinício de serviço,9739.950812674342
INC100024,2025-01-03 10:20:00,2025-01-03 11:00:10.498384602,2025-01-03 13:01:10.498384602,3 - Média,Banco de Dados,Sub B,lcem,CI-346,NOC N1,Monitoramento,SIM,NAO,Erro de Configuração,Patch aplicado,2410.4983846012697
INC100025,2025-01-03 13:34:00,2025-01-03 15:02:57.780530394,2025-01-03 18:40:57.780530394,4 - Baixa,Banco de Dados,Sub A,lhco,CI-255,NOC N2,Monitoramento,NAO,NAO,Falha de Rede,Patch aplicado,5337.780530396308
INC100026,2025-01-03 15:40:00,2025-01-03 16:41:33.034341774,2025-01-03 19:13:33.034341774,4 - Baixa,Banco de Dados,Sub C,lhvp,CI-143,NOC N2,Monitoramento,NAO,NAO,Manutenção Programada,Ajuste de configuração,3693.0343417721083
INC100027,2025-01-03 16:09:00,2025-01-03 18:33:28.916156994,2025-01-03 21:23:28.916156994,2 - Alta,Rede,Sub C,lsin,CI-31,Suporte N3,Monitoramento,SIM,NAO,Manutenção Programada,Patch aplicado,8668.916156991536
INC100028,2025-01-03 17:47:00,2025-01-03 18:20:24.521145582,2025-01-03 20:05:24.521145582,3 - Média,Banco de Dados,Sub B,lsin,CI-168,NOC N1,Monitoramento,SIM,NAO,Manutenção Programada,Reinício de serviço,2004.5211455797426
INC100029,2025-01-03 18:02:00,2025-01-03 18:06:26.658391260,2025-01-03 21:29:26.658391260,3 - Média,Aplicação,Sub C,lhco,CI-384,Suporte N3,Monitoramento,SIM,NAO,Falha de Aplicação,Patch aplicado,266.65839126050525
INC100030,2025-01-03 22:55:00,2025-01-04 04:22:43.328474400,2025-01-04 05:10:43.328474400,4 - Baixa,Banco de Dados,Sub B,lrev,CI-296,NOC N2,Monitoramento,NAO,NAO,Falha de Rede,Reinício de serviço,19663.32847439842
INC100031,2025-01-04 00:46:00,2025-01-04 03:17:43.946127828,2025-01-04 04:28:43.946127828,2 - Alta,Aplicação,Sub C,lhco,CI-296,Suporte N3,Monitoramento,SIM,NAO,Erro de Configuração,Reinício de serviço,9103.946127830783
INC100032,2025-01-04 04:27:00,2025-01-04 04:59:12.568046100,2025-01-04 05:33:12.568046100,4 - Baixa,Banco de Dados,Sub B,lsin,CI-208,SRE,Manual,NAO,NAO,Falha de Aplicação,Ajuste de configuração,1932.5680461004126
INC100033,2025-01-04 06:02:00,2025-01-04 07:06:39.926890236,2025-01-04 08:06:39.926890236,3 - Média,Banco de Dados,Sub A,lhco,CI-275,Suporte N3,Monitoramento,SIM,NAO,Falha de Aplicação,Reinício de serviço,3879.9268902365125
INC100034,2025-01-04 09:28:00,2025-01-04 11:11:54.384372300,2025-01-04 14:20:54.384372300,4 - Baixa,Infraestrutura,Sub C,lsin,CI-25,Suporte N3,Monitoramento,NAO,NAO,Falha de Rede,Ajuste de configuração,6234.384372302847
INC100035,2025-01-04 09:49:00,2025-01-04 11:15:57.081449718,2025-01-04 14:20:57.081449718,3 - Média,Infraestrutura,Sub C,lsin,CI-398,NOC N1,Monitoramento,SIM,NAO,Manutenção Programada,Patch aplicado,5217.081449719797
INC100036,2025-01-04 10:05:00,2025-01-04 14:30:59.595608724,2025-01-04 14:50:59.595608724,2 - Alta,Banco de Dados,Sub A,lhco,CI-200,NOC N2,Monitoramento,SIM,NAO,Falha de Rede,Reinício de serviço,15959.595608722364
INC100037,2025-01-04 15:02:00,2025-01-04 16:24:00.508597746,2025-01-04 17:25:00.508597746,3 - Média,Banco de Dados,Sub A,lsin,CI-183,SRE,Monitoramento,SIM,NAO,Falha de Aplicação,Patch aplicado,4920.50859774575
INC100038,2025-01-04 15:21:00,2025-01-04 15:35:20.296480530,2025-01-04 18:11:20.296480530,2 - Alta,Rede,Sub C,lhco,CI-24,NOC N2,Monitoramento,SIM,NAO,Erro de Configuração,Patch aplicado,860.2964805324365
INC100039,2025-01-04 19:47:00,2025-01-04 21:54:51.252043614,2025-01-05 01:22:51.252043614,4 - Baixa,Aplicação,Sub A,lsin,CI-338,SRE,Monitoramento,NAO,NAO,Erro de Configuração,Ajuste de configuração,7671.252043615124
INC100040,2025-01-04 21:14:00,2025-01-04 21:52:24.079372686,2025-01-04 23:58:24.079372686,3 - Média,Banco de Dados,Sub C,lhco,CI-124,NOC N1,Monitoramento,SIM,NAO,Falha de Aplicação,Ajuste de configuração,2304.079372686899
INC100041,2025-01-04 23:00:00,2025-01-04 23:36:51.349009518,2025-01-05 02:35:51.349009518,3 - Média,Rede,Sub B,lcem,CI-23,NOC N2,Monitoramento,SIM,NAO,Falha de Aplicação,Reinício de serviço,2211.349009519348
INC100042,2025-01-05 00:40:00,2025-01-05 01:19:29.609205582,2025-01-05 01:50:29.609205582,3 - Média,Banco de Dados,Sub C,lsin,CI-61,NOC N1,Manual,SIM,NAO,Manutenção Programada,Reinício de serviço,2369.609205584814
INC100043,2025-01-05 02:29:00,2025-01-05 04:54:03.500301330,2025-01-05 08:28:03.500301330,4 - Baixa,Infraestrutura,Sub A,lhvp,CI-342,Suporte N3,Monitoramento,NAO,NAO,Manutenção Programada,Reinício de serviço,8703.500301327407
INC100044,2025-01-05 03:34:00,2025-01-05 05:55:48.839733618,2025-01-05 06:48:48.839733618,3 - Média,Infraestrutura,Sub C,lrev,CI-372,NOC N2,Monitoramento,SIM,SIM,Erro de Configuração,Reinício de serviço,8508.839733620589
INC100045,2025-01-05 05:41:00,2025-01-05 06:17:30.768211254,2025-01-05 08:50:30.768211254,2 - Alta,Aplicação,Sub A,lcem,CI-198,NOC N1,Manual,SIM,NAO,Falha de Rede,Reinício de serviço,2190.7682112550447
INC100046,2025-01-05 07:49:00,2025-01-05 08:29:11.628555780,2025-01-05 10:00:11.628555780,4 - Baixa,Rede,Sub B,lsin,CI-386,NOC N1,Monitoramento,NAO,NAO,Manutenção Programada,Ajuste de configuração,2411.6285557813335
INC100047,2025-01-05 11:03:00,2025-01-05 12:57:55.251371820,2025-01-05 15:07:55.251371820,4 - Baixa,Infraestrutura,Sub C,lcem,CI-26,Suporte N3,Monitoramento,NAO,NAO,Manutenção Programada,Reinício de serviço,6895.251371818309
INC100048,2025-01-05 13:15:00,2025-01-05 14:43:35.904605238,2025-01-05 15:05:35.904605238,3 - Média,Aplicação,Sub B,lhvp,CI-54,Suporte N3,Monitoramento,SIM,NAO,Manutenção Programada,Reinício de serviço,5315.9046052373205
INC100049,2025-01-05 14:45:00,2025-01-05 15:25:31.309141404,2025-01-05 17:52:31.309141404,3 - Média,Banco de Dados,Sub A,lhco,CI-285,NOC N2,Monitoramento,SIM,NAO,Erro de Configuração,Ajuste de configuração,2431.3091414043297
INC100050,2025-01-05 18:45:00,2025-01-05 18:53:05.178561042,2025-01-05 22:46:05.178561042,4 - Baixa,Banco de Dados,Sub C,lcem,CI-80,Suporte N3,Manual,NAO,NAO,Falha de Rede,Reinício de serviço,485.17856104202446
INC100051,2025-01-05 20:43:00,2025-01-05 20:49:18.040568550,2025-01-06 00:01:18.040568550,3 - Média,Aplicação,Sub B,lhco,CI-301,NOC N1,Monitoramento,SIM,NAO,Falha de Aplicação,Patch aplicado,378.04056855067444
INC100052,2025-01-05 22:42:00,2025-01-06 00:07:53.835362886,2025-01-06 04:04:53.835362886,2 - Alta,Rede,Sub A,lhco,CI-216,NOC N2,Monitoramento,SIM,NAO,Falha de Aplicação,Reinício de serviço,5153.835362886596
INC100053,2025-01-05 23:13:00,2025-01-06 00:29:16.176342347,2025-01-06 02:25:16.176342347,4 - Baixa,Rede,Sub A,lhco,CI-185,SRE,Monitoramento,NAO,NAO,Falha de Rede,Ajuste de configuração,4576.17634234767
INC100054,2025-01-06 06:14:00,2025-01-06 07:17:14.765852424,2025-01-06 09:17:14.765852424,3 - Média,Aplicação,Sub C,lsin,CI-144,SRE,Monitoramento,SIM,NAO,Erro de Configuração,Reinício de serviço,3794.7658524227704
INC100055,2025-01-06 06:36:00,2025-01-06 06:42:17.481037164,2025-01-06 06:45:17.481037164,2 - Alta,Rede,Sub A,lhco,CI-37,NOC N1,Monitoramento,SIM,NAO,Falha de Aplicação,Patch aplicado,377.4810371624749
INC100056,2025-01-06 08:21:00,2025-01-06 10:35:43.272398052,2025-01-06 11:32:43.272398052,3 - Média,Rede,Sub B,lsin,CI-253,NOC N2,Monitoramento,SIM,NAO,Falha de Rede,Patch aplicado,8083.272398052778
INC100057,2025-01-06 08:52:00,2025-01-06 10:06:29.576791500,2025-01-06 12:16:29.576791500,2 - Alta,Rede,Sub B,lcem,CI-389,NOC N1,Monitoramento,SIM,NAO,Falha de Rede,Patch aplicado,4469.576791502916
INC100058,2025-01-06 09:29:00,2025-01-06 10:38:53.966942310,2025-01-06 13:05:53.966942310,3 - Média,Infraestrutura,Sub A,lhco,CI-186,NOC N2,Monitoramento,SIM,NAO,Falha de Rede,Patch aplicado,4193.966942308231
INC100059,2025-01-06 20:12:00,2025-01-06 21:52:38.301670326,2025-01-07 01:14:38.301670326,3 - Média,Infraestrutura,Sub A,lhvp,CI-67,NOC N1,Monitoramento,SIM,NAO,Erro de Configuração,Ajuste de configuração,6038.301670327357
INC100060,2025-01-06 20:22:00,2025-01-06 21:59:04.933537128,2025-01-07 01:04:04.933537128,3 - Média,Banco de Dados,Sub B,lsin,CI-378,Suporte N3,Monitoramento,SIM,NAO,Falha de Rede,Reinício de serviço,5824.933537130899
INC100061,2025-01-07 04:27:00,2025-01-07 05:12:43.119005004,2025-01-07 08:34:43.119005004,3 - Média,Banco de Dados,Sub A,lrev,CI-50,SRE,Monitoramento,SIM,NAO,Erro de Configuração,Reinício de serviço,2743.1190050027626
INC100062,2025-01-07 05:45:00,2025-01-07 08:59:18.258375996,2025-01-07 09:55:18.258375996,2 - Alta,Infraestrutura,Sub B,lrev,CI-113,NOC N2,Monitoramento,SIM,NAO,Falha de Rede,Reinício de serviço,11658.258375994512
INC100063,2025-01-07 08:47:00,2025-01-07 11:17:26.710006308,2025-01-07 14:54:26.710006308,4 - Baixa,Rede,Sub A,lcem,CI-53,SRE,Monitoramento,NAO,NAO,Falha de Aplicação,Reinício de serviço,9026.710006309288
INC100064,2025-01-07 10:24:00,2025-01-07 11:27:13.890467382,2025-01-07 13:14:13.890467382,3 - Média,Infraestrutura,Sub A,lcem,CI-362,NOC N2,Monitoramento,SIM,NAO,Manutenção Programada,Reinício de serviço,3793.890467381387
INC100065,2025-01-07 14:04:00,2025-01-07 16:00:28.837563114,2025-01-07 16:19:28.837563114,3 - Média,Banco de Dados,Sub B,lhco,CI-386,NOC N2,Manual,SIM,NAO,Erro de Configuração,Ajuste de configuração,6988.837563114529
INC100066,2025-01-07 17:57:00,2025-01-07 18:41:56.435419152,2025-01-07 18:44:56.435419152,2 - Alta,Aplicação,Sub A,lsin,CI-150,Suporte N3,Monitoramento,SIM,NAO,Falha de Aplicação,Patch aplicado,2696.435419152984
INC100067,2025-01-07 21:09:00,2025-01-07 22:32:27.562010892,2025-01-08 02:11:27.562010892,3 - Média,Rede,Sub B,lhco,CI-363,NOC N1,Monitoramento,SIM,NAO,Manutenção Programada,Reinício de serviço,5007.562010894366
INC100068,2025-01-07 22:36:00,2025-01-08 01:56:05.310523632,2025-01-08 05:14:05.310523632,2 - Alta,Infraestrutura,Sub B,lsin,CI-159,NOC N2,Monitoramento,SIM,NAO,Falha de Aplicação,Ajuste de configuração,12005.310523633954
INC100069,2025-01-07 22:40:00,2025-01-07 23:18:26.515687788,2025-01-08 00:31:26.515687788,3 - Média,Infraestrutura,Sub C,lsin,CI-292,NOC N2,Monitoramento,SIM,NAO,Erro de Configuração,Patch aplicado,2306.5156877888344
INC100070,2025-01-07 23:27:00,2025-01-08 01:19:12.978810354,2025-01-08 02:16:12.978810354,3 - Média,Aplicação,Sub A,lhco,CI-382,NOC N1,Monitoramento,SIM,NAO,Erro de Configuração,Ajuste de configuração,6732.978810353033
INC100071,2025-01-08 00:41:00,2025-01-08 01:44:31.503276642,2025-01-08 01:58:31.503276642,2 - Alta,Banco de Dados,Sub C,lcem,CI-394,NOC N1,Monitoramento,SIM,NAO,Falha de Rede,Reinício de serviço,3811.50327664194
INC100072,2025-01-08 08:25:00,2025-01-08 11:30:00.928492674,2025-01-08 13:22:00.928492674,4 - Baixa,Rede,Sub C,lsin,CI-254,NOC N1,Monitoramento,NAO,NAO,Falha de Rede,Ajuste de configuração,11100.928492677
INC100073,2025-01-08 10:05:00,2025-01-08 12:31:29.702571942,2025-01-08 14:30:29.702571942,3 - Média,Aplicação,Sub A,lsin,CI-36,SRE,Monitoramento,SIM,NAO,Manutenção Programada,Ajuste de configuração,8789.70257194376
INC100074,2025-01-08 11:02:00,2025-01-08 12:04:43.466014986,2025-01-08 15:58:43.466014986,2 - Alta,Aplicação,Sub A,lsin,CI-28,SRE,Monitoramento,SIM,NAO,Falha de Aplicação,Reinício de serviço,3763.4660149886668
INC100075,2025-01-08 13:22:00,2025-01-08 15:53:07.150237020,2025-01-08 19:30:07.150237020,2 - Alta,Rede,Sub B,lsin,CI-213,Suporte N3,Monitoramento,SIM,NAO,Erro de Configuração,Patch aplicado,9067.15023702115
INC100076,2025-01-08 13:58:00,2025-01-08 14:45:54.261943266,2025-01-08 15:40:54.261943266,4 - Baixa,Aplicação,Sub C,lhco,CI-279,NOC N2,Manual,NAO,NAO,Erro de Configuração,Patch aplicado,2874.2619432639312
INC100077,2025-01-08 15:33:00,2025-01-08 17:07:33.895138260,2025-01-08 18:04:33.895138260,2 - Alta,Infraestrutura,Sub A,lsin,CI-291,NOC N2,Monitoramento,SIM,NAO,Erro de Configuração,Patch aplicado,5673.895138260575
INC100078,2025-01-08 15:45:00,2025-01-08 15:55:12.909874842,2025-01-08 19:18:12.909874842,4 - Baixa,Aplicação,Sub A,lhco,CI-107,NOC N2,Manual,NAO,NAO,Falha de Rede,Patch aplicado,612.9098748445806
INC100079,2025-01-08 16:59:00,2025-01-08 18:21:40.674362124,2025-01-08 19:57:40.674362124,4 - Baixa,Infraestrutura,Sub A,lsin,CI-196,NOC N1,Monitoramento,NAO,NAO,Falha de Aplicação,Ajuste de configuração,4960.674362123973
INC100080,2025-01-08 17:31:00,2025-01-08 18:59:54.559788558,2025-01-08 22:27:54.559788558,2 - Alta,Aplicação,Sub A,lhco,CI-101,NOC N1,Monitoramento,SIM,NAO,Falha de Rede,Ajuste de configuração,5334.559788558212
INC100081,2025-01-08 21:58:00,2025-01-08 22:20:44.684122842,2025-01-09 00:21:44.684122842,3 - Média,Rede,Sub A,lhvp,CI-51,NOC N1,Manual,SIM,NAO,Erro de Configuração,Ajuste de configuração,1364.6841228423527
INC100082,2025-01-09 03:50:00,2025-01-09 04:52:26.148203520,2025-01-09 06:03:26.148203520,2 - Alta,Infraestrutura,Sub A,lsin,CI-124,Suporte N3,Monitoramento,SIM,NAO,Erro de Configuração,Patch aplicado,3746.1482035202894
INC100083,2025-01-09 04:38:00,2025-01-09 05:27:08.572213644,2025-01-09 06:05:08.572213644,3 - Média,Aplicação,Sub C,lsin,CI-60,Suporte N3,Monitoramento,SIM,NAO,Manutenção Programada,Patch aplicado,2948.5722136429886
INC100084,2025-01-09 05:32:00,2025-01-09 05:58:55.707297942,2025-01-09 09:47:55.707297942,2 - Alta,Aplicação,Sub C,lsin,CI-275,NOC N2,Monitoramento,SIM,NAO,Falha de Aplicação,Ajuste de configuração,1615.7072979440316
INC100085,2025-01-09 06:49:00,2025-01-09 06:54:47.124257592,2025-01-09 07:55:47.124257592,2 - Alta,Aplicação,Sub B,lcem,CI-225,NOC N1,Monitoramento,SIM,NAO,Falha de Aplicação,Reinício de serviço,347.12425759037893
INC100086,2025-01-09 09:07:00,2025-01-09 09:42:10.538681622,2025-01-09 12:37:10.538681622,2 - Alta,Infraestrutura,Sub C,lhco,CI-216,Suporte N3,Manual,SIM,NAO,Falha de Rede,Ajuste de configuração,2110.538681621246
INC100087,2025-01-09 10:17:00,2025-01-09 10:42:55.436072580,2025-01-09 13:05:55.436072580,4 - Baixa,Aplicação,Sub C,lhvp,CI-236,Suporte N3,Monitoramento,NAO,NAO,Erro de Configuração,Reinício de serviço,1555.4360725825434
INC100088,2025-01-09 15:20:00,2025-01-09 17:16:39.886202454,2025-01-09 20:58:39.886202454,3 - Média,Infraestrutura,Sub C,lsin,CI-192,Suporte N3,Manual,SIM,SIM,Falha de Aplicação,Patch aplicado,6999.886202452965
INC100089,2025-01-09 18:35:00,2025-01-09 20:00:41.432998644,2025-01-09 21:00:41.432998644,3 - Média,Infraestrutura,Sub C,lhco,CI-152,NOC N1,Monitoramento,SIM,NAO,Manutenção Programada,Reinício de serviço,5141.43299864504
INC100090,2025-01-09 19:38:00,2025-01-09 21:13:43.866638184,2025-01-09 23:55:43.866638184,3 - Média,Aplicação,Sub B,lhco,CI-275,Suporte N3,Monitoramento,SIM,NAO,Falha de Rede,Reinício de serviço,5743.866638185784
INC100091,2025-01-09 20:03:00,2025-01-09 20:48:38.104441122,2025-01-09 23:59:38.104441122,2 - Alta,Aplicação,Sub A,lrev,CI-96,SRE,Monitoramento,SIM,NAO,Erro de Configuração,Patch aplicado,2738.1044411199177
INC100092,2025-01-09 22:15:00,2025-01-09 23:25:49.327198068,2025-01-10 01:27:49.327198068,4 - Baixa,Rede,Sub C,lhco,CI-149,NOC N2,Monitoramento,NAO,NAO,Manutenção Programada,Ajuste de configuração,4249.327198065079
INC100093,2025-01-09 23:14:00,2025-01-10 02:04:17.692422510,2025-01-10 02:13:17.692422510,3 - Média,Banco de Dados,Sub B,lsin,CI-316,NOC N2,Monitoramento,SIM,NAO,Manutenção Programada,Ajuste de configuração,10217.692422508359
INC100094,2025-01-10 06:14:00,2025-01-10 06:22:04.992173496,2025-01-10 09:37:04.992173496,4 - Baixa,Infraestrutura,Sub C,lsin,CI-298,NOC N2,Monitoramento,NAO,NAO,Falha de Aplicação,Ajuste de configuração,484.9921734975601
INC100095,2025-01-10 07:17:00,2025-01-10 09:06:11.089005012,2025-01-10 12:42:11.089005012,4 - Baixa,Infraestrutura,Sub C,lhvp,CI-383,NOC N1,Monitoramento,NAO,NAO,Falha de Rede,Ajuste de configuração,6551.089005009956
INC100096,2025-01-10 07:51:00,2025-01-10 09:07:17.034258065,2025-01-10 11:57:17.034258065,4 - Baixa,Rede,Sub B,lrev,CI-308,SRE,Monitoramento,NAO,NAO,Falha de Rede,Patch aplicado,4577.034258063026
INC100097,2025-01-10 15:33:00,2025-01-10 16:16:39.768945150,2025-01-10 17:52:39.768945150,2 - Alta,Infraestrutura,Sub B,lhco,CI-336,SRE,Monitoramento,SIM,NAO,Manutenção Programada,Patch aplicado,2619.768945152313
INC100098,2025-01-10 17:21:00,2025-01-10 18:48:06.634842216,2025-01-10 21:46:06.634842216,3 - Média,Aplicação,Sub C,lsin,CI-394,SRE,Monitoramento,SIM,NAO,Falha de Aplicação,Patch aplicado,5226.634842214797
INC100099,2025-01-10 20:23:00,2025-01-10 22:25:33.245200266,2025-01-10 22:48:33.245200266,3 - Média,Infraestrutura,Sub A,lsin,CI-12,SRE,Manual,SIM,NAO,Falha de Aplicação,Ajuste de configuração,7353.245200263533
INC100100,2025-01-10 22:24:00,2025-01-10 23:40:46.270988484,2025-01-11 01:26:46.270988484,4 - Baixa,Rede,Sub C,lcem,CI-273,NOC N2,Monitoramento,NAO,NAO,Falha de Aplicação,Patch aplicado,4606.270988484509
INC100101,2025-01-11 04:17:00,2025-01-11 05:10:51.319213062,2025-01-11 07:21:51.319213062,2 - Alta,Rede,Sub B,lsin,CI-385,Suporte N3,Monitoramento,SIM,NAO,Manutenção Programada,Ajuste de configuração,3231.319213061094
INC100102,2025-01-11 04:20:00,2025-01-11 05:36:18.648808998,2025-01-11 07:12:18.648808998,3 - Média,Rede,Sub A,lrev,CI-65,SRE,Monitoramento,SIM,NAO,Erro de Configuração,Patch aplicado,4578.648809000206
INC100103,2025-01-11 07:03:00,2025-01-11 10:05:27.891816102,2025-01-11 11:58:27.891816102,2 - Alta,Banco de Dados,Sub C,lsin,CI-364,SRE,Monitoramento,SIM,NAO,Erro de Configuração,Ajuste de configuração,10947.891816102898
INC100104,2025-01-11 08:09:00,2025-01-11 09:16:06.219822264,2025-01-11 10:03:06.219822264,2 - Alta,Banco de Dados,Sub C,lsin,CI-341,NOC N1,Monitoramento,SIM,NAO,Falha de Rede,Ajuste de configuração,4026.2198222644643
INC100105,2025-01-11 08:33:00,2025-01-11 08:54:15.904953498,2025-01-11 10:48:15.904953498,2 - Alta,Infraestrutura,Sub A,lsin,CI-153,SRE,Monitoramento,SIM,NAO,Manutenção Programada,Patch aplicado,1275.9049534990718
INC100106,2025-01-11 08:40:00,2025-01-11 09:38:19.777926558,2025-01-11 11:00:19.777926558,3 - Média,Rede,Sub A,lhvp,CI-68,SRE,Monitoramento,SIM,NAO,Manutenção Programada,Patch aplicado,3499.7779265592744
INC100107,2025-01-11 13:06:00,2025-01-11 13:36:54.066669828,2025-01-11 15:19:54.066669828,2 - Alta,Banco de Dados,Sub A,lhco,CI-249,NOC N1,Monitoramento,SIM,NAO,Falha de Aplicação,Patch aplicado,1854.0666698303824
INC100108,2025-01-11 16:42:00,2025-01-11 17:03:20.675159214,2025-01-11 19:14:20.675159214,2 - Alta,Banco de Dados,Sub B,lhco,CI-355,NOC N1,Manual,SIM,NAO,Manutenção Programada,Patch aplicado,1280.6751592138535
INC100109,2025-01-11 19:08:00,2025-01-11 20:40:26.473236186,2025-01-11 22:37:26.473236186,4 - Baixa,Aplicação,Sub A,lsin,CI-384,NOC N1,Monitoramento,NAO,NAO,Falha de Rede,Patch aplicado,5546.473236188257
INC100110,2025-01-11 19:22:00,2025-01-11 22:21:05.484371790,2025-01-11 22:40:05.484371790,4 - Baixa,Aplicação,Sub A,lhvp,CI-287,NOC N2,Monitoramento,NAO,NAO,Manutenção Programada,Ajuste de configuração,10745.48437178904
INC100111,2025-01-11 21:41:00,2025-01-11 23:15:49.130431236,2025-01-12 01:02:49.130431236,4 - Baixa,Infraestrutura,Sub C,lsin,CI-51,SRE,Manual,NAO,NAO,Manutenção Programada,Reinício de serviço,5689.130431233251
INC100112,2025-01-11 22:58:00,2025-01-12 00:17:33.166645176,2025-01-12 01:00:33.166645176,3 - Média,Aplicação,Sub C,lhco,CI-18,NOC N2,Monitoramento,SIM,NAO,Manutenção Programada,Patch aplicado,4773.16664517459
INC100113,2025-01-12 02:26:00,2025-01-12 02:53:57.000637074,2025-01-12 06:29:57.000637074,4 - Baixa,Aplicação,Sub B,lhco,CI-123,NOC N1,Monitoramento,NAO,NAO,Manutenção Programada,Ajuste de configuração,1677.0006370740527
INC100114,2025-01-12 10:36:00,2025-01-12 11:17:44.661131994,2025-01-12 12:22:44.661131994,4 - Baixa,Aplicação,Sub A,lsin,CI-148,NOC N2,Monitoramento,NAO,NAO,Manutenção Programada,Patch aplicado,2504.6611319928134
INC100115,2025-01-12 11:37:00,2025-01-12 13:54:08.068339014,2025-01-12 14:35:08.068339014,3 - Média,Aplicação,Sub C,lrev,CI-222,SRE,Monitoramento,SIM,NAO,Falha de Aplicação,Reinício de serviço,8228.068339016727
INC100116,2025-01-12 12:21:00,2025-01-12 13:08:58.135497168,2025-01-12 14:27:58.135497168,3 - Média,Aplicação,Sub A,lcem,CI-384,NOC N2,Manual,SIM,NAO,Falha de Aplicação,Ajuste de configuração,2878.1354971659216
INC100117,2025-01-12 17:18:00,2025-01-12 18:06:15.231104448,2025-01-12 21:25:15.231104448,3 - Média,Rede,Sub B,lsin,CI-366,SRE,Monitoramento,SIM,NAO,Falha de Aplicação,Patch aplicado,2895.231104446976
INC100118,2025-01-12 19:28:00,2025-01-12 20:53:56.885793876,2025-01-13 00:33:56.885793876,2 - Alta,Aplicação,Sub B,lsin,CI-295,NOC N2,Manual,SIM,NAO,Erro de Configuração,Ajuste de configuração,5156.885793874223
INC100119,2025-01-12 21:10:00,2025-01-12 22:46:48.450905892,2025-01-13 01:01:48.450905892,3 - Média,Rede,Sub A,lsin,CI-86,SRE,Monitoramento,SIM,NAO,Falha de Aplicação,Reinício de serviço,5808.4509058947715
INC100120,2025-01-12 22:32:00,2025-01-12 23:10:17.459385684,2025-01-12 23:56:17.459385684,4 - Baixa,Infraestrutura,Sub B,lcem,CI-340,NOC N2,Monitoramento,NAO,NAO,Falha de Aplicação,Reinício de serviço,2297.4593856860233
INC100121,2025-01-12 22:40:00,2025-01-12 23:51:15.674014458,2025-01-13 03:06:15.674014458,3 - Média,Infraestrutura,Sub B,lrev,CI-165,SRE,Monitoramento,SIM,NAO,Falha de Rede,Patch aplicado,4275.674014459496
INC100122,2025-01-12 23:43:00,2025-01-12 23:52:53.020753182,2025-01-13 02:11:53.020753182,3 - Média,Rede,Sub B,lhco,CI-211,Suporte N3,Monitoramento,SIM,NAO,Erro de Configuração,Patch aplicado,593.0207531815254
INC100123,2025-01-13 02:27:00,2025-01-13 04:56:17.105513880,2025-01-13 07:01:17.105513880,3 - Média,Infraestrutura,Sub C,lhco,CI-283,SRE,Manual,SIM,NAO,Falha de Rede,Ajuste de configuração,8957.10551388037
INC100124,2025-01-13 02:47:00,2025-01-13 03:25:53.357572632,2025-01-13 03:33:53.357572632,3 - Média,Banco de Dados,Sub A,lsin,CI-196,Suporte N3,Monitoramento,SIM,NAO,Erro de Configuração,Ajuste de configuração,2333.3575726295776
INC100125,2025-01-13 09:52:00,2025-01-13 12:01:24.232682400,2025-01-13 13:34:24.232682400,3 - Média,Aplicação,Sub C,lsin,CI-279,Suporte N3,Monitoramento,SIM,NAO,Falha de Aplicação,Reinício de serviço,7764.232682400588
INC100126,2025-01-13 16:48:00,2025-01-13 18:24:46.527576168,2025-01-13 19:48:46.527576168,2 - Alta,Infraestrutura,Sub C,lsin,CI-200,NOC N2,Monitoramento,SIM,NAO,Erro de Configuração,Reinício de serviço,5806.527576166303
INC100127,2025-01-13 20:00:00,2025-01-13 20:16:22.102891806,2025-01-13 21:11:22.102891806,2 - Alta,Aplicação,Sub B,lsin,CI-341,Suporte N3,Monitoramento,SIM,NAO,Erro de Configuração,Ajuste de configuração,982.1028918076128
INC100128,2025-01-14 00:13:00,2025-01-14 00:59:26.829526248,2025-01-14 01:18:26.829526248,4 - Baixa,Banco de Dados,Sub C,lcem,CI-225,SRE,Manual,NAO,NAO,Erro de Configuração,Patch aplicado,2786.8295262451593
INC100129,2025-01-14 03:08:00,2025-01-14 04:07:14.575648164,2025-01-14 07:15:14.575648164,3 - Média,Banco de Dados,Sub B,lhvp,CI-286,NOC N1,Monitoramento,SIM,NAO,Falha de Rede,Ajuste de configuração,3554.5756481611406
INC100130,2025-01-14 04:41:00,2025-01-14 06:45:14.823493272,2025-01-14 08:23:14.823493272,4 - Baixa,Aplicação,Sub B,lsin,CI-95,Suporte N3,Manual,NAO,NAO,Falha de Rede,Ajuste de configuração,7454.8234932707155
INC100131,2025-01-14 07:58:00,2025-01-14 09:38:47.517327240,2025-01-14 13:12:47.517327240,2 - Alta,Banco de Dados,Sub B,lhvp,CI-352,NOC N1,Monitoramento,SIM,NAO,Erro de Configuração,Patch aplicado,6047.517327238573
INC100132,2025-01-14 09:59:00,2025-01-14 10:37:15.839083086,2025-01-14 10:51:15.839083086,3 - Média,Rede,Sub B,lhco,CI-85,NOC N2,Monitoramento,SIM,NAO,Falha de Rede,Reinício de serviço,2295.8390830850544
INC100133,2025-01-14 13:31:00,2025-01-14 13:50:23.601257904,2025-01-14 14:23:23.601257904,4 - Baixa,Aplicação,Sub A,lrev,CI-230,SRE,Manual,NAO,NAO,Erro de Configuração,Ajuste de configuração,1163.6012579039852
INC100134,2025-01-14 15:03:00,2025-01-14 17:15:45.793285734,2025-01-14 20:38:45.793285734,4 - Baixa,Rede,Sub A,lsin,CI-365,Suporte N3,Manual,NAO,NAO,Falha de Aplicação,Patch aplicado,7965.793285733211
INC100135,2025-01-15 02:38:00,2025-01-15 06:26:44.611691904,2025-01-15 07:57:44.611691904,4 - Baixa,Aplicação,Sub B,lhvp,CI-148,SRE,Manual,NAO,NAO,Falha de Aplicação,Patch aplicado,13724.611691905615
INC100136,2025-01-15 02:53:00,2025-01-15 03:52:34.377439992,2025-01-15 04:25:34.377439992,3 - Média,Aplicação,Sub C,lhco,CI-375,SRE,Monitoramento,SIM,NAO,Erro de Configuração,Reinício de serviço,3574.3774399946374
INC100137,2025-01-15 03:38:00,2025-01-15 04:29:20.238121812,2025-01-15 06:59:20.238121812,4 - Baixa,Infraestrutura,Sub B,lcem,CI-12,SRE,Monitoramento,NAO,NAO,Erro de Configuração,Reinício de serviço,3080.2381218127116
INC100138,2025-01-15 04:24:00,2025-01-15 05:21:39.653052138,2025-01-15 08:14:39.653052138,3 - Média,Banco de Dados,Sub C,lhco,CI-177,NOC N2,Manual,SIM,NAO,Falha de Aplicação,Ajuste de configuração,3459.653052138461
INC100139,2025-01-15 07:16:00,2025-01-15 07:57:01.922397696,2025-01-15 09:21:01.922397696,3 - Média,Rede,Sub B,lsin,CI-235,NOC N2,Monitoramento,SIM,NAO,Falha de Rede,Ajuste de configuração,2461.922397697037
INC100140,2025-01-15 08:07:00,2025-01-15 11:35:42.744276246,2025-01-15 12:19:42.744276246,3 - Média,Rede,Sub C,lhvp,CI-171,NOC N1,Monitoramento,SIM,NAO,Erro de Configuração,Reinício de serviço,12522.744276246107
INC100141,2025-01-15 10:53:00,2025-01-15 11:38:54.068111994,2025-01-15 14:09:54.068111994,2 - Alta,Aplicação,Sub C,lsin,CI-394,NOC N2,Manual,SIM,NAO,Falha de Rede,Patch aplicado,2754.0681119915307
INC100142,2025-01-15 12:09:00,2025-01-15 12:43:07.378224360,2025-01-15 14:01:07.378224360,4 - Baixa,Rede,Sub B,lsin,CI-351,NOC N1,Monitoramento,NAO,NAO,Falha de Aplicação,Reinício de serviço,2047.3782243614444
INC100143,2025-01-15 13:21:00,2025-01-15 15:47:40.104633522,2025-01-15 17:45:40.104633522,2 - Alta,Infraestrutura,Sub B,lsin,CI-281,Suporte N3,Monitoramento,SIM,NAO,Manutenção Programada,Reinício de serviço,8800.104633520146
INC100144,2025-01-15 15:59:00,2025-01-15 16:18:27.600995184,2025-01-15 20:08:27.600995184,3 - Média,Banco de Dados,Sub B,lhco,CI-272,Suporte N3,Manual,SIM,NAO,Falha de Rede,Patch aplicado,1167.6009951824005
INC100145,2025-01-15 16:01:00,2025-01-15 16:54:40.102158984,2025-01-15 18:52:40.102158984,3 - Média,Rede,Sub C,lcem,CI-101,Suporte N3,Manual,SIM,NAO,Falha de Rede,Reinício de serviço,3220.102158984812
INC100146,2025-01-15 21:42:00,2025-01-15 22:21:14.478434184,2025-01-16 00:01:14.478434184,3 - Média,Aplicação,Sub B,lsin,CI-277,NOC N1,Manual,SIM,NAO,Falha de Aplicação,Patch aplicado,2354.478434185253
INC100147,2025-01-15 21:56:00,2025-01-15 23:30:30.031889004,2025-01-16 02:51:30.031889004,4 - Baixa,Aplicação,Sub C,lsin,CI-161,SRE,Monitoramento,NAO,NAO,Falha de Rede,Reinício de serviço,5670.031889006432
INC100148,2025-01-15 22:12:00,2025-01-15 22:46:47.676034710,2025-01-15 22:57:47.676034710,3 - Média,Rede,Sub C,lhco,CI-26,NOC N1,Monitoramento,SIM,NAO,Falha de Rede,Ajuste de configuração,2087.6760347108693
INC100149,2025-01-15 22:34:00,2025-01-15 23:20:58.421152578,2025-01-16 02:31:58.421152578,3 - Média,Infraestrutura,Sub B,lcem,CI-197,NOC N1,Monitoramento,SIM,NAO,Manutenção Programada,Reinício de serviço,2818.421152577381
INC100150,2025-01-16 03:35:00,2025-01-16 03:48:48.298647276,2025-01-16 06:07:48.298647276,3 - Média,Rede,Sub B,lcem,CI-347,SRE,Manual,SIM,NAO,Falha de Rede,Patch aplicado,828.2986472734602
INC100151,2025-01-16 06:14:00,2025-01-16 07:59:36.420172692,2025-01-16 11:44:36.420172692,4 - Baixa,Aplicação,Sub A,lhco,CI-218,NOC N2,Monitoramento,NAO,NAO,Falha de Aplicação,Reinício de serviço,6336.42017269399
INC100152,2025-01-16 08:38:00,2025-01-16 10:08:31.243620858,2025-01-16 13:26:31.243620858,4 - Baixa,Banco de Dados,Sub B,lhco,CI-262,NOC N2,Monitoramento,NAO,NAO,Falha de Aplicação,Patch aplicado,5431.243620860886
INC100153,2025-01-16 08:38:00,2025-01-16 09:58:20.716715364,2025-01-16 13:25:20.716715364,4 - Baixa,Rede,Sub B,lsin,CI-285,NOC N2,Monitoramento,NAO,NAO,Falha de Aplicação,Patch aplicado,4820.716715366672
INC100154,2025-01-16 08:54:00,2025-01-16 09:55:54.341543310,2025-01-16 13:07:54.341543310,3 - Média,Rede,Sub C,lsin,CI-107,NOC N2,Monitoramento,SIM,NAO,Falha de Aplicação,Reinício de serviço,3714.3415433116847
INC100155,2025-01-16 10:31:00,2025-01-16 11:40:32.149989305,2025-01-16 13:07:32.149989305,3 - Média,Banco de Dados,Sub A,lsin,CI-98,NOC N2,Monitoramento,SIM,NAO,Falha de Rede,Ajuste de configuração,4172.149989308896
INC100156,2025-01-16 11:06:00,2025-01-16 13:08:04.150191000,2025-01-16 14:41:04.150191000,4 - Baixa,Banco de Dados,Sub C,lhco,CI-150,SRE,Monitoramento,NAO,NAO,Falha de Rede,Reinício de serviço,7324.150191002175
INC100157,2025-01-16 11:34:00,2025-01-16 13:01:37.222578408,2025-01-16 15:54:37.222578408,4 - Baixa,Banco de Dados,Sub C,lcem,CI-203,SRE,Monitoramento,NAO,NAO,Erro de Configuração,Patch aplicado,5257.222578405128
INC100158,2025-01-16 16:50:00,2025-01-16 18:52:17.024184840,2025-01-16 22:18:17.024184840,3 - Média,Aplicação,Sub C,lhco,CI-190,SRE,Monitoramento,SIM,NAO,Manutenção Programada,Reinício de serviço,7337.024184842404
INC100159,2025-01-16 18:05:00,2025-01-16 19:12:58.296165222,2025-01-16 21:56:58.296165222,3 - Média,Banco de Dados,Sub C,lcem,CI-234,Suporte N3,Monitoramento,SIM,NAO,Erro de Configuração,Patch aplicado,4078.296165222244
INC100160,2025-01-16 20:36:00,2025-01-16 21:14:25.266106200,2025-01-16 22:09:25.266106200,2 - Alta,Aplicação,Sub C,lcem,CI-163,NOC N2,Monitoramento,SIM,NAO,Manutenção Programada,Reinício de serviço,2305.266106198352
INC100161,2025-01-17 00:32:00,2025-01-17 03:17:28.836382326,2025-01-17 06:01:28.836382326,2 - Alta,Banco de Dados,Sub A,lhvp,CI-92,SRE,Monitoramento,SIM,NAO,Falha de Rede,Ajuste de configuração,9928.836382323007
INC100162,2025-01-17 09:03:00,2025-01-17 09:38:19.460409222,2025-01-17 12:55:19.460409222,4 - Baixa,Banco de Dados,Sub C,lsin,CI-234,Suporte N3,Monitoramento,NAO,NAO,Manutenção Programada,Ajuste de configuração,2119.4604092208906
INC100163,2025-01-17 09:11:00,2025-01-17 09:23:45.768057972,2025-01-17 13:21:45.768057972,4 - Baixa,Banco de Dados,Sub A,lsin,CI-29,NOC N2,Monitoramento,NAO,NAO,Falha de Aplicação,Reinício de serviço,765.7680579710286
INC100164,2025-01-17 09:57:00,2025-01-17 10:15:05.406418530,2025-01-17 13:20:05.406418530,4 - Baixa,Infraestrutura,Sub A,lhvp,CI-18,Suporte N3,Monitoramento,NAO,NAO,Erro de Configuração,Reinício de serviço,1085.4064185297
INC100165,2025-01-17 10:15:00,2025-01-17 11:17:27.909920910,2025-01-17 11:23:27.909920910,4 - Baixa,Banco de Dados,Sub B,lrev,CI-75,NOC N2,Monitoramento,NAO,NAO,Falha de Aplicação,Patch aplicado,3747.9099209095157
INC100166,2025-01-17 12:52:00,2025-01-17 15:18:11.850885792,2025-01-17 16:42:11.850885792,2 - Alta,Rede,Sub B,lhco,CI-212,SRE,Monitoramento,SIM,NAO,Falha de Aplicação,Reinício de serviço,8771.850885791257
INC100167,2025-01-17 13:22:00,2025-01-17 15:08:04.290457062,2025-01-17 18:08:04.290457062,3 - Média,Infraestrutura,Sub C,lcem,CI-286,SRE,Monitoramento,SIM,NAO,Falha de Rede,Reinício de serviço,6364.290457062853
INC100168,2025-01-17 13:49:00,2025-01-17 16:02:08.454991506,2025-01-17 16:05:08.454991506,3 - Média,Banco de Dados,Sub A,lcem,CI-18,NOC N2,Monitoramento,SIM,NAO,Falha de Aplicação,Patch aplicado,7988.454991503988
INC100169,2025-01-17 14:04:00,2025-01-17 17:06:44.572081980,2025-01-17 20:58:44.572081980,3 - Média,Infraestrutura,Sub C,lcem,CI-164,Suporte N3,Monitoramento,SIM,NAO,Erro de Configuração,Reinício de serviço,10964.572081977714
INC100170,2025-01-17 14:09:00,2025-01-17 15:11:40.770546078,2025-01-17 17:06:40.770546078,3 - Média,Banco de Dados,Sub C,lhvp,CI-147,SRE,Monitoramento,SIM,NAO,Falha de Rede,Patch aplicado,3760.770546080658
INC100171,2025-01-17 14:56:00,2025-01-17 15:33:07.865683151,2025-01-17 18:43:07.865683151,3 - Média,Banco de Dados,Sub A,lcem,CI-18,NOC N2,Monitoramento,SIM,NAO,Erro de Configuração,Patch aplicado,2227.8656831542876
INC100172,2025-01-17 17:31:00,2025-01-17 19:33:06.280500342,2025-01-17 22:36:06.280500342,4 - Baixa,Infraestrutura,Sub C,lcem,CI-261,NOC N2,Manual,NAO,NAO,Falha de Aplicação,Patch aplicado,7326.280500342237
INC100173,2025-01-17 21:44:00,2025-01-18 01:50:03.975839382,2025-01-18 03:50:03.975839382,4 - Baixa,Aplicação,Sub A,lhco,CI-252,NOC N2,Monitoramento,NAO,NAO,Falha de Rede,Reinício de serviço,14763.975839379596
INC100174,2025-01-18 01:18:00,2025-01-18 04:55:45.196235088,2025-01-18 05:40:45.196235088,3 - Média,Rede,Sub B,lhvp,CI-251,NOC N2,Monitoramento,SIM,NAO,Falha de Rede,Ajuste de configuração,13065.19623509053
INC100175,2025-01-18 01:26:00,2025-01-18 02:08:40.588512828,2025-01-18 03:54:40.588512828,2 - Alta,Banco de Dados,Sub C,lcem,CI-165,Suporte N3,Manual,SIM,NAO,Manutenção Programada,Patch aplicado,2560.5885128252785
INC100176,2025-01-18 02:26:00,2025-01-18 03:19:11.909726514,2025-01-18 06:17:11.909726514,4 - Baixa,Aplicação,Sub B,lhco,CI-193,SRE,Monitoramento,NAO,NAO,Falha de Rede,Reinício de serviço,3191.909726512294
INC100177,2025-01-18 03:09:00,2025-01-18 08:22:11.267033130,2025-01-18 11:01:11.267033130,3 - Média,Infraestrutura,Sub A,lrev,CI-128,Suporte N3,Monitoramento,SIM,NAO,Falha de Rede,Patch aplicado,18791.2670331325
INC100178,2025-01-18 06:24:00,2025-01-18 11:23:44.637794466,2025-01-18 13:58:44.637794466,3 - Média,Aplicação,Sub C,lhvp,CI-231,NOC N1,Monitoramento,SIM,NAO,Manutenção Programada,Patch aplicado,17984.63779446789
INC100179,2025-01-18 08:50:00,2025-01-18 09:52:02.737325988,2025-01-18 12:32:02.737325988,2 - Alta,Banco de Dados,Sub C,lrev,CI-118,NOC N2,Monitoramento,SIM,NAO,Erro de Configuração,Patch aplicado,3722.7373259866604
INC100180,2025-01-18 16:44:00,2025-01-18 18:21:37.900960596,2025-01-18 18:41:37.900960596,2 - Alta,Banco de Dados,Sub C,lcem,CI-361,NOC N2,Monitoramento,SIM,NAO,Falha de Rede,Patch aplicado,5857.90096059499
INC100181,2025-01-18 16:47:00,2025-01-18 17:47:20.708751072,2025-01-18 17:58:20.708751072,4 - Baixa,Rede,Sub A,lrev,CI-57,NOC N1,Monitoramento,NAO,NAO,Manutenção Programada,Ajuste de configuração,3620.7087510696815
INC100182,2025-01-18 16:50:00,2025-01-18 16:57:59.030472570,2025-01-18 19:42:59.030472570,4 - Baixa,Aplicação,Sub C,lsin,CI-228,SRE,Monitoramento,NAO,NAO,Falha de Aplicação,Patch aplicado,479.03047257042556
INC100183,2025-01-18 17:06:00,2025-01-18 18:01:00.594419166,2025-01-18 19:44:00.594419166,3 - Média,Banco de Dados,Sub A,lcem,CI-343,NOC N2,Monitoramento,SIM,NAO,Falha de Aplicação,Reinício de serviço,3300.5944191630233
INC100184,2025-01-18 17:20:00,2025-01-18 18:47:31.788245946,2025-01-18 18:54:31.788245946,3 - Média,Infraestrutura,Sub C,lsin,CI-301,NOC N2,Monitoramento,SIM,NAO,Falha de Rede,Reinício de serviço,5251.788245947144
INC100185,2025-01-18 18:06:00,2025-01-18 18:29:55.084525482,2025-01-18 19:52:55.084525482,2 - Alta,Infraestrutura,Sub C,lhvp,CI-251,Suporte N3,Monitoramento,SIM,NAO,Erro de Configuração,Reinício de serviço,1435.0845254825117
INC100186,2025-01-18 18:06:00,2025-01-18 19:37:53.075552202,2025-01-18 20:18:53.075552202,2 - Alta,Aplicação,Sub B,lsin,CI-24,SRE,Manual,SIM,NAO,Falha de Aplicação,Patch aplicado,5513.075552204981
INC100187,2025-01-18 19:55:00,2025-01-18 20:12:29.081707968,2025-01-18 23:31:29.081707968,3 - Média,Infraestrutura,Sub A,lsin,CI-38,NOC N2,Monitoramento,SIM,NAO,Falha de Aplicação,Reinício de serviço,1049.0817079686383
INC100188,2025-01-18 20:29:00,2025-01-18 23:30:52.163894118,2025-01-19 00:06:52.163894118,2 - Alta,Infraestrutura,Sub C,lrev,CI-122,Suporte N3,Monitoramento,SIM,NAO,Manutenção Programada,Patch aplicado,10912.163894115705
INC100189,2025-01-18 21:55:00,2025-01-18 22:32:22.081884882,2025-01-18 22:38:22.081884882,4 - Baixa,Rede,Sub C,lhco,CI-270,NOC N1,Monitoramento,NAO,NAO,Manutenção Programada,Patch aplicado,2242.0818848799126
INC100190,2025-01-18 22:24:00,2025-01-18 23:58:16.621145310,2025-01-19 00:02:16.621145310,3 - Média,Banco de Dados,Sub C,lsin,CI-116,NOC N1,Monitoramento,SIM,NAO,Falha de Rede,Ajuste de configuração,5656.621145310565
INC100191,2025-01-18 23:52:00,2025-01-19 00:27:10.943413440,2025-01-19 01:10:10.943413440,2 - Alta,Banco de Dados,Sub A,lhco,CI-338,NOC N2,Monitoramento,SIM,NAO,Falha de Aplicação,Reinício de serviço,2110.94341343819
INC100192,2025-01-19 02:04:00,2025-01-19 02:17:11.001484116,2025-01-19 03:40:11.001484116,3 - Média,Infraestrutura,Sub C,lhco,CI-270,NOC N1,Monitoramento,SIM,NAO,Falha de Aplicação,Ajuste de configuração,791.0014841169227
INC100193,2025-01-19 02:44:00,2025-01-19 02:59:36.461116752,2025-01-19 02:59:36.461116752,3 - Média,Aplicação,Sub C,lcem,CI-59,SRE,Manual,SIM,NAO,Falha de Aplicação,Ajuste de configuração,936.4611167510623
INC100194,2025-01-19 03:27:00,2025-01-19 04:05:47.618345688,2025-01-19 06:49:47.618345688,3 - Média,Rede,Sub A,lhco,CI-304,Suporte N3,Monitoramento,SIM,NAO,Manutenção Programada,Reinício de serviço,2327.618345689067
INC100195,2025-01-19 03:47:00,2025-01-19 04:38:51.124346034,2025-01-19 05:37:51.124346034,3 - Média,Infraestrutura,Sub C,lcem,CI-213,SRE,Monitoramento,SIM,NAO,Falha de Rede,Patch aplicado,3111.124346031637
INC100196,2025-01-19 04:36:00,2025-01-19 05:47:34.512703392,2025-01-19 07:34:34.512703392,2 - Alta,Aplicação,Sub B,lrev,CI-380,NOC N2,Monitoramento,SIM,NAO,Erro de Configuração,Ajuste de configuração,4294.512703392005
INC100197,2025-01-19 07:11:00,2025-01-19 08:44:44.907029220,2025-01-19 12:29:44.907029220,2 - Alta,Infraestrutura,Sub C,lsin,CI-77,NOC N2,Monitoramento,SIM,NAO,Manutenção Programada,Reinício de serviço,5624.907029220957
INC100198,2025-01-19 08:36:00,2025-01-19 10:27:54.079809312,2025-01-19 10:27:54.079809312,2 - Alta,Infraestrutura,Sub A,lsin,CI-29,NOC N1,Monitoramento,SIM,NAO,Erro de Configuração,Ajuste de configuração,6714.07980931463
INC100199,2025-01-19 10:12:00,2025-01-19 12:24:01.179172116,2025-01-19 14:00:01.179172116,3 - Média,Rede,Sub A,lsin,CI-373,NOC N1,Monitoramento,SIM,NAO,Manutenção Programada,Patch aplicado,7921.179172117676
INC100200,2025-01-19 14:21:00,2025-01-19 16:46:13.725832938,2025-01-19 19:43:13.725832938,3 - Média,Banco de Dados,Sub B,lsin,CI-299,SRE,Monitoramento,SIM,NAO,Falha de Rede,Ajuste de configuração,8713.725832935885
INC100201,2025-01-19 14:59:00,2025-01-19 14:59:53.072755788,2025-01-19 17:30:53.072755788,2 - Alta,Aplicação,Sub C,lcem,CI-298,Suporte N3,Monitoramento,SIM,NAO,Erro de Configuração,Ajuste de configuração,53.072755786815314
INC100202,2025-01-19 16:44:00,2025-01-19 17:46:02.592370296,2025-01-19 18:53:02.592370296,2 - Alta,Aplicação,Sub A,lsin,CI-29,SRE,Monitoramento,SIM,NAO,Erro de Configuração,Ajuste de configuração,3722.5923702954606
INC100203,2025-01-19 18:14:00,2025-01-19 20:59:10.905694248,2025-01-19 21:26:10.905694248,2 - Alta,Banco de Dados,Sub C,lhco,CI-109,NOC N2,Manual,SIM,NAO,Erro de Configuração,Patch aplicado,9910.905694250068
INC100204,2025-01-19 18:30:00,2025-01-19 19:14:48.971558148,2025-01-19 20:28:48.971558148,3 - Média,Aplicação,Sub A,lcem,CI-125,NOC N1,Monitoramento,SIM,NAO,Erro de Configuração,Ajuste de configuração,2688.9715581485348
INC100205,2025-01-19 19:27:00,2025-01-19 20:17:13.155759558,2025-01-19 22:09:13.155759558,4 - Baixa,Rede,Sub B,lhco,CI-88,SRE,Manual,NAO,NAO,Falha de Rede,Ajuste de configuração,3013.155759557202
INC100206,2025-01-19 19:40:00,2025-01-19 21:39:33.390496949,2025-01-20 01:35:33.390496949,4 - Baixa,Aplicação,Sub A,lcem,CI-77,Suporte N3,Monitoramento,NAO,NAO,Falha de Rede,Patch aplicado,7173.390496951053
INC100207,2025-01-19 21:56:00,2025-01-19 22:32:54.051790536,2025-01-19 22:46:54.051790536,3 - Média,Aplicação,Sub B,lrev,CI-26,SRE,Monitoramento,SIM,NAO,Erro de Configuração,Ajuste de configuração,2214.0517905384813
INC100208,2025-01-19 23:54:00,2025-01-20 00:55:56.398659600,2025-01-20 03:24:56.398659600,4 - Baixa,Aplicação,Sub B,lhco,CI-342,Suporte N3,Monitoramento,NAO,NAO,Manutenção Programada,Ajuste de configuração,3716.398659601755
INC100209,2025-01-20 01:51:00,2025-01-20 03:50:00.076891860,2025-01-20 04:19:00.076891860,4 - Baixa,Banco de Dados,Sub A,lsin,CI-19,NOC N2,Monitoramento,NAO,NAO,Falha de Aplicação,Reinício de serviço,7140.076891858056
INC100210,2025-01-20 03:11:00,2025-01-20 04:59:27.133599576,2025-01-20 06:28:27.133599576,4 - Baixa,Infraestrutura,Sub A,lhvp,CI-316,NOC N1,Manual,NAO,NAO,Manutenção Programada,Ajuste de configuração,6507.133599577442
INC100211,2025-01-20 05:32:00,2025-01-20 11:01:06.408007344,2025-01-20 13:23:06.408007344,3 - Média,Rede,Sub B,lrev,CI-364,Suporte N3,Manual,SIM,NAO,Erro de Configuração,Reinício de serviço,19746.408007342554
INC100212,2025-01-20 08:52:00,2025-01-20 09:32:24.555520164,2025-01-20 13:05:24.555520164,3 - Média,Banco de Dados,Sub C,lsin,CI-284,SRE,Monitoramento,SIM,NAO,Falha de Rede,Ajuste de configuração,2424.5555201663674
INC100213,2025-01-20 10:40:00,2025-01-20 11:15:29.444106906,2025-01-20 14:27:29.444106906,4 - Baixa,Banco de Dados,Sub B,lsin,CI-362,NOC N1,Manual,NAO,NAO,Erro de Configuração,Ajuste de configuração,2129.444106908871
INC100214,2025-01-20 13:28:00,2025-01-20 14:20:01.470874098,2025-01-20 16:30:01.470874098,2 - Alta,Aplicação,Sub B,lhvp,CI-111,NOC N1,Manual,SIM,SIM,Erro de Configuração,Reinício de serviço,3121.470874097226
INC100215,2025-01-20 17:48:00,2025-01-20 18:48:02.502545442,2025-01-20 19:44:02.502545442,3 - Média,Infraestrutura,Sub B,lhco,CI-355,Suporte N3,Monitoramento,SIM,NAO,Falha de Aplicação,Ajuste de configuração,3602.5025454404113
INC100216,2025-01-20 19:20:00,2025-01-20 22:14:45.395085900,2025-01-21 01:19:45.395085900,4 - Baixa,Infraestrutura,Sub C,lsin,CI-2,NOC N1,Monitoramento,NAO,NAO,Falha de Aplicação,Reinício de serviço,10485.395085900494
INC100217,2025-01-20 19:58:00,2025-01-20 21:00:44.478850926,2025-01-21 00:14:44.478850926,4 - Baixa,Infraestrutura,Sub C,lsin,CI-215,NOC N2,Monitoramento,NAO,NAO,Falha de Aplicação,Ajuste de configuração,3764.478850925257
INC100218,2025-01-20 22:32:00,2025-01-20 23:29:54.672246558,2025-01-21 03:26:54.672246558,3 - Média,Banco de Dados,Sub C,lrev,CI-164,NOC N1,Monitoramento,SIM,NAO,Falha de Rede,Ajuste de configuração,3474.6722465565126
INC100219,2025-01-20 22:36:00,2025-01-21 00:20:02.681713788,2025-01-21 03:58:02.681713788,2 - Alta,Rede,Sub C,lhvp,CI-24,NOC N2,Monitoramento,SIM,NAO,Falha de Rede,Patch aplicado,6242.681713788607
INC100220,2025-01-21 06:33:00,2025-01-21 08:00:22.582850376,2025-01-21 11:52:22.582850376,3 - Média,Banco de Dados,Sub C,lhvp,CI-277,Suporte N3,Manual,SIM,NAO,Erro de Configuração,Patch aplicado,5242.5828503735065
INC100221,2025-01-21 09:17:00,2025-01-21 10:01:22.095694392,2025-01-21 11:31:22.095694392,4 - Baixa,Rede,Sub C,lsin,CI-391,NOC N1,Monitoramento,NAO,NAO,Manutenção Programada,Ajuste de configuração,2662.095694392349
INC100222,2025-01-21 12:33:00,2025-01-21 13:15:54.770862090,2025-01-21 17:08:54.770862090,3 - Média,Banco de Dados,Sub A,lhvp,CI-230,Suporte N3,Monitoramento,SIM,NAO,Falha de Aplicação,Patch aplicado,2574.7708620902467
INC100223,2025-01-21 16:30:00,2025-01-21 17:56:58.597158702,2025-01-21 20:08:58.597158702,3 - Média,Rede,Sub B,lcem,CI-64,NOC N1,Manual,SIM,NAO,Falha de Rede,Patch aplicado,5218.597158701843
INC100224,2025-01-21 16:45:00,2025-01-21 19:32:18.297546162,2025-01-21 22:48:18.297546162,3 - Média,Rede,Sub A,lhco,CI-187,NOC N1,Monitoramento,SIM,NAO,Erro de Configuração,Patch aplicado,10038.29754616144
INC100225,2025-01-21 21:29:00,2025-01-21 22:10:49.119061662,2025-01-22 01:02:49.119061662,3 - Média,Infraestrutura,Sub A,lsin,CI-339,NOC N2,Monitoramento,SIM,NAO,Manutenção Programada,Ajuste de configuração,2509.119061663134
INC100226,2025-01-22 02:20:00,2025-01-22 02:55:03.201235452,2025-01-22 04:33:03.201235452,3 - Média,Infraestrutura,Sub C,lsin,CI-160,SRE,Manual,SIM,NAO,Falha de Aplicação,Reinício de serviço,2103.2012354526314
INC100227,2025-01-22 02:46:00,2025-01-22 06:06:32.205271350,2025-01-22 07:12:32.205271350,3 - Média,Aplicação,Sub C,lhvp,CI-239,Suporte N3,Monitoramento,SIM,NAO,Falha de Rede,Patch aplicado,12032.205271349329
INC100228,2025-01-22 06:04:00,2025-01-22 06:23:50.487311244,2025-01-22 10:08:50.487311244,2 - Alta,Infraestrutura,Sub C,lhco,CI-116,NOC N2,Monitoramento,SIM,NAO,Erro de Configuração,Reinício de serviço,1190.4873112445362
INC100229,2025-01-22 07:41:00,2025-01-22 12:53:19.369950648,2025-01-22 14:41:19.369950648,3 - Média,Banco de Dados,Sub B,lhvp,CI-279,NOC N1,Monitoramento,SIM,NAO,Falha de Aplicação,Patch aplicado,18739.369950647568
INC100230,2025-01-22 16:14:00,2025-01-22 17:35:33.079512042,2025-01-22 18:52:33.079512042,3 - Média,Aplicação,Sub C,lsin,CI-196,Suporte N3,Monitoramento,SIM,NAO,Falha de Rede,Ajuste de configuração,4893.079512044652
INC100231,2025-01-22 16:24:00,2025-01-22 16:59:31.771230924,2025-01-22 19:34:31.771230924,2 - Alta,Banco de Dados,Sub C,lsin,CI-296,Suporte N3,Monitoramento,SIM,NAO,Manutenção Programada,Reinício de serviço,2131.7712309230606
INC100232,2025-01-22 18:16:00,2025-01-22 18:41:14.273794938,2025-01-22 20:50:14.273794938,4 - Baixa,Aplicação,Sub C,lsin,CI-399,SRE,Monitoramento,NAO,NAO,Falha de Aplicação,Reinício de serviço,1514.273794938721
INC100233,2025-01-23 00:27:00,2025-01-23 00:42:01.512130188,2025-01-23 01:08:01.512130188,3 - Média,Banco de Dados,Sub A,lhvp,CI-134,SRE,Monitoramento,SIM,NAO,Manutenção Programada,Reinício de serviço,901.512130185167
INC100234,2025-01-23 01:12:00,2025-01-23 02:17:46.430413512,2025-01-23 03:11:46.430413512,2 - Alta,Aplicação,Sub C,lrev,CI-197,Suporte N3,Monitoramento,SIM,NAO,Erro de Configuração,Patch aplicado,3946.4304135098405
INC100235,2025-01-23 06:58:00,2025-01-23 08:32:43.116363894,2025-01-23 10:00:43.116363894,2 - Alta,Banco de Dados,Sub C,lrev,CI-325,NOC N1,Manual,SIM,NAO,Manutenção Programada,Patch aplicado,5683.11636389302
INC100236,2025-01-23 10:19:00,2025-01-23 12:21:34.942087158,2025-01-23 15:20:34.942087158,4 - Baixa,Aplicação,Sub C,lhco,CI-222,NOC N2,Monitoramento,NAO,NAO,Falha de Rede,Reinício de serviço,7354.942087158135
INC100237,2025-01-23 10:37:00,2025-01-23 13:05:58.966155702,2025-01-23 15:29:58.966155702,3 - Média,Aplicação,Sub B,lsin,CI-207,NOC N2,Monitoramento,SIM,NAO,Manutenção Programada,Reinício de serviço,8938.966155703763
INC100238,2025-01-23 12:38:00,2025-01-23 12:53:25.129993464,2025-01-23 15:08:25.129993464,4 - Baixa,Rede,Sub B,lsin,CI-13,SRE,Manual,NAO,NAO,Erro de Configuração,Patch aplicado,925.1299934612421
INC100239,2025-01-23 15:38:00,2025-01-23 16:07:07.856327142,2025-01-23 18:56:07.856327142,3 - Média,Rede,Sub B,lhco,CI-253,NOC N2,Monitoramento,SIM,NAO,Falha de Rede,Patch aplicado,1747.8563271426112
INC100240,2025-01-23 16:14:00,2025-01-23 17:35:56.866102908,2025-01-23 19:24:56.866102908,3 - Média,Aplicação,Sub A,lrev,CI-77,SRE,Monitoramento,SIM,NAO,Falha de Aplicação,Patch aplicado,4916.866102908091
INC100241,2025-01-23 20:25:00,2025-01-24 00:43:55.786427226,2025-01-24 01:24:55.786427226,4 - Baixa,Infraestrutura,Sub A,lhco,CI-154,NOC N1,Monitoramento,NAO,NAO,Falha de Rede,Ajuste de configuração,15535.786427224659
INC100242,2025-01-23 23:01:00,2025-01-24 00:38:30.479507118,2025-01-24 03:45:30.479507118,4 - Baixa,Infraestrutura,Sub C,lsin,CI-307,SRE,Monitoramento,NAO,NAO,Manutenção Programada,Patch aplicado,5850.479507115146
INC100243,2025-01-24 03:53:00,2025-01-24 04:54:02.549610096,2025-01-24 07:29:02.549610096,4 - Baixa,Infraestrutura,Sub A,lcem,CI-103,Suporte N3,Monitoramento,NAO,NAO,Falha de Rede,Ajuste de configuração,3662.549610097714
INC100244,2025-01-24 06:51:00,2025-01-24 07:54:25.485721914,2025-01-24 11:28:25.485721914,4 - Baixa,Banco de Dados,Sub C,lhco,CI-367,Suporte N3,Monitoramento,NAO,NAO,Erro de Configuração,Reinício de serviço,3805.4857219117175
INC100245,2025-01-24 07:38:00,2025-01-24 08:15:34.520652456,2025-01-24 09:18:34.520652456,3 - Média,Banco de Dados,Sub A,lhco,CI-243,NOC N1,Manual,SIM,NAO,Falha de Aplicação,Ajuste de configuração,2254.520652457106
INC100246,2025-01-24 07:40:00,2025-01-24 09:29:31.994540610,2025-01-24 11:33:31.994540610,3 - Média,Banco de Dados,Sub A,lsin,CI-79,SRE,Manual,SIM,NAO,Falha de Rede,Ajuste de configuração,6571.9945406107
INC100247,2025-01-24 08:56:00,2025-01-24 09:54:36.177324786,2025-01-24 12:15:36.177324786,3 - Média,Aplicação,Sub C,lrev,CI-299,Suporte N3,Monitoramento,SIM,NAO,Falha de Rede,Reinício de serviço,3516.1773247880783
INC100248,2025-01-24 11:08:00,2025-01-24 13:37:04.928627658,2025-01-24 15:04:04.928627658,3 - Média,Infraestrutura,Sub B,lsin,CI-284,Suporte N3,Monitoramento,SIM,NAO,Falha de Rede,Patch aplicado,8944.928627659547
INC100249,2025-01-24 11:13:00,2025-01-24 12:16:09.803078742,2025-01-24 12:53:09.803078742,3 - Média,Aplicação,Sub B,lsin,CI-183,Suporte N3,Monitoramento,SIM,NAO,Manutenção Programada,Reinício de serviço,3789.8030787435027
INC100250,2025-01-24 16:03:00,2025-01-24 16:22:19.004720892,2025-01-24 17:13:19.004720892,4 - Baixa,Aplicação,Sub C,lhco,CI-191,SRE,Monitoramento,NAO,NAO,Manutenção Programada,Reinício de serviço,1159.0047208944106
INC100251,2025-01-24 16:15:00,2025-01-24 16:27:28.351613334,2025-01-24 19:26:28.351613334,4 - Baixa,Aplicação,Sub B,lsin,CI-343,SRE,Manual,NAO,NAO,Manutenção Programada,Ajuste de configuração,748.3516133339377
INC100252,2025-01-24 18:52:00,2025-01-24 19:48:26.709058314,2025-01-24 23:19:26.709058314,2 - Alta,Aplicação,Sub C,lsin,CI-25,NOC N2,Monitoramento,SIM,NAO,Falha de Aplicação,Reinício de serviço,3386.709058312834
INC100253,2025-01-24 19:59:00,2025-01-24 20:52:40.981937310,2025-01-24 23:19:40.981937310,3 - Média,Banco de Dados,Sub A,lhco,CI-238,NOC N1,Monitoramento,SIM,NAO,Falha de Rede,Patch aplicado,3220.981937309631
INC100254,2025-01-24 21:48:00,2025-01-24 22:17:19.778328066,2025-01-25 01:10:19.778328066,4 - Baixa,Banco de Dados,Sub A,lsin,CI-280,NOC N2,Monitoramento,NAO,NAO,Manutenção Programada,Reinício de serviço,1759.7783280631427
INC100255,2025-01-24 22:39:00,2025-01-24 23:38:53.409444552,2025-01-25 03:26:53.409444552,3 - Média,Banco de Dados,Sub C,lhco,CI-87,Suporte N3,Monitoramento,SIM,NAO,Erro de Configuração,Ajuste de configuração,3593.409444549202
INC100256,2025-01-24 23:11:00,2025-01-25 00:42:10.023239952,2025-01-25 03:38:10.023239952,3 - Média,Aplicação,Sub B,lhco,CI-379,SRE,Manual,SIM,NAO,Falha de Aplicação,Ajuste de configuração,5470.023239952341
INC100257,2025-01-25 00:06:00,2025-01-25 00:45:15.361727490,2025-01-25 03:18:15.361727490,4 - Baixa,Infraestrutura,Sub B,lsin,CI-293,SRE,Monitoramento,NAO,NAO,Erro de Configuração,Patch aplicado,2355.361727491537
INC100258,2025-01-25 00:07:00,2025-01-25 00:33:04.965917850,2025-01-25 01:22:04.965917850,3 - Média,Infraestrutura,Sub C,lsin,CI-294,Suporte N3,Monitoramento,SIM,NAO,Falha de Rede,Ajuste de configuração,1564.9659178482848
INC100259,2025-01-25 00:08:00,2025-01-25 00:31:06.327145470,2025-01-25 04:04:06.327145470,3 - Média,Rede,Sub B,lhco,CI-372,Suporte N3,Monitoramento,SIM,NAO,Falha de Rede,Patch aplicado,1386.3271454701364
INC100260,2025-01-25 02:40:00,2025-01-25 04:10:12.285103326,2025-01-25 04:11:12.285103326,3 - Média,Rede,Sub B,lhco,CI-26,NOC N1,Monitoramento,SIM,NAO,Manutenção Programada,Reinício de serviço,5412.285103327575
INC100261,2025-01-25 03:21:00,2025-01-25 04:39:41.180673228,2025-01-25 08:26:41.180673228,2 - Alta,Rede,Sub B,lsin,CI-305,Suporte N3,Manual,SIM,NAO,Erro de Configuração,Reinício de serviço,4721.1806732303085
INC100262,2025-01-25 03:26:00,2025-01-25 03:58:38.625170808,2025-01-25 06:35:38.625170808,4 - Baixa,Rede,Sub C,lcem,CI-314,Suporte N3,Monitoramento,NAO,NAO,Falha de Rede,Reinício de serviço,1958.625170805913
INC100263,2025-01-25 03:35:00,2025-01-25 05:40:19.693576458,2025-01-25 09:11:19.693576458,4 - Baixa,Aplicação,Sub A,lsin,CI-381,NOC N2,Monitoramento,NAO,NAO,Falha de Rede,Ajuste de configuração,7519.693576456337
INC100264,2025-01-25 07:33:00,2025-01-25 08:56:59.094292410,2025-01-25 12:25:59.094292410,3 - Média,Rede,Sub B,lhvp,CI-331,NOC N1,Manual,SIM,NAO,Manutenção Programada,Ajuste de configuração,5039.094292407614
INC100265,2025-01-25 08:50:00,2025-01-25 09:07:21.455804400,2025-01-25 12:33:21.455804400,2 - Alta,Rede,Sub C,lhco,CI-162,Suporte N3,Monitoramento,SIM,NAO,Erro de Configuração,Ajuste de configuração,1041.4558043987186
INC100266,2025-01-25 09:07:00,2025-01-25 11:27:56.542668012,2025-01-25 12:28:56.542668012,2 - Alta,Aplicação,Sub A,lsin,CI-217,Suporte N3,Monitoramento,SIM,NAO,Falha de Rede,Reinício de serviço,8456.542668010648
INC100267,2025-01-25 13:19:00,2025-01-25 13:36:20.064046722,2025-01-25 15:59:20.064046722,4 - Baixa,Aplicação,Sub B,lhvp,CI-67,NOC N1,Monitoramento,NAO,NAO,Manutenção Programada,Patch aplicado,1040.064046723704
INC100268,2025-01-25 13:52:00,2025-01-25 14:32:01.666728510,2025-01-25 17:25:01.666728510,3 - Média,Aplicação,Sub C,lcem,CI-157,SRE,Monitoramento,SIM,NAO,Erro de Configuração,Reinício de serviço,2401.6667285102844
INC100269,2025-01-25 21:16:00,2025-01-25 23:42:57.399262272,2025-01-25 23:46:57.399262272,2 - Alta,Aplicação,Sub B,lsin,CI-321,SRE,Monitoramento,SIM,NAO,Manutenção Programada,Reinício de serviço,8817.39926227371
INC100270,2025-01-26 07:44:00,2025-01-26 08:12:58.780652286,2025-01-26 10:54:58.780652286,3 - Média,Aplicação,Sub A,lcem,CI-388,SRE,Monitoramento,SIM,NAO,Erro de Configuração,Reinício de serviço,1738.7806522859016
INC100271,2025-01-26 09:06:00,2025-01-26 10:52:25.563077862,2025-01-26 11:50:25.563077862,4 - Baixa,Banco de Dados,Sub C,lsin,CI-177,NOC N1,Monitoramento,NAO,NAO,Erro de Configuração,Ajuste de configuração,6385.563077864877
INC100272,2025-01-26 10:46:00,2025-01-26 15:33:13.155571404,2025-01-26 16:18:13.155571404,3 - Média,Rede,Sub B,lhco,CI-151,SRE,Monitoramento,SIM,NAO,Falha de Aplicação,Ajuste de configuração,17233.1555714029
INC100273,2025-01-26 14:16:00,2025-01-26 15:26:22.220513160,2025-01-26 15:45:22.220513160,3 - Média,Aplicação,Sub B,lrev,CI-137,NOC N1,Monitoramento,SIM,NAO,Falha de Aplicação,Patch aplicado,4222.220513161504
INC100274,2025-01-26 14:20:00,2025-01-26 16:55:02.785619046,2025-01-26 20:01:02.785619046,4 - Baixa,Rede,Sub C,lhco,CI-398,SRE,Monitoramento,NAO,NAO,Manutenção Programada,Reinício de serviço,9302.785619045551
INC100275,2025-01-26 14:51:00,2025-01-26 15:11:24.692948274,2025-01-26 17:59:24.692948274,3 - Média,Aplicação,Sub A,lhco,CI-376,SRE,Monitoramento,SIM,NAO,Manutenção Programada,Ajuste de configuração,1224.6929482727485
INC100276,2025-01-26 15:44:00,2025-01-26 16:50:08.400764820,2025-01-26 20:03:08.400764820,3 - Média,Banco de Dados,Sub C,lcem,CI-395,Suporte N3,Monitoramento,SIM,NAO,Erro de Configuração,Reinício de serviço,3968.4007648179995
INC100277,2025-01-26 18:06:00,2025-01-26 19:24:11.962338996,2025-01-26 22:57:11.962338996,4 - Baixa,Infraestrutura,Sub A,lsin,CI-192,SRE,Monitoramento,NAO,NAO,Falha de Rede,Reinício de serviço,4691.9623389988565
INC100278,2025-01-26 19:17:00,2025-01-26 19:52:14.744728782,2025-01-26 23:51:14.744728782,3 - Média,Banco de Dados,Sub B,lrev,CI-87,SRE,Monitoramento,SIM,NAO,Manutenção Programada,Reinício de serviço,2114.7447287820837
INC100279,2025-01-26 23:13:00,2025-01-27 00:12:31.981878366,2025-01-27 02:41:31.981878366,3 - Média,Rede,Sub A,lsin,CI-109,Suporte N3,Monitoramento,SIM,NAO,Falha de Aplicação,Reinício de serviço,3571.981878367842
INC100280,2025-01-27 00:31:00,2025-01-27 02:45:09.496577190,2025-01-27 04:13:09.496577190,4 - Baixa,Aplicação,Sub A,lsin,CI-342,NOC N1,Monitoramento,NAO,NAO,Manutenção Programada,Reinício de serviço,8049.496577191895
INC100281,2025-01-27 12:13:00,2025-01-27 17:00:23.300741118,2025-01-27 20:43:23.300741118,4 - Baixa,Infraestrutura,Sub B,lrev,CI-138,SRE,Monitoramento,NAO,NAO,Falha de Aplicação,Patch aplicado,17243.300741116705
INC100282,2025-01-27 15:26:00,2025-01-27 17:14:09.917189934,2025-01-27 19:23:09.917189934,4 - Baixa,Aplicação,Sub B,lrev,CI-338,SRE,Monitoramento,NAO,NAO,Manutenção Programada,Reinício de serviço,6489.917189933372
INC100283,2025-01-27 18:12:00,2025-01-27 20:15:30.867040224,2025-01-27 23:13:30.867040224,3 - Média,Infraestrutura,Sub A,lsin,CI-316,SRE,Monitoramento,SIM,NAO,Erro de Configuração,Reinício de serviço,7410.867040222698
INC100284,2025-01-27 18:31:00,2025-01-27 20:23:49.492763262,2025-01-28 00:04:49.492763262,2 - Alta,Aplicação,Sub C,lrev,CI-280,NOC N2,Monitoramento,SIM,NAO,Falha de Rede,Ajuste de configuração,6769.492763259407
INC100285,2025-01-27 20:10:00,2025-01-27 21:09:32.842039374,2025-01-27 22:59:32.842039374,3 - Média,Aplicação,Sub C,lsin,CI-298,SRE,Monitoramento,SIM,NAO,Erro de Configuração,Reinício de serviço,3572.8420393767738
INC100286,2025-01-27 22:13:00,2025-01-27 23:09:31.841544336,2025-01-28 00:47:31.841544336,2 - Alta,Rede,Sub B,lsin,CI-323,SRE,Monitoramento,SIM,NAO,Falha de Rede,Patch aplicado,3391.8415443362005
INC100287,2025-01-28 03:25:00,2025-01-28 05:33:37.032970620,2025-01-28 07:33:37.032970620,2 - Alta,Banco de Dados,Sub B,lcem,CI-336,NOC N1,Monitoramento,SIM,NAO,Manutenção Programada,Patch aplicado,7717.032970622044
INC100288,2025-01-28 06:20:00,2025-01-28 09:50:40.628929422,2025-01-28 11:09:40.628929422,4 - Baixa,Banco de Dados,Sub B,lcem,CI-177,NOC N2,Monitoramento,NAO,NAO,Falha de Rede,Patch aplicado,12640.628929419687
INC100289,2025-01-28 07:45:00,2025-01-28 09:24:36.107246130,2025-01-28 11:05:36.107246130,3 - Média,Aplicação,Sub C,lhco,CI-385,Suporte N3,Manual,SIM,NAO,Erro de Configuração,Ajuste de configuração,5976.10724612939
INC100290,2025-01-28 10:32:00,2025-01-28 12:20:29.357571156,2025-01-28 15:12:29.357571156,2 - Alta,Banco de Dados,Sub B,lrev,CI-156,Suporte N3,Monitoramento,SIM,NAO,Falha de Aplicação,Patch aplicado,6509.357571153886
INC100291,2025-01-28 12:42:00,2025-01-28 13:01:49.571134620,2025-01-28 13:53:49.571134620,4 - Baixa,Aplicação,Sub A,lhco,CI-75,NOC N1,Monitoramento,NAO,NAO,Manutenção Programada,Patch aplicado,1189.571134617788
INC100292,2025-01-28 12:48:00,2025-01-28 12:58:34.745462958,2025-01-28 13:56:34.745462958,3 - Média,Rede,Sub C,lsin,CI-6,SRE,Monitoramento,SIM,NAO,Falha de Aplicação,Reinício de serviço,634.7454629568372
INC100293,2025-01-28 18:24:00,2025-01-28 23:32:43.182796542,2025-01-29 03:28:43.182796542,4 - Baixa,Infraestrutura,Sub A,lhvp,CI-132,NOC N1,Manual,NAO,NAO,Manutenção Programada,Ajuste de configuração,18523.182796542635
INC100294,2025-01-28 20:10:00,2025-01-28 21:37:42.096076278,2025-01-28 21:54:42.096076278,4 - Baixa,Banco de Dados,Sub A,lcem,CI-245,NOC N2,Monitoramento,NAO,NAO,Manutenção Programada,Patch aplicado,5262.096076275264
INC100295,2025-01-28 21:21:00,2025-01-28 22:19:22.369595976,2025-01-28 23:45:22.369595976,3 - Média,Infraestrutura,Sub A,lsin,CI-273,SRE,Monitoramento,SIM,NAO,Falha de Rede,Ajuste de configuração,3502.3695959755005
INC100296,2025-01-28 23:46:00,2025-01-29 01:10:51.679799856,2025-01-29 02:50:51.679799856,3 - Média,Infraestrutura,Sub B,lhvp,CI-338,SRE,Monitoramento,SIM,NAO,Falha de Rede,Ajuste de configuração,5091.679799858605
INC100297,2025-01-29 00:21:00,2025-01-29 01:08:53.537805984,2025-01-29 03:29:53.537805984,4 - Baixa,Aplicação,Sub C,lcem,CI-263,Suporte N3,Monitoramento,NAO,NAO,Falha de Aplicação,Ajuste de configuração,2873.537805982415
INC100298,2025-01-29 00:44:00,2025-01-29 02:48:10.698235914,2025-01-29 05:28:10.698235914,4 - Baixa,Infraestrutura,Sub B,lsin,CI-17,SRE,Monitoramento,NAO,NAO,Manutenção Programada,Ajuste de configuração,7450.698235911974
INC100299,2025-01-29 01:51:00,2025-01-29 02:19:20.767975566,2025-01-29 05:59:20.767975566,4 - Baixa,Aplicação,Sub A,lsin,CI-285,NOC N2,Monitoramento,NAO,NAO,Falha de Aplicação,Ajuste de configuração,1700.7679755647052
INC100300,2025-01-29 01:53:00,2025-01-29 04:26:55.478032266,2025-01-29 07:38:55.478032266,2 - Alta,Infraestrutura,Sub A,lsin,CI-241,NOC N1,Manual,SIM,NAO,Falha de Rede,Ajuste de configuração,9235.47803226861
INC100301,2025-01-29 03:38:00,2025-01-29 06:31:54.096154860,2025-01-29 09:09:54.096154860,4 - Baixa,Rede,Sub A,lhco,CI-339,NOC N1,Monitoramento,NAO,NAO,Erro de Configuração,Ajuste de configuração,10434.09615486179
INC100302,2025-01-29 09:23:00,2025-01-29 10:31:06.472432176,2025-01-29 10:45:06.472432176,2 - Alta,Banco de Dados,Sub B,lhvp,CI-194,NOC N1,Monitoramento,SIM,NAO,Erro de Configuração,Ajuste de configuração,4086.4724321750627
INC100303,2025-01-29 10:01:00,2025-01-29 11:32:29.410623306,2025-01-29 12:39:29.410623306,4 - Baixa,Rede,Sub B,lsin,CI-203,NOC N1,Monitoramento,NAO,NAO,Falha de Aplicação,Reinício de serviço,5489.410623304828
INC100304,2025-01-29 11:45:00,2025-01-29 13:44:36.669011724,2025-01-29 14:31:36.669011724,2 - Alta,Banco de Dados,Sub B,lhco,CI-79,NOC N1,Monitoramento,SIM,NAO,Erro de Configuração,Ajuste de configuração,7176.669011721769
INC100305,2025-01-29 15:44:00,2025-01-29 17:44:24.639520308,2025-01-29 17:52:24.639520308,3 - Média,Aplicação,Sub B,lsin,CI-221,Suporte N3,Monitoramento,SIM,NAO,Falha de Aplicação,Patch aplicado,7224.63952030538
INC100306,2025-01-29 15:50:00,2025-01-29 18:04:16.613135400,2025-01-29 21:39:16.613135400,3 - Média,Infraestrutura,Sub C,lhvp,CI-66,SRE,Monitoramento,SIM,NAO,Manutenção Programada,Patch aplicado,8056.613135397655
INC100307,2025-01-29 22:10:00,2025-01-30 01:09:41.117235960,2025-01-30 05:02:41.117235960,2 - Alta,Aplicação,Sub B,lcem,CI-175,Suporte N3,Monitoramento,SIM,NAO,Manutenção Programada,Patch aplicado,10781.117235960939
INC100308,2025-01-30 01:01:00,2025-01-30 02:52:42.146885526,2025-01-30 03:28:42.146885526,2 - Alta,Aplicação,Sub B,lhvp,CI-385,Suporte N3,Manual,SIM,NAO,Falha de Aplicação,Patch aplicado,6702.14688552649
INC100309,2025-01-30 03:39:00,2025-01-30 04:53:43.034330190,2025-01-30 08:31:43.034330190,2 - Alta,Aplicação,Sub B,lrev,CI-122,NOC N2,Monitoramento,SIM,NAO,Falha de Aplicação,Patch aplicado,4483.03433019277
INC100310,2025-01-30 05:42:00,2025-01-30 07:23:07.418170056,2025-01-30 08:24:07.418170056,4 - Baixa,Infraestrutura,Sub A,lsin,CI-90,Suporte N3,Monitoramento,NAO,NAO,Falha de Aplicação,Patch aplicado,6067.418170056064
INC100311,2025-01-30 06:24:00,2025-01-30 07:04:34.355488091,2025-01-30 10:10:34.355488091,2 - Alta,Rede,Sub C,lcem,CI-124,Suporte N3,Monitoramento,SIM,NAO,Erro de Configuração,Reinício de serviço,2434.3554880929128
INC100312,2025-01-30 06:55:00,2025-01-30 07:01:35.104156398,2025-01-30 10:14:35.104156398,4 - Baixa,Infraestrutura,Sub B,lhco,CI-52,NOC N1,Manual,NAO,NAO,Falha de Rede,Reinício de serviço,395.1041563992817
INC100313,2025-01-30 07:45:00,2025-01-30 09:37:47.549571252,2025-01-30 09:49:47.549571252,2 - Alta,Rede,Sub C,lsin,CI-376,NOC N2,Monitoramento,SIM,NAO,Manutenção Programada,Reinício de serviço,6767.549571249904
INC100314,2025-01-30 08:50:00,2025-01-30 10:08:39.657686250,2025-01-30 11:03:39.657686250,2 - Alta,Rede,Sub A,lsin,CI-366,SRE,Monitoramento,SIM,NAO,Erro de Configuração,Reinício de serviço,4719.657686249108
INC100315,2025-01-30 10:45:00,2025-01-30 13:16:33.045948018,2025-01-30 15:00:33.045948018,2 - Alta,Aplicação,Sub B,lhvp,CI-253,NOC N1,Monitoramento,SIM,NAO,Falha de Aplicação,Patch aplicado,9093.045948019779
INC100316,2025-01-30 11:13:00,2025-01-30 12:30:22.762531386,2025-01-30 15:55:22.762531386,3 - Média,Aplicação,Sub A,lsin,CI-75,NOC N1,Monitoramento,SIM,NAO,Falha de Rede,Ajuste de configuração,4642.7625313872495
INC100317,2025-01-30 11:59:00,2025-01-30 12:35:10.032039822,2025-01-30 16:21:10.032039822,3 - Média,Rede,Sub C,lhvp,CI-95,NOC N2,Monitoramento,SIM,NAO,Falha de Aplicação,Ajuste de configuração,2170.0320398210315
INC100318,2025-01-30 15:37:00,2025-01-30 18:53:20.816235318,2025-01-30 19:47:20.816235318,4 - Baixa,Aplicação,Sub B,lsin,CI-212,Suporte N3,Monitoramento,NAO,NAO,Falha de Rede,Patch aplicado,11780.816235319735
INC100319,2025-01-30 18:05:00,2025-01-30 19:36:32.533143570,2025-01-30 22:29:32.533143570,3 - Média,Infraestrutura,Sub A,lsin,CI-297,NOC N2,Monitoramento,SIM,NAO,Falha de Rede,Reinício de serviço,5492.533143567683
INC100320,2025-01-30 18:51:00,2025-01-30 20:22:26.457333792,2025-01-30 23:05:26.457333792,3 - Média,Aplicação,Sub B,lsin,CI-62,Suporte N3,Monitoramento,SIM,NAO,Erro de Configuração,Patch aplicado,5486.457333794877
INC100321,2025-01-30 21:44:00,2025-01-30 22:43:21.553587180,2025-01-31 00:15:21.553587180,2 - Alta,Infraestrutura,Sub B,lcem,CI-173,Suporte N3,Monitoramento,SIM,NAO,Erro de Configuração,Ajuste de configuração,3561.5535871785014
INC100322,2025-01-30 23:01:00,2025-01-31 00:24:50.507870976,2025-01-31 01:10:50.507870976,2 - Alta,Rede,Sub B,lhco,CI-186,NOC N2,Monitoramento,SIM,NAO,Falha de Aplicação,Reinício de serviço,5030.507870978766
INC100323,2025-01-31 03:28:00,2025-01-31 06:00:57.843442182,2025-01-31 09:43:57.843442182,4 - Baixa,Aplicação,Sub A,lsin,CI-97,Suporte N3,Monitoramento,NAO,NAO,Manutenção Programada,Patch aplicado,9177.843442181134
INC100324,2025-01-31 04:35:00,2025-01-31 06:24:10.470951936,2025-01-31 06:29:10.470951936,4 - Baixa,Rede,Sub B,lhco,CI-392,NOC N2,Monitoramento,NAO,NAO,Falha de Rede,Reinício de serviço,6550.470951937949
INC100325,2025-01-31 10:19:00,2025-01-31 10:33:20.975903184,2025-01-31 10:56:20.975903184,3 - Média,Rede,Sub B,lhco,CI-338,SRE,Monitoramento,SIM,NAO,Falha de Rede,Reinício de serviço,860.9759031860988
INC100326,2025-01-31 11:02:00,2025-01-31 13:14:26.885496018,2025-01-31 16:14:26.885496018,3 - Média,Banco de Dados,Sub B,lhco,CI-254,NOC N1,Monitoramento,SIM,NAO,Erro de Configuração,Patch aplicado,7946.885496016067
INC100327,2025-01-31 14:38:00,2025-01-31 16:28:02.848299498,2025-01-31 20:20:02.848299498,4 - Baixa,Aplicação,Sub B,lhco,CI-198,SRE,Monitoramento,NAO,NAO,Manutenção Programada,Patch aplicado,6602.848299498417
INC100328,2025-01-31 22:09:00,2025-01-31 23:06:50.312554164,2025-02-01 02:10:50.312554164,3 - Média,Infraestrutura,Sub B,lhco,CI-75,Suporte N3,Monitoramento,SIM,NAO,Falha de Aplicação,Patch aplicado,3470.3125541641984
INC100329,2025-02-01 01:57:00,2025-02-01 08:42:26.705121618,2025-02-01 10:59:26.705121618,2 - Alta,Infraestrutura,Sub C,lhvp,CI-181,NOC N1,Manual,SIM,NAO,Manutenção Programada,Patch aplicado,24326.705121618317
INC100330,2025-02-01 04:52:00,2025-02-01 05:51:01.426185378,2025-02-01 06:06:01.426185378,3 - Média,Aplicação,Sub A,lcem,CI-182,NOC N2,Monitoramento,SIM,NAO,Falha de Rede,Reinício de serviço,3541.426185375377
INC100331,2025-02-01 09:59:00,2025-02-01 13:17:21.928179786,2025-02-01 13:45:21.928179786,3 - Média,Infraestrutura,Sub A,lsin,CI-172,SRE,Manual,SIM,NAO,Erro de Configuração,Reinício de serviço,11901.928179786595
INC100332,2025-02-01 10:50:00,2025-02-01 14:11:36.896543898,2025-02-01 18:05:36.896543898,3 - Média,Banco de Dados,Sub C,lhco,CI-370,Suporte N3,Monitoramento,SIM,NAO,Erro de Configuração,Patch aplicado,12096.896543899671
INC100333,2025-02-01 11:01:00,2025-02-01 12:39:39.857579982,2025-02-01 16:13:39.857579982,4 - Baixa,Aplicação,Sub C,lhco,CI-272,NOC N1,Monitoramento,NAO,NAO,Erro de Configuração,Ajuste de configuração,5919.857579983476
INC100334,2025-02-01 18:01:00,2025-02-01 18:35:37.839915882,2025-02-01 19:33:37.839915882,3 - Média,Rede,Sub A,lhco,CI-32,Suporte N3,Monitoramento,SIM,NAO,Falha de Rede,Reinício de serviço,2077.839915881091
INC100335,2025-02-01 20:41:00,2025-02-01 21:07:39.052848468,2025-02-01 22:43:39.052848468,2 - Alta,Infraestrutura,Sub A,lrev,CI-208,NOC N2,Manual,SIM,NAO,Manutenção Programada,Ajuste de configuração,1599.052848469436
INC100336,2025-02-01 22:18:00,2025-02-02 00:46:59.857324146,2025-02-02 02:20:59.857324146,4 - Baixa,Infraestrutura,Sub C,lhvp,CI-61,Suporte N3,Manual,NAO,NAO,Falha de Rede,Patch aplicado,8939.857324144836
INC100337,2025-02-01 22:40:00,2025-02-01 23:30:46.154556696,2025-02-02 01:21:46.154556696,4 - Baixa,Banco de Dados,Sub B,lsin,CI-72,NOC N1,Monitoramento,NAO,NAO,Erro de Configuração,Patch aplicado,3046.1545566981654
INC100338,2025-02-02 02:10:00,2025-02-02 04:28:21.267493488,2025-02-02 08:24:21.267493488,4 - Baixa,Banco de Dados,Sub B,lcem,CI-35,Suporte N3,Manual,NAO,NAO,Erro de Configuração,Patch aplicado,8301.267493488138
INC100339,2025-02-02 03:09:00,2025-02-02 04:33:10.672647444,2025-02-02 05:39:10.672647444,2 - Alta,Banco de Dados,Sub C,lhvp,CI-9,SRE,Monitoramento,SIM,NAO,Falha de Aplicação,Ajuste de configuração,5050.672647442282
INC100340,2025-02-02 03:33:00,2025-02-02 04:25:37.892047434,2025-02-02 05:58:37.892047434,3 - Média,Infraestrutura,Sub B,lhco,CI-78,NOC N2,Monitoramento,SIM,NAO,Manutenção Programada,Patch aplicado,3157.892047434216
INC100341,2025-02-02 09:48:00,2025-02-02 12:10:40.319748978,2025-02-02 13:24:40.319748978,2 - Alta,Aplicação,Sub B,lhco,CI-341,Suporte N3,Monitoramento,SIM,NAO,Erro de Configuração,Patch aplicado,8560.31974897842
INC100342,2025-02-02 10:21:00,2025-02-02 11:21:18.319227042,2025-02-02 12:49:18.319227042,3 - Média,Banco de Dados,Sub A,lcem,CI-14,Suporte N3,Monitoramento,SIM,NAO,Falha de Rede,Reinício de serviço,3618.3192270438067
INC100343,2025-02-02 11:51:00,2025-02-02 11:59:17.376057210,2025-02-02 15:16:17.376057210,4 - Baixa,Aplicação,Sub A,lhco,CI-265,NOC N1,Monitoramento,NAO,NAO,Manutenção Programada,Patch aplicado,497.3760572094256
INC100344,2025-02-02 12:18:00,2025-02-02 13:16:53.850864090,2025-02-02 15:47:53.850864090,3 - Média,Aplicação,Sub B,lhco,CI-207,Suporte N3,Monitoramento,SIM,NAO,Erro de Configuração,Ajuste de configuração,3533.8508640903196
INC100345,2025-02-02 13:05:00,2025-02-02 13:57:53.551152966,2025-02-02 17:14:53.551152966,3 - Média,Rede,Sub B,lcem,CI-365,SRE,Monitoramento,SIM,NAO,Manutenção Programada,Ajuste de configuração,3173.551152964384
INC100346,2025-02-02 14:02:00,2025-02-02 16:40:18.812101572,2025-02-02 19:18:18.812101572,4 - Baixa,Aplicação,Sub A,lsin,CI-178,Suporte N3,Monitoramento,NAO,NAO,Falha de Aplicação,Ajuste de configuração,9498.812101573058
INC100347,2025-02-02 15:39:00,2025-02-02 17:05:35.714943816,2025-02-02 17:32:35.714943816,3 - Média,Banco de Dados,Sub C,lsin,CI-352,SRE,Monitoramento,SIM,NAO,Falha de Aplicação,Reinício de serviço,5195.714943818209
INC100348,2025-02-02 15:50:00,2025-02-02 16:50:14.896265358,2025-02-02 19:40:14.896265358,4 - Baixa,Infraestrutura,Sub B,lhco,CI-324,SRE,Monitoramento,NAO,NAO,Erro de Configuração,Ajuste de configuração,3614.896265358846
INC100349,2025-02-02 18:33:00,2025-02-02 20:10:07.818495143,2025-02-02 20:29:07.818495143,2 - Alta,Aplicação,Sub A,lhvp,CI-121,NOC N1,Manual,SIM,NAO,Falha de Rede,Patch aplicado,5827.818495143933
INC100350,2025-02-02 20:55:00,2025-02-02 21:26:26.067476220,2025-02-02 21:36:26.067476220,3 - Média,Aplicação,Sub A,lhco,CI-276,NOC N2,Monitoramento,SIM,NAO,Manutenção Programada,Reinício de serviço,1886.0674762211954
INC100351,2025-02-03 00:43:00,2025-02-03 01:33:20.265305970,2025-02-03 02:11:20.265305970,4 - Baixa,Banco de Dados,Sub C,lrev,CI-254,SRE,Manual,NAO,NAO,Erro de Configuração,Ajuste de configuração,3020.2653059670693
INC100352,2025-02-03 02:16:00,2025-02-03 06:24:39.219484434,2025-02-03 08:15:39.219484434,3 - Média,Aplicação,Sub C,lcem,CI-285,Suporte N3,Manual,SIM,NAO,Falha de Aplicação,Ajuste de configuração,14919.21948443694
INC100353,2025-02-03 03:04:00,2025-02-03 04:39:06.724651380,2025-02-03 08:28:06.724651380,4 - Baixa,Rede,Sub C,lhco,CI-158,SRE,Manual,NAO,NAO,Falha de Aplicação,Ajuste de configuração,5706.724651381181
INC100354,2025-02-03 06:09:00,2025-02-03 09:42:34.568104740,2025-02-03 13:35:34.568104740,2 - Alta,Banco de Dados,Sub B,lhco,CI-80,Suporte N3,Monitoramento,SIM,NAO,Falha de Rede,Ajuste de configuração,12814.56810473737
INC100355,2025-02-03 06:36:00,2025-02-03 08:38:19.187344968,2025-02-03 10:37:19.187344968,3 - Média,Banco de Dados,Sub A,lsin,CI-121,Suporte N3,Monitoramento,SIM,NAO,Erro de Configuração,Ajuste de configuração,7339.187344967321
INC100356,2025-02-03 07:39:00,2025-02-03 07:52:57.280387140,2025-02-03 08:46:57.280387140,3 - Média,Banco de Dados,Sub A,lrev,CI-157,SRE,Monitoramento,SIM,NAO,Manutenção Programada,Reinício de serviço,837.2803871400555
INC100357,2025-02-03 13:17:00,2025-02-03 14:15:40.706665164,2025-02-03 18:00:40.706665164,3 - Média,Banco de Dados,Sub C,lsin,CI-366,SRE,Monitoramento,SIM,NAO,Manutenção Programada,Reinício de serviço,3520.706665166603
INC100358,2025-02-03 16:40:00,2025-02-03 17:51:01.805351136,2025-02-03 20:53:01.805351136,4 - Baixa,Aplicação,Sub A,lsin,CI-42,SRE,Monitoramento,NAO,NAO,Falha de Aplicação,Patch aplicado,4261.805351138192
INC100359,2025-02-03 18:47:00,2025-02-03 19:02:24.155877306,2025-02-03 20:24:24.155877306,4 - Baixa,Banco de Dados,Sub C,lrev,CI-96,SRE,Monitoramento,NAO,NAO,Falha de Aplicação,Patch aplicado,924.1558773055856
INC100360,2025-02-03 22:45:00,2025-02-03 22:58:27.034606668,2025-02-04 01:52:27.034606668,4 - Baixa,Aplicação,Sub C,lsin,CI-287,SRE,Monitoramento,NAO,NAO,Erro de Configuração,Ajuste de configuração,807.0346066657632
INC100361,2025-02-03 23:15:00,2025-02-04 00:29:01.382888094,2025-02-04 01:13:01.382888094,2 - Alta,Infraestrutura,Sub C,lsin,CI-80,SRE,Manual,SIM,NAO,Falha de Aplicação,Reinício de serviço,4441.382888091198
INC100362,2025-02-03 23:50:00,2025-02-04 01:45:13.893995802,2025-02-04 03:11:13.893995802,4 - Baixa,Banco de Dados,Sub B,lcem,CI-250,NOC N1,Monitoramento,NAO,NAO,Erro de Configuração,Ajuste de configuração,6913.893995799946
INC100363,2025-02-04 02:20:00,2025-02-04 05:53:09.231017982,2025-02-04 08:06:09.231017982,3 - Média,Rede,Sub A,lhco,CI-160,Suporte N3,Monitoramento,SIM,NAO,Falha de Rede,Patch aplicado,12789.231017980617
INC100364,2025-02-04 04:44:00,2025-02-04 07:07:19.100572044,2025-02-04 11:00:19.100572044,2 - Alta,Rede,Sub B,lhco,CI-213,SRE,Monitoramento,SIM,NAO,Falha de Aplicação,Ajuste de configuração,8599.10057204502
INC100365,2025-02-04 08:20:00,2025-02-04 12:06:04.700228838,2025-02-04 15:55:04.700228838,3 - Média,Banco de Dados,Sub C,lhvp,CI-256,SRE,Monitoramento,SIM,NAO,Erro de Configuração,Reinício de serviço,13564.700228838406
INC100366,2025-02-04 09:05:00,2025-02-04 11:32:24.387499572,2025-02-04 12:31:24.387499572,2 - Alta,Banco de Dados,Sub B,lsin,CI-56,SRE,Monitoramento,SIM,NAO,Falha de Rede,Reinício de serviço,8844.38749957092
INC100367,2025-02-04 10:56:00,2025-02-04 11:03:46.585549140,2025-02-04 14:24:46.585549140,3 - Média,Rede,Sub B,lsin,CI-382,Suporte N3,Manual,SIM,NAO,Erro de Configuração,Ajuste de configuração,466.58554913730177
INC100368,2025-02-04 12:09:00,2025-02-04 13:08:18.848151846,2025-02-04 16:28:18.848151846,3 - Média,Aplicação,Sub B,lsin,CI-50,NOC N1,Manual,SIM,NAO,Manutenção Programada,Patch aplicado,3558.8481518440394
INC100369,2025-02-04 15:01:00,2025-02-04 17:36:51.256193406,2025-02-04 17:50:51.256193406,3 - Média,Rede,Sub C,lsin,CI-187,Suporte N3,Manual,SIM,NAO,Manutenção Programada,Ajuste de configuração,9351.256193408482
INC100370,2025-02-04 15:57:00,2025-02-04 17:15:42.088610802,2025-02-04 20:08:42.088610802,2 - Alta,Banco de Dados,Sub B,lsin,CI-336,NOC N1,Monitoramento,SIM,NAO,Falha de Aplicação,Reinício de serviço,4722.088610803905
INC100371,2025-02-04 16:13:00,2025-02-04 19:51:49.596378432,2025-02-04 20:07:49.596378432,3 - Média,Aplicação,Sub C,lhvp,CI-224,SRE,Manual,SIM,NAO,Manutenção Programada,Ajuste de configuração,13129.59637843201
INC100372,2025-02-04 17:25:00,2025-02-04 18:42:39.083576982,2025-02-04 22:36:39.083576982,4 - Baixa,Aplicação,Sub B,lsin,CI-131,NOC N1,Manual,NAO,NAO,Falha de Rede,Patch aplicado,4659.083576979646
INC100373,2025-02-04 17:31:00,2025-02-04 19:25:02.867612274,2025-02-04 20:20:02.867612274,2 - Alta,Aplicação,Sub B,lhco,CI-308,SRE,Monitoramento,SIM,NAO,Falha de Rede,Ajuste de configuração,6842.8676122733905
INC100374,2025-02-04 17:50:00,2025-02-04 19:05:53.765003682,2025-02-04 20:17:53.765003682,3 - Média,Infraestrutura,Sub A,lcem,CI-247,SRE,Monitoramento,SIM,NAO,Falha de Aplicação,Reinício de serviço,4553.765003681379
INC100375,2025-02-04 19:59:00,2025-02-04 21:41:30.086679893,2025-02-05 00:14:30.086679893,4 - Baixa,Infraestrutura,Sub A,lhco,CI-148,NOC N1,Monitoramento,NAO,NAO,Falha de Aplicação,Ajuste de configuração,6150.086679891943
INC100376,2025-02-05 02:37:00,2025-02-05 03:05:21.366369774,2025-02-05 03:58:21.366369774,4 - Baixa,Infraestrutura,Sub B,lhco,CI-348,Suporte N3,Manual,NAO,NAO,Manutenção Programada,Patch aplicado,1701.3663697744591
INC100377,2025-02-05 07:08:00,2025-02-05 09:11:57.026269722,2025-02-05 11:37:57.026269722,3 - Média,Aplicação,Sub B,lsin,CI-64,NOC N2,Monitoramento,SIM,NAO,Erro de Configuração,Ajuste de configuração,7437.026269720848
INC100378,2025-02-05 10:00:00,2025-02-05 11:37:04.760465286,2025-02-05 13:56:04.760465286,4 - Baixa,Rede,Sub B,lsin,CI-239,Suporte N3,Manual,NAO,NAO,Falha de Aplicação,Reinício de serviço,5824.760465283942
INC100379,2025-02-05 13:16:00,2025-02-05 16:45:00.302776968,2025-02-05 16:53:00.302776968,3 - Média,Rede,Sub A,lrev,CI-335,NOC N1,Monitoramento,SIM,NAO,Erro de Configuração,Patch aplicado,12540.302776970057
INC100380,2025-02-05 14:14:00,2025-02-05 15:03:37.670209116,2025-02-05 17:19:37.670209116,4 - Baixa,Infraestrutura,Sub A,lhvp,CI-56,Suporte N3,Monitoramento,NAO,NAO,Falha de Rede,Reinício de serviço,2977.670209118636
INC100381,2025-02-05 14:45:00,2025-02-05 16:17:46.559418888,2025-02-05 16:38:46.559418888,4 - Baixa,Infraestrutura,Sub A,lhco,CI-375,SRE,Manual,NAO,NAO,Manutenção Programada,Patch aplicado,5566.559418887844
INC100382,2025-02-05 18:08:00,2025-02-05 20:20:22.945249782,2025-02-05 21:58:22.945249782,2 - Alta,Aplicação,Sub A,lhco,CI-317,NOC N1,Monitoramento,SIM,NAO,Manutenção Programada,Reinício de serviço,7942.9452497795555
INC100383,2025-02-05 19:16:00,2025-02-05 20:38:49.369059162,2025-02-05 23:10:49.369059162,2 - Alta,Banco de Dados,Sub B,lsin,CI-236,NOC N1,Monitoramento,SIM,NAO,Falha de Aplicação,Reinício de serviço,4969.369059164363
INC100384,2025-02-05 20:37:00,2025-02-06 00:00:20.799594468,2025-02-06 00:03:20.799594468,4 - Baixa,Aplicação,Sub B,lhco,CI-117,NOC N1,Monitoramento,NAO,NAO,Erro de Configuração,Reinício de serviço,12200.799594468312
INC100385,2025-02-05 21:07:00,2025-02-05 23:13:27.282265482,2025-02-05 23:37:27.282265482,2 - Alta,Infraestrutura,Sub B,lrev,CI-298,SRE,Monitoramento,SIM,NAO,Manutenção Programada,Ajuste de configuração,7587.28226548081
INC100386,2025-02-06 05:09:00,2025-02-06 07:12:38.198865774,2025-02-06 11:07:38.198865774,2 - Alta,Aplicação,Sub B,lhco,CI-309,NOC N1,Manual,SIM,NAO,Falha de Rede,Patch aplicado,7418.198865771495
INC100387,2025-02-06 05:12:00,2025-02-06 06:39:43.268476200,2025-02-06 08:30:43.268476200,4 - Baixa,Banco de Dados,Sub C,lhco,CI-306,NOC N2,Monitoramento,NAO,NAO,Erro de Configuração,Reinício de serviço,5263.268476198149
INC100388,2025-02-06 05:23:00,2025-02-06 07:19:09.249043896,2025-02-06 08:43:09.249043896,3 - Média,Banco de Dados,Sub B,lsin,CI-66,NOC N2,Monitoramento,SIM,NAO,Manutenção Programada,Reinício de serviço,6969.24904389672
INC100389,2025-02-06 07:16:00,2025-02-06 07:59:06.273009240,2025-02-06 09:29:06.273009240,3 - Média,Rede,Sub A,lsin,CI-345,Suporte N3,Monitoramento,SIM,NAO,Falha de Aplicação,Ajuste de configuração,2586.273009238418
INC100390,2025-02-06 09:59:00,2025-02-06 10:19:15.341080926,2025-02-06 13:53:15.341080926,4 - Baixa,Banco de Dados,Sub A,lhco,CI-143,NOC N2,Manual,NAO,NAO,Falha de Rede,Patch aplicado,1215.3410809278994
INC100391,2025-02-06 11:00:00,2025-02-06 11:40:34.435293534,2025-02-06 12:24:34.435293534,4 - Baixa,Rede,Sub C,lhvp,CI-94,Suporte N3,Monitoramento,NAO,NAO,Falha de Aplicação,Patch aplicado,2434.435293531019
INC100392,2025-02-06 15:57:00,2025-02-06 16:22:29.266663572,2025-02-06 18:00:29.266663572,3 - Média,Rede,Sub A,lrev,CI-242,Suporte N3,Monitoramento,SIM,NAO,Falha de Rede,Reinício de serviço,1529.2666635711887
INC100393,2025-02-06 17:43:00,2025-02-06 19:54:21.964235076,2025-02-06 21:31:21.964235076,3 - Média,Aplicação,Sub A,lhvp,CI-100,NOC N1,Monitoramento,SIM,NAO,Manutenção Programada,Patch aplicado,7881.9642350759
INC100394,2025-02-06 21:27:00,2025-02-06 21:52:18.580305030,2025-02-07 01:48:18.580305030,3 - Média,Infraestrutura,Sub C,lsin,CI-265,Suporte N3,Monitoramento,SIM,NAO,Falha de Aplicação,Reinício de serviço,1518.5803050279396
INC100395,2025-02-07 02:13:00,2025-02-07 02:44:06.412756560,2025-02-07 06:07:06.412756560,2 - Alta,Banco de Dados,Sub C,lhco,CI-248,NOC N2,Monitoramento,SIM,NAO,Falha de Aplicação,Reinício de serviço,1866.4127565589133
INC100396,2025-02-07 03:00:00,2025-02-07 04:48:15.251606892,2025-02-07 08:23:15.251606892,2 - Alta,Infraestrutura,Sub B,lrev,CI-343,NOC N2,Monitoramento,SIM,NAO,Falha de Rede,Reinício de serviço,6495.251606893649
INC100397,2025-02-07 05:23:00,2025-02-07 05:37:52.202831634,2025-02-07 09:21:52.202831634,2 - Alta,Infraestrutura,Sub A,lsin,CI-115,NOC N2,Monitoramento,SIM,NAO,Erro de Configuração,Reinício de serviço,892.2028316342765
INC100398,2025-02-07 09:03:00,2025-02-07 11:10:41.317727262,2025-02-07 14:14:41.317727262,4 - Baixa,Aplicação,Sub B,lsin,CI-50,NOC N1,Monitoramento,NAO,NAO,Erro de Configuração,Ajuste de configuração,7661.3177272602425
INC100399,2025-02-07 09:41:00,2025-02-07 10:06:39.650381922,2025-02-07 10:53:39.650381922,2 - Alta,Infraestrutura,Sub B,lhco,CI-373,Suporte N3,Manual,SIM,SIM,Falha de Rede,Ajuste de configuração,1539.650381922127
INC100400,2025-02-07 11:18:00,2025-02-07 12:32:38.958933540,2025-02-07 14:05:38.958933540,2 - Alta,Aplicação,Sub B,lhvp,CI-27,NOC N2,Monitoramento,SIM,NAO,Manutenção Programada,Reinício de serviço,4478.958933542105
INC100401,2025-02-07 11:41:00,2025-02-07 16:27:50.502445998,2025-02-07 17:00:50.502445998,4 - Baixa,Infraestrutura,Sub A,lcem,CI-19,NOC N1,Monitoramento,NAO,NAO,Manutenção Programada,Ajuste de configuração,17210.502446000253
INC100402,2025-02-07 12:10:00,2025-02-07 12:51:36.114613494,2025-02-07 14:04:36.114613494,2 - Alta,Banco de Dados,Sub C,lsin,CI-399,Suporte N3,Monitoramento,SIM,NAO,Falha de Aplicação,Reinício de serviço,2496.1146134913183
INC100403,2025-02-07 17:19:00,2025-02-07 17:43:21.045224052,2025-02-07 20:47:21.045224052,4 - Baixa,Rede,Sub C,lsin,CI-266,Suporte N3,Monitoramento,NAO,NAO,Erro de Configuração,Patch aplicado,1461.0452240507652
INC100404,2025-02-07 18:00:00,2025-02-07 20:50:32.510514564,2025-02-07 21:14:32.510514564,2 - Alta,Rede,Sub A,lsin,CI-273,NOC N2,Monitoramento,SIM,NAO,Erro de Configuração,Reinício de serviço,10232.510514561736
INC100405,2025-02-08 00:56:00,2025-02-08 01:32:42.341046006,2025-02-08 03:56:42.341046006,4 - Baixa,Rede,Sub A,lhvp,CI-169,Suporte N3,Monitoramento,NAO,NAO,Falha de Rede,Ajuste de configuração,2202.3410460061314
INC100406,2025-02-08 01:56:00,2025-02-08 02:04:15.373089239,2025-02-08 02:11:15.373089239,3 - Média,Banco de Dados,Sub C,lsin,CI-347,NOC N2,Monitoramento,SIM,NAO,Falha de Aplicação,Reinício de serviço,495.3730892381875
INC100407,2025-02-08 02:24:00,2025-02-08 04:24:48.854779968,2025-02-08 07:44:48.854779968,3 - Média,Aplicação,Sub A,lsin,CI-6,Suporte N3,Monitoramento,SIM,NAO,Falha de Rede,Patch aplicado,7248.854779969984
INC100408,2025-02-08 02:28:00,2025-02-08 03:21:53.130618000,2025-02-08 04:24:53.130618000,2 - Alta,Infraestrutura,Sub B,lrev,CI-324,NOC N1,Monitoramento,SIM,NAO,Falha de Aplicação,Ajuste de configuração,3233.1306179989133
INC100409,2025-02-08 06:55:00,2025-02-08 10:03:14.297198082,2025-02-08 13:01:14.297198082,4 - Baixa,Rede,Sub C,lhvp,CI-176,Suporte N3,Monitoramento,NAO,NAO,Manutenção Programada,Patch aplicado,11294.29719808263
INC100410,2025-02-08 09:19:00,2025-02-08 12:03:04.297085052,2025-02-08 14:48:04.297085052,4 - Baixa,Aplicação,Sub A,lsin,CI-231,NOC N1,Monitoramento,NAO,NAO,Erro de Configuração,Patch aplicado,9844.297085050766
INC100411,2025-02-08 09:54:00,2025-02-08 10:54:11.874845892,2025-02-08 11:09:11.874845892,3 - Média,Rede,Sub C,lhvp,CI-65,SRE,Monitoramento,SIM,NAO,Falha de Rede,Patch aplicado,3611.874845894024
INC100412,2025-02-08 11:52:00,2025-02-08 13:10:29.832201594,2025-02-08 13:11:29.832201594,4 - Baixa,Rede,Sub B,lsin,CI-256,NOC N2,Monitoramento,NAO,NAO,Falha de Rede,Reinício de serviço,4709.83220159349
INC100413,2025-02-08 13:51:00,2025-02-08 14:49:42.333418902,2025-02-08 15:20:42.333418902,4 - Baixa,Infraestrutura,Sub A,lhco,CI-11,NOC N2,Monitoramento,NAO,NAO,Falha de Aplicação,Patch aplicado,3522.3334189049797
INC100414,2025-02-08 17:12:00,2025-02-08 17:47:21.753464040,2025-02-08 17:56:21.753464040,3 - Média,Infraestrutura,Sub C,lsin,CI-11,SRE,Monitoramento,SIM,NAO,Falha de Rede,Patch aplicado,2121.753464041095
INC100415,2025-02-08 17:59:00,2025-02-08 18:25:44.798454354,2025-02-08 20:01:44.798454354,3 - Média,Banco de Dados,Sub C,lcem,CI-13,Suporte N3,Monitoramento,SIM,NAO,Erro de Configuração,Ajuste de configuração,1604.7984543569532
INC100416,2025-02-08 20:05:00,2025-02-08 20:16:08.664416250,2025-02-08 20:21:08.664416250,4 - Baixa,Infraestrutura,Sub A,lhvp,CI-50,NOC N1,Monitoramento,NAO,NAO,Erro de Configuração,Ajuste de configuração,668.6644162493894
INC100417,2025-02-08 22:06:00,2025-02-08 22:45:04.566792360,2025-02-09 02:29:04.566792360,3 - Média,Rede,Sub A,lcem,CI-126,SRE,Monitoramento,SIM,NAO,Manutenção Programada,Reinício de serviço,2344.566792362674
INC100418,2025-02-09 02:11:00,2025-02-09 02:58:54.236415030,2025-02-09 04:57:54.236415030,2 - Alta,Rede,Sub A,lhvp,CI-278,Suporte N3,Monitoramento,SIM,NAO,Erro de Configuração,Patch aplicado,2874.2364150329354
INC100419,2025-02-09 03:54:00,2025-02-09 05:34:16.962741354,2025-02-09 06:27:16.962741354,3 - Média,Infraestrutura,Sub B,lhvp,CI-294,SRE,Manual,SIM,NAO,Falha de Aplicação,Patch aplicado,6016.962741353334
INC100420,2025-02-09 08:40:00,2025-02-09 11:15:39.008556606,2025-02-09 13:50:39.008556606,3 - Média,Infraestrutura,Sub B,lrev,CI-192,NOC N2,Monitoramento,SIM,NAO,Falha de Rede,Reinício de serviço,9339.008556608138
INC100421,2025-02-09 09:09:00,2025-02-09 09:51:24.054432972,2025-02-09 11:07:24.054432972,3 - Média,Rede,Sub C,lrev,CI-336,NOC N2,Monitoramento,SIM,NAO,Manutenção Programada,Ajuste de configuração,2544.0544329715285
INC100422,2025-02-09 12:14:00,2025-02-09 14:52:19.952499708,2025-02-09 17:56:19.952499708,3 - Média,Banco de Dados,Sub C,lcem,CI-288,SRE,Monitoramento,SIM,NAO,Erro de Configuração,Patch aplicado,9499.952499709429
INC100423,2025-02-09 14:45:00,2025-02-09 15:27:37.418282130,2025-02-09 18:34:37.418282130,2 - Alta,Banco de Dados,Sub A,lsin,CI-291,SRE,Monitoramento,SIM,NAO,Falha de Aplicação,Patch aplicado,2557.4182821290333
INC100424,2025-02-09 15:29:00,2025-02-09 20:10:49.811926920,2025-02-09 21:38:49.811926920,3 - Média,Infraestrutura,Sub C,lsin,CI-259,SRE,Monitoramento,SIM,NAO,Erro de Configuração,Ajuste de configuração,16909.811926917733
INC100425,2025-02-09 15:58:00,2025-02-09 16:12:52.670818104,2025-02-09 18:53:52.670818104,2 - Alta,Infraestrutura,Sub C,lhvp,CI-247,SRE,Monitoramento,SIM,NAO,Manutenção Programada,Ajuste de configuração,892.6708181011663
INC100426,2025-02-09 19:49:00,2025-02-09 20:52:08.204880462,2025-02-09 21:33:08.204880462,3 - Média,Aplicação,Sub A,lhco,CI-202,SRE,Monitoramento,SIM,NAO,Falha de Aplicação,Reinício de serviço,3788.204880464151
INC100427,2025-02-09 23:06:00,2025-02-10 00:11:44.795428188,2025-02-10 01:04:44.795428188,3 - Média,Rede,Sub C,lhco,CI-57,NOC N1,Monitoramento,SIM,NAO,Erro de Configuração,Reinício de serviço,3944.7954281860125
INC100428,2025-02-10 03:53:00,2025-02-10 04:46:28.550561082,2025-02-10 06:03:28.550561082,3 - Média,Rede,Sub B,lhco,CI-36,NOC N1,Monitoramento,SIM,NAO,Manutenção Programada,Reinício de serviço,3208.5505610823484
INC100429,2025-02-10 12:50:00,2025-02-10 13:15:15.389310804,2025-02-10 14:08:15.389310804,4 - Baixa,Aplicação,Sub B,lhco,CI-254,NOC N2,Monitoramento,NAO,NAO,Erro de Configuração,Patch aplicado,1515.3893108058028
INC100430,2025-02-10 20:15:00,2025-02-10 21:18:35.741431650,2025-02-11 00:42:35.741431650,2 - Alta,Infraestrutura,Sub A,lcem,CI-91,NOC N1,Monitoramento,SIM,NAO,Falha de Rede,Reinício de serviço,3815.741431648101
INC100431,2025-02-10 20:22:00,2025-02-10 20:49:06.559533366,2025-02-10 23:52:06.559533366,4 - Baixa,Infraestrutura,Sub B,lcem,CI-260,SRE,Monitoramento,NAO,NAO,Falha de Aplicação,Ajuste de configuração,1626.559533366032
INC100432,2025-02-10 22:50:00,2025-02-11 01:10:42.277595544,2025-02-11 01:32:42.277595544,3 - Média,Aplicação,Sub A,lhvp,CI-307,Suporte N3,Manual,SIM,NAO,Erro de Configuração,Reinício de serviço,8442.277595543641
INC100433,2025-02-11 03:20:00,2025-02-11 06:51:34.328064384,2025-02-11 09:00:34.328064384,4 - Baixa,Infraestrutura,Sub C,lcem,CI-308,SRE,Monitoramento,NAO,NAO,Falha de Aplicação,Patch aplicado,12694.328064381652
INC100434,2025-02-11 03:48:00,2025-02-11 04:47:49.659768378,2025-02-11 05:02:49.659768378,4 - Baixa,Rede,Sub C,lsin,CI-264,SRE,Monitoramento,NAO,NAO,Erro de Configuração,Patch aplicado,3589.6597683796717
INC100435,2025-02-11 05:29:00,2025-02-11 06:43:48.064590828,2025-02-11 07:02:48.064590828,2 - Alta,Rede,Sub A,lsin,CI-294,Suporte N3,Monitoramento,SIM,NAO,Falha de Aplicação,Reinício de serviço,4488.064590828608
INC100436,2025-02-11 08:29:00,2025-02-11 10:11:02.663713092,2025-02-11 11:31:02.663713092,4 - Baixa,Infraestrutura,Sub B,lrev,CI-231,NOC N1,Monitoramento,NAO,NAO,Falha de Aplicação,Patch aplicado,6122.663713091469
INC100437,2025-02-11 08:56:00,2025-02-11 10:06:35.885321574,2025-02-11 10:28:35.885321574,4 - Baixa,Rede,Sub C,lsin,CI-62,NOC N2,Monitoramento,NAO,NAO,Falha de Rede,Ajuste de configuração,4235.885321575804
INC100438,2025-02-11 09:07:00,2025-02-11 09:25:56.534214138,2025-02-11 13:03:56.534214138,3 - Média,Aplicação,Sub C,lhvp,CI-332,NOC N1,Monitoramento,SIM,NAO,Manutenção Programada,Reinício de serviço,1136.5342141407136
INC100439,2025-02-11 10:29:00,2025-02-11 14:00:04.253594579,2025-02-11 15:44:04.253594579,4 - Baixa,Rede,Sub B,lsin,CI-57,Suporte N3,Monitoramento,NAO,NAO,Falha de Rede,Patch aplicado,12664.253594578242
INC100440,2025-02-11 12:56:00,2025-02-11 14:25:41.052914214,2025-02-11 16:38:41.052914214,4 - Baixa,Aplicação,Sub B,lsin,CI-17,SRE,Monitoramento,NAO,NAO,Erro de Configuração,Patch aplicado,5381.052914212508
INC100441,2025-02-11 15:17:00,2025-02-11 16:35:44.360343372,2025-02-11 17:04:44.360343372,3 - Média,Infraestrutura,Sub A,lhvp,CI-364,Suporte N3,Monitoramento,SIM,NAO,Falha de Aplicação,Ajuste de configuração,4724.360343372828
INC100442,2025-02-11 16:00:00,2025-02-11 18:06:51.888101226,2025-02-11 19:46:51.888101226,4 - Baixa,Infraestrutura,Sub C,lhco,CI-308,SRE,Monitoramento,NAO,NAO,Erro de Configuração,Ajuste de configuração,7611.888101225903
INC100443,2025-02-11 17:44:00,2025-02-11 18:43:14.192206380,2025-02-11 22:27:14.192206380,3 - Média,Rede,Sub C,lhco,CI-9,Suporte N3,Monitoramento,SIM,NAO,Manutenção Programada,Reinício de serviço,3554.1922063815073
INC100444,2025-02-11 18:53:00,2025-02-11 20:59:14.035765902,2025-02-11 21:07:14.035765902,4 - Baixa,Rede,Sub A,lcem,CI-388,NOC N1,Monitoramento,NAO,NAO,Erro de Configuração,Patch aplicado,7574.035765904305
INC100445,2025-02-11 19:35:00,2025-02-11 22:04:54.429767790,2025-02-12 00:07:54.429767790,3 - Média,Banco de Dados,Sub C,lhco,CI-300,NOC N2,Monitoramento,SIM,NAO,Erro de Configuração,Reinício de serviço,8994.42976778928
INC100446,2025-02-12 01:10:00,2025-02-12 01:58:33.599044596,2025-02-12 05:35:33.599044596,4 - Baixa,Aplicação,Sub C,lhvp,CI-370,NOC N1,Monitoramento,NAO,NAO,Manutenção Programada,Reinício de serviço,2913.5990445932407
INC100447,2025-02-12 03:06:00,2025-02-12 04:34:59.162500308,2025-02-12 08:20:59.162500308,3 - Média,Banco de Dados,Sub A,lsin,CI-95,NOC N2,Monitoramento,SIM,NAO,Erro de Configuração,Ajuste de configuração,5339.162500309238
INC100448,2025-02-12 11:00:00,2025-02-12 14:29:21.113254254,2025-02-12 15:08:21.113254254,3 - Média,Banco de Dados,Sub A,lhco,CI-262,NOC N1,Monitoramento,SIM,NAO,Manutenção Programada,Patch aplicado,12561.113254253309
INC100449,2025-02-12 12:49:00,2025-02-12 13:14:45.703570488,2025-02-12 15:59:45.703570488,3 - Média,Banco de Dados,Sub A,lsin,CI-68,NOC N2,Monitoramento,SIM,NAO,Manutenção Programada,Ajuste de configuração,1545.7035704865202
INC100450,2025-02-12 13:12:00,2025-02-12 13:58:07.854116622,2025-02-12 14:10:07.854116622,3 - Média,Banco de Dados,Sub A,lcem,CI-395,NOC N2,Monitoramento,SIM,NAO,Falha de Rede,Ajuste de configuração,2767.854116619081
INC100451,2025-02-12 14:11:00,2025-02-12 15:04:45.900363636,2025-02-12 15:44:45.900363636,3 - Média,Aplicação,Sub B,lrev,CI-1,NOC N1,Monitoramento,SIM,NAO,Falha de Aplicação,Ajuste de configuração,3225.9003636362527
INC100452,2025-02-12 16:03:00,2025-02-12 17:56:25.204852956,2025-02-12 18:48:25.204852956,3 - Média,Infraestrutura,Sub A,lsin,CI-254,NOC N1,Monitoramento,SIM,NAO,Manutenção Programada,Reinício de serviço,6805.2048529537915
INC100453,2025-02-12 18:55:00,2025-02-12 20:41:11.103764460,2025-02-13 00:29:11.103764460,3 - Média,Aplicação,Sub B,lrev,CI-271,NOC N2,Monitoramento,SIM,NAO,Manutenção Programada,Patch aplicado,6371.103764459006
INC100454,2025-02-12 19:17:00,2025-02-12 20:22:53.446864452,2025-02-12 23:43:53.446864452,4 - Baixa,Infraestrutura,Sub C,lcem,CI-176,NOC N2,Monitoramento,NAO,NAO,Manutenção Programada,Reinício de serviço,3953.446864452455
INC100455,2025-02-12 23:02:00,2025-02-13 00:11:16.690045812,2025-02-13 00:21:16.690045812,4 - Baixa,Aplicação,Sub C,lhvp,CI-274,NOC N1,Monitoramento,NAO,NAO,Erro de Configuração,Ajuste de configuração,4156.69004581394
INC100456,2025-02-12 23:45:00,2025-02-13 00:14:49.179094872,2025-02-13 00:44:49.179094872,4 - Baixa,Rede,Sub B,lcem,CI-84,SRE,Monitoramento,NAO,NAO,Falha de Aplicação,Ajuste de configuração,1789.179094873328
INC100457,2025-02-13 01:33:00,2025-02-13 03:55:32.280245676,2025-02-13 07:47:32.280245676,3 - Média,Banco de Dados,Sub A,lrev,CI-292,SRE,Monitoramento,SIM,NAO,Manutenção Programada,Reinício de serviço,8552.280245675578
INC100458,2025-02-13 03:48:00,2025-02-13 05:41:22.719833292,2025-02-13 05:54:22.719833292,3 - Média,Infraestrutura,Sub B,lhco,CI-358,SRE,Monitoramento,SIM,NAO,Falha de Aplicação,Reinício de serviço,6802.719833294318
INC100459,2025-02-13 04:36:00,2025-02-13 05:29:56.509471572,2025-02-13 09:02:56.509471572,4 - Baixa,Banco de Dados,Sub A,lhco,CI-298,Suporte N3,Monitoramento,NAO,NAO,Falha de Aplicação,Reinício de serviço,3236.509471570058
INC100460,2025-02-13 05:50:00,2025-02-13 07:27:12.805871016,2025-02-13 09:22:12.805871016,3 - Média,Aplicação,Sub C,lsin,CI-13,NOC N2,Manual,SIM,NAO,Manutenção Programada,Patch aplicado,5832.805871017623
INC100461,2025-02-13 07:00:00,2025-02-13 10:14:20.014191264,2025-02-13 11:54:20.014191264,3 - Média,Aplicação,Sub B,lsin,CI-235,SRE,Monitoramento,SIM,NAO,Falha de Aplicação,Patch aplicado,11660.014191263206
INC100462,2025-02-13 07:16:00,2025-02-13 08:15:48.929380290,2025-02-13 09:51:48.929380290,2 - Alta,Banco de Dados,Sub A,lsin,CI-253,NOC N1,Monitoramento,SIM,NAO,Falha de Aplicação,Reinício de serviço,3588.9293802918023
INC100463,2025-02-13 07:37:00,2025-02-13 10:07:07.467770694,2025-02-13 12:42:07.467770694,2 - Alta,Aplicação,Sub A,lsin,CI-190,NOC N2,Monitoramento,SIM,NAO,Erro de Configuração,Ajuste de configuração,9007.467770691901
INC100464,2025-02-13 14:06:00,2025-02-13 15:03:04.677898998,2025-02-13 16:43:04.677898998,3 - Média,Banco de Dados,Sub A,lhvp,CI-170,NOC N1,Monitoramento,SIM,NAO,Manutenção Programada,Patch aplicado,3424.677898995848
INC100465,2025-02-13 16:08:00,2025-02-13 17:44:35.317263786,2025-02-13 18:03:35.317263786,4 - Baixa,Rede,Sub B,lsin,CI-149,SRE,Monitoramento,NAO,NAO,Erro de Configuração,Patch aplicado,5795.317263784212
INC100466,2025-02-13 16:50:00,2025-02-13 17:11:13.137801198,2025-02-13 21:04:13.137801198,3 - Média,Banco de Dados,Sub C,lhco,CI-41,SRE,Manual,SIM,NAO,Erro de Configuração,Patch aplicado,1273.1378011980826
INC100467,2025-02-13 17:57:00,2025-02-13 20:33:19.899253560,2025-02-13 23:35:19.899253560,3 - Média,Rede,Sub C,lhco,CI-253,SRE,Monitoramento,SIM,NAO,Erro de Configuração,Reinício de serviço,9379.899253562065
INC100468,2025-02-13 19:32:00,2025-02-13 19:48:43.815553032,2025-02-13 22:43:43.815553032,4 - Baixa,Aplicação,Sub A,lhvp,CI-331,SRE,Monitoramento,NAO,NAO,Manutenção Programada,Ajuste de configuração,1003.8155530311043
INC100469,2025-02-13 19:57:00,2025-02-13 23:37:02.731342104,2025-02-14 00:49:02.731342104,3 - Média,Banco de Dados,Sub C,lsin,CI-225,Suporte N3,Monitoramento,SIM,NAO,Falha de Aplicação,Ajuste de configuração,13202.731342105319
INC100470,2025-02-13 21:35:00,2025-02-13 22:04:44.734811862,2025-02-14 01:29:44.734811862,4 - Baixa,Rede,Sub B,lrev,CI-138,NOC N2,Monitoramento,NAO,NAO,Erro de Configuração,Patch aplicado,1784.7348118644054
INC100471,2025-02-13 22:11:00,2025-02-14 00:11:32.812886196,2025-02-14 01:26:32.812886196,4 - Baixa,Aplicação,Sub A,lrev,CI-391,NOC N2,Monitoramento,NAO,NAO,Erro de Configuração,Patch aplicado,7232.81288619539
INC100472,2025-02-13 23:39:00,2025-02-14 02:30:28.814263218,2025-02-14 04:13:28.814263218,3 - Média,Banco de Dados,Sub A,lcem,CI-343,Suporte N3,Monitoramento,SIM,NAO,Falha de Rede,Patch aplicado,10288.814263218572
INC100473,2025-02-14 02:43:00,2025-02-14 03:44:47.294834628,2025-02-14 07:10:47.294834628,3 - Média,Banco de Dados,Sub A,lsin,CI-299,NOC N2,Monitoramento,SIM,NAO,Falha de Rede,Ajuste de configuração,3707.2948346297944
INC100474,2025-02-14 06:51:00,2025-02-14 07:56:51.290830728,2025-02-14 09:06:51.290830728,3 - Média,Rede,Sub B,lcem,CI-94,Suporte N3,Monitoramento,SIM,NAO,Manutenção Programada,Patch aplicado,3951.2908307295534
INC100475,2025-02-14 07:17:00,2025-02-14 08:11:35.916263928,2025-02-14 08:15:35.916263928,3 - Média,Aplicação,Sub A,lhco,CI-205,NOC N1,Monitoramento,SIM,NAO,Erro de Configuração,Patch aplicado,3275.9162639289034
INC100476,2025-02-14 08:40:00,2025-02-14 09:42:14.522672970,2025-02-14 11:05:14.522672970,3 - Média,Banco de Dados,Sub C,lsin,CI-227,NOC N2,Monitoramento,SIM,NAO,Erro de Configuração,Reinício de serviço,3734.5226729673604
INC100477,2025-02-14 09:17:00,2025-02-14 09:37:14.080001616,2025-02-14 12:51:14.080001616,4 - Baixa,Infraestrutura,Sub A,lhvp,CI-382,NOC N1,Manual,NAO,NAO,Falha de Aplicação,Patch aplicado,1214.080001616198
INC100478,2025-02-14 09:32:00,2025-02-14 09:47:35.042777472,2025-02-14 12:02:35.042777472,4 - Baixa,Infraestrutura,Sub A,lhco,CI-329,NOC N1,Monitoramento,NAO,NAO,Manutenção Programada,Reinício de serviço,935.0427774722093
INC100479,2025-02-14 11:45:00,2025-02-14 14:16:20.600107614,2025-02-14 16:36:20.600107614,3 - Média,Aplicação,Sub A,lcem,CI-194,NOC N2,Monitoramento,SIM,NAO,Manutenção Programada,Reinício de serviço,9080.600107615917
INC100480,2025-02-14 12:56:00,2025-02-14 16:16:23.219566500,2025-02-14 18:24:23.219566500,3 - Média,Infraestrutura,Sub B,lhco,CI-33,NOC N2,Monitoramento,SIM,NAO,Falha de Rede,Ajuste de configuração,12023.219566499816
INC100481,2025-02-14 15:02:00,2025-02-14 15:53:25.822185936,2025-02-14 16:16:25.822185936,2 - Alta,Aplicação,Sub A,lhco,CI-325,NOC N1,Monitoramento,SIM,NAO,Erro de Configuração,Ajuste de configuração,3085.822185935168
INC100482,2025-02-14 15:10:00,2025-02-14 16:20:12.808192260,2025-02-14 17:08:12.808192260,2 - Alta,Infraestrutura,Sub B,lhco,CI-248,NOC N2,Manual,SIM,NAO,Falha de Rede,Ajuste de configuração,4212.80819226247
INC100483,2025-02-14 19:11:00,2025-02-14 23:00:39.494601330,2025-02-15 00:36:39.494601330,3 - Média,Aplicação,Sub A,lsin,CI-139,SRE,Monitoramento,SIM,NAO,Manutenção Programada,Patch aplicado,13779.494601330636
INC100484,2025-02-14 20:20:00,2025-02-14 21:20:24.073306212,2025-02-14 21:56:24.073306212,2 - Alta,Aplicação,Sub C,lhvp,CI-38,Suporte N3,Manual,SIM,NAO,Falha de Rede,Patch aplicado,3624.0733062117097
INC100485,2025-02-14 23:07:00,2025-02-14 23:51:06.606889974,2025-02-15 03:17:06.606889974,3 - Média,Aplicação,Sub A,lsin,CI-45,NOC N2,Monitoramento,SIM,NAO,Falha de Aplicação,Reinício de serviço,2646.6068899759157
INC100486,2025-02-14 23:10:00,2025-02-15 02:00:11.354673786,2025-02-15 05:14:11.354673786,2 - Alta,Aplicação,Sub B,lrev,CI-66,NOC N2,Monitoramento,SIM,NAO,Erro de Configuração,Reinício de serviço,10211.354673788252
INC100487,2025-02-14 23:52:00,2025-02-15 02:19:55.680571464,2025-02-15 02:31:55.680571464,4 - Baixa,Rede,Sub A,lcem,CI-272,SRE,Manual,NAO,NAO,Erro de Configuração,Reinício de serviço,8875.680571465546
INC100488,2025-02-15 01:26:00,2025-02-15 06:49:09.623169786,2025-02-15 10:13:09.623169786,3 - Média,Infraestrutura,Sub A,lsin,CI-161,NOC N2,Monitoramento,SIM,NAO,Erro de Configuração,Reinício de serviço,19389.623169787323
INC100489,2025-02-15 03:05:00,2025-02-15 04:36:25.526563038,2025-02-15 08:20:25.526563038,3 - Média,Rede,Sub C,lcem,CI-194,Suporte N3,Manual,SIM,NAO,Falha de Rede,Reinício de serviço,5485.526563038583
INC100490,2025-02-15 03:08:00,2025-02-15 05:04:03.462486438,2025-02-15 08:54:03.462486438,3 - Média,Banco de Dados,Sub B,lhco,CI-339,NOC N2,Monitoramento,SIM,NAO,Falha de Aplicação,Patch aplicado,6963.462486440163
INC100491,2025-02-15 08:01:00,2025-02-15 08:54:10.983576720,2025-02-15 12:01:10.983576720,4 - Baixa,Infraestrutura,Sub A,lsin,CI-108,NOC N1,Manual,NAO,NAO,Erro de Configuração,Reinício de serviço,3190.9835767219824
INC100492,2025-02-15 09:52:00,2025-02-15 10:35:55.428229482,2025-02-15 14:32:55.428229482,2 - Alta,Rede,Sub B,lhco,CI-397,NOC N1,Monitoramento,SIM,NAO,Manutenção Programada,Reinício de serviço,2635.4282294790214
INC100493,2025-02-15 13:20:00,2025-02-15 15:23:13.260712902,2025-02-15 16:36:13.260712902,3 - Média,Aplicação,Sub A,lsin,CI-336,SRE,Monitoramento,SIM,NAO,Falha de Aplicação,Ajuste de configuração,7393.260712899334
INC100494,2025-02-15 14:49:00,2025-02-15 17:08:18.913565544,2025-02-15 17:18:18.913565544,4 - Baixa,Rede,Sub A,lsin,CI-239,SRE,Monitoramento,NAO,NAO,Falha de Aplicação,Ajuste de configuração,8358.913565544397
INC100495,2025-02-15 19:04:00,2025-02-15 20:00:17.152550166,2025-02-15 21:26:17.152550166,3 - Média,Banco de Dados,Sub C,lrev,CI-213,SRE,Monitoramento,SIM,NAO,Manutenção Programada,Reinício de serviço,3377.152550165028
INC100496,2025-02-15 19:39:00,2025-02-15 21:23:50.172020484,2025-02-15 21:45:50.172020484,2 - Alta,Rede,Sub C,lhco,CI-189,Suporte N3,Monitoramento,SIM,NAO,Falha de Aplicação,Patch aplicado,6290.172020486078
INC100497,2025-02-15 21:06:00,2025-02-15 22:31:30.248185890,2025-02-16 01:33:30.248185890,3 - Média,Infraestrutura,Sub C,lcem,CI-286,NOC N1,Monitoramento,SIM,NAO,Manutenção Programada,Patch aplicado,5130.248185892265
INC100498,2025-02-16 01:45:00,2025-02-16 03:08:16.854867138,2025-02-16 04:47:16.854867138,4 - Baixa,Rede,Sub A,lhco,CI-52,NOC N1,Monitoramento,NAO,NAO,Manutenção Programada,Patch aplicado,4996.854867138229
INC100499,2025-02-16 04:55:00,2025-02-16 06:30:56.183933544,2025-02-16 08:08:56.183933544,3 - Média,Rede,Sub C,lsin,CI-347,SRE,Monitoramento,SIM,NAO,Erro de Configuração,Reinício de serviço,5756.183933545307
INC100500,2025-02-16 05:33:00,2025-02-16 05:43:50.647165932,2025-02-16 08:51:50.647165932,4 - Baixa,Banco de Dados,Sub A,lhvp,CI-208,NOC N2,Manual,NAO,NAO,Erro de Configuração,Reinício de serviço,650.6471659307939
INC100501,2025-02-16 09:04:00,2025-02-16 11:07:09.423588000,2025-02-16 14:34:09.423588000,3 - Média,Infraestrutura,Sub B,lhco,CI-195,SRE,Monitoramento,SIM,NAO,Falha de Rede,Reinício de serviço,7389.42358799809
INC100502,2025-02-16 10:03:00,2025-02-16 13:47:27.041019786,2025-02-16 14:41:27.041019786,3 - Média,Aplicação,Sub A,lrev,CI-371,NOC N1,Monitoramento,SIM,NAO,Falha de Aplicação,Patch aplicado,13467.041019788201
INC100503,2025-02-16 10:12:00,2025-02-16 14:18:19.256863632,2025-02-16 15:56:19.256863632,3 - Média,Infraestrutura,Sub C,lsin,CI-378,NOC N1,Monitoramento,SIM,NAO,Falha de Rede,Patch aplicado,14779.256863631274
INC100504,2025-02-16 10:53:00,2025-02-16 12:41:01.072327458,2025-02-16 13:56:01.072327458,2 - Alta,Banco de Dados,Sub A,lhco,CI-135,NOC N1,Monitoramento,SIM,NAO,Manutenção Programada,Ajuste de configuração,6481.072327457645
INC100505,2025-02-16 13:35:00,2025-02-16 14:34:05.425326312,2025-02-16 17:59:05.425326312,4 - Baixa,Rede,Sub B,lsin,CI-16,SRE,Monitoramento,NAO,NAO,Falha de Aplicação,Patch aplicado,3545.425326309731
INC100506,2025-02-16 16:49:00,2025-02-16 19:39:39.213848364,2025-02-16 22:38:39.213848364,3 - Média,Rede,Sub C,lrev,CI-388,NOC N2,Manual,SIM,NAO,Manutenção Programada,Ajuste de configuração,10239.21384836207
INC100507,2025-02-16 17:20:00,2025-02-16 20:57:31.871817630,2025-02-16 23:20:31.871817630,3 - Média,Aplicação,Sub B,lsin,CI-275,NOC N2,Monitoramento,SIM,NAO,Manutenção Programada,Reinício de serviço,13051.871817630219
INC100508,2025-02-16 18:00:00,2025-02-16 18:45:37.539107610,2025-02-16 20:14:37.539107610,4 - Baixa,Aplicação,Sub C,lsin,CI-73,Suporte N3,Monitoramento,NAO,NAO,Manutenção Programada,Reinício de serviço,2737.5391076080623
INC100509,2025-02-16 18:40:00,2025-02-16 20:54:51.199990212,2025-02-17 00:01:51.199990212,3 - Média,Rede,Sub A,lrev,CI-75,NOC N1,Monitoramento,SIM,NAO,Falha de Aplicação,Ajuste de configuração,8091.199990210308
INC100510,2025-02-16 23:01:00,2025-02-17 00:09:02.516741556,2025-02-17 01:10:02.516741556,3 - Média,Rede,Sub C,lcem,CI-36,Suporte N3,Monitoramento,SIM,NAO,Erro de Configuração,Patch aplicado,4082.5167415580486
INC100511,2025-02-16 23:51:00,2025-02-17 00:32:46.915198182,2025-02-17 04:31:46.915198182,3 - Média,Banco de Dados,Sub A,lcem,CI-191,Suporte N3,Monitoramento,SIM,NAO,Manutenção Programada,Reinício de serviço,2506.9151981833793
INC100512,2025-02-17 03:56:00,2025-02-17 06:08:25.795435812,2025-02-17 09:27:25.795435812,3 - Média,Aplicação,Sub A,lsin,CI-288,NOC N2,Monitoramento,SIM,NAO,Falha de Aplicação,Reinício de serviço,7945.795435814556
INC100513,2025-02-17 06:03:00,2025-02-17 06:13:48.222708588,2025-02-17 08:00:48.222708588,4 - Baixa,Banco de Dados,Sub B,lrev,CI-87,SRE,Monitoramento,NAO,NAO,Manutenção Programada,Reinício de serviço,648.2227085851971
INC100514,2025-02-17 08:48:00,2025-02-17 11:01:02.155049262,2025-02-17 14:52:02.155049262,4 - Baixa,Rede,Sub C,lrev,CI-162,NOC N1,Monitoramento,NAO,NAO,Erro de Configuração,Ajuste de configuração,7982.155049263284
INC100515,2025-02-17 16:38:00,2025-02-17 17:39:51.256651668,2025-02-17 20:23:51.256651668,3 - Média,Aplicação,Sub A,lhco,CI-260,SRE,Monitoramento,SIM,NAO,Erro de Configuração,Reinício de serviço,3711.2566516651837
INC100516,2025-02-17 18:23:00,2025-02-17 19:03:23.751698844,2025-02-17 20:22:23.751698844,3 - Média,Infraestrutura,Sub C,lsin,CI-222,Suporte N3,Monitoramento,SIM,NAO,Manutenção Programada,Ajuste de configuração,2423.751698844224
INC100517,2025-02-17 19:12:00,2025-02-17 21:06:33.082475100,2025-02-17 23:04:33.082475100,2 - Alta,Aplicação,Sub A,lcem,CI-96,Suporte N3,Monitoramento,SIM,NAO,Falha de Rede,Reinício de serviço,6873.082475099363
INC100518,2025-02-18 00:00:00,2025-02-18 01:04:20.239423068,2025-02-18 04:23:20.239423068,4 - Baixa,Banco de Dados,Sub B,lsin,CI-362,NOC N1,Monitoramento,NAO,NAO,Manutenção Programada,Ajuste de configuração,3860.2394230682144
INC100519,2025-02-18 01:53:00,2025-02-18 03:37:12.077179860,2025-02-18 05:37:12.077179860,2 - Alta,Banco de Dados,Sub B,lhvp,CI-108,SRE,Monitoramento,SIM,NAO,Falha de Aplicação,Reinício de serviço,6252.077179859042
INC100520,2025-02-18 02:27:00,2025-02-18 08:51:16.200323754,2025-02-18 09:15:16.200323754,2 - Alta,Rede,Sub B,lhvp,CI-153,Suporte N3,Monitoramento,SIM,NAO,Manutenção Programada,Reinício de serviço,23056.200323755078
INC100521,2025-02-18 08:38:00,2025-02-18 09:09:24.153143808,2025-02-18 11:06:24.153143808,2 - Alta,Banco de Dados,Sub A,lhco,CI-27,SRE,Monitoramento,SIM,NAO,Falha de Rede,Ajuste de configuração,1884.1531438099162
INC100522,2025-02-18 09:21:00,2025-02-18 10:27:54.333336708,2025-02-18 14:01:54.333336708,4 - Baixa,Rede,Sub A,lsin,CI-243,Suporte N3,Manual,NAO,NAO,Falha de Aplicação,Patch aplicado,4014.333336710886
INC100523,2025-02-18 09:49:00,2025-02-18 13:24:36.269604354,2025-02-18 13:24:36.269604354,2 - Alta,Infraestrutura,Sub B,lsin,CI-50,SRE,Monitoramento,SIM,NAO,Falha de Aplicação,Reinício de serviço,12936.269604356683
INC100524,2025-02-18 10:14:00,2025-02-18 11:11:19.052699718,2025-02-18 13:44:19.052699718,2 - Alta,Rede,Sub A,lsin,CI-369,SRE,Monitoramento,SIM,NAO,Erro de Configuração,Ajuste de configuração,3439.0526997196985
INC100525,2025-02-18 10:34:00,2025-02-18 11:14:16.702663518,2025-02-18 13:42:16.702663518,4 - Baixa,Banco de Dados,Sub C,lsin,CI-49,Suporte N3,Manual,NAO,NAO,Falha de Aplicação,Ajuste de configuração,2416.702663519387
INC100526,2025-02-18 11:50:00,2025-02-18 12:41:50.272506978,2025-02-18 13:30:50.272506978,3 - Média,Aplicação,Sub B,lcem,CI-292,NOC N1,Monitoramento,SIM,NAO,Manutenção Programada,Ajuste de configuração,3110.272506975418
INC100527,2025-02-18 19:27:00,2025-02-18 21:38:20.721682764,2025-02-18 23:36:20.721682764,2 - Alta,Infraestrutura,Sub A,lsin,CI-116,NOC N1,Monitoramento,SIM,NAO,Falha de Rede,Patch aplicado,7880.721682764521
INC100528,2025-02-18 21:34:00,2025-02-18 22:02:10.643114376,2025-02-19 01:42:10.643114376,4 - Baixa,Aplicação,Sub C,lhco,CI-213,NOC N2,Manual,NAO,NAO,Falha de Aplicação,Reinício de serviço,1690.643114378824
INC100529,2025-02-19 06:16:00,2025-02-19 07:01:18.036312138,2025-02-19 08:06:18.036312138,3 - Média,Rede,Sub B,lhvp,CI-89,NOC N2,Monitoramento,SIM,NAO,Erro de Configuração,Reinício de serviço,2718.0363121398577
INC100530,2025-02-19 07:02:00,2025-02-19 09:13:24.269846718,2025-02-19 12:50:24.269846718,2 - Alta,Rede,Sub A,lhco,CI-219,SRE,Monitoramento,SIM,NAO,Falha de Aplicação,Patch aplicado,7884.269846715805
INC100531,2025-02-19 07:38:00,2025-02-19 08:18:24.538973268,2025-02-19 10:01:24.538973268,3 - Média,Aplicação,Sub A,lrev,CI-164,SRE,Manual,SIM,NAO,Manutenção Programada,Reinício de serviço,2424.538973265938
INC100532,2025-02-19 09:11:00,2025-02-19 12:29:50.941352502,2025-02-19 16:00:50.941352502,3 - Média,Rede,Sub B,lsin,CI-91,Suporte N3,Monitoramento,SIM,NAO,Falha de Aplicação,Reinício de serviço,11930.941352503856
INC100533,2025-02-19 15:05:00,2025-02-19 17:27:35.071003776,2025-02-19 20:11:35.071003776,2 - Alta,Infraestrutura,Sub C,lsin,CI-75,SRE,Monitoramento,SIM,NAO,Falha de Aplicação,Patch aplicado,8555.071003775318
INC100534,2025-02-19 15:39:00,2025-02-19 17:25:57.786847308,2025-02-19 20:50:57.786847308,3 - Média,Rede,Sub B,lcem,CI-379,NOC N2,Manual,SIM,NAO,Manutenção Programada,Patch aplicado,6417.786847310732
INC100535,2025-02-19 16:40:00,2025-02-19 17:29:52.148531112,2025-02-19 19:53:52.148531112,4 - Baixa,Rede,Sub B,lhco,CI-314,Suporte N3,Monitoramento,NAO,NAO,Falha de Rede,Ajuste de configuração,2992.148531114979
INC100536,2025-02-19 17:19:00,2025-02-19 20:23:53.870148678,2025-02-19 23:06:53.870148678,3 - Média,Rede,Sub C,lsin,CI-288,NOC N2,Monitoramento,SIM,NAO,Erro de Configuração,Reinício de serviço,11093.870148676244
INC100537,2025-02-19 19:02:00,2025-02-19 20:35:27.015225318,2025-02-20 00:22:27.015225318,4 - Baixa,Banco de Dados,Sub A,lsin,CI-284,NOC N1,Monitoramento,NAO,NAO,Falha de Aplicação,Patch aplicado,5607.015225316338
INC100538,2025-02-19 19:41:00,2025-02-19 20:08:00.615341424,2025-02-19 22:22:00.615341424,2 - Alta,Infraestrutura,Sub A,lhco,CI-102,SRE,Monitoramento,SIM,NAO,Falha de Rede,Reinício de serviço,1620.6153414239823
INC100539,2025-02-19 23:00:00,2025-02-19 23:23:07.190661648,2025-02-20 02:12:07.190661648,2 - Alta,Rede,Sub C,lrev,CI-248,NOC N2,Manual,SIM,NAO,Falha de Rede,Reinício de serviço,1387.1906616489275
INC100540,2025-02-19 23:21:00,2025-02-19 23:35:32.274860478,2025-02-20 00:05:32.274860478,4 - Baixa,Infraestrutura,Sub B,lsin,CI-295,Suporte N3,Monitoramento,NAO,NAO,Falha de Rede,Ajuste de configuração,872.2748604752629
INC100541,2025-02-20 02:21:00,2025-02-20 02:43:50.419268088,2025-02-20 04:10:50.419268088,2 - Alta,Aplicação,Sub C,lcem,CI-242,NOC N1,Monitoramento,SIM,NAO,Manutenção Programada,Ajuste de configuração,1370.4192680900424
INC100542,2025-02-20 04:37:00,2025-02-20 06:16:28.653399582,2025-02-20 09:35:28.653399582,3 - Média,Infraestrutura,Sub A,lhco,CI-349,NOC N1,Monitoramento,SIM,NAO,Falha de Rede,Patch aplicado,5968.653399580573
INC100543,2025-02-20 05:56:00,2025-02-20 07:50:35.964765036,2025-02-20 11:11:35.964765036,4 - Baixa,Rede,Sub A,lcem,CI-384,Suporte N3,Monitoramento,NAO,NAO,Falha de Aplicação,Reinício de serviço,6875.964765036721
INC100544,2025-02-20 09:34:00,2025-02-20 10:16:43.751559120,2025-02-20 12:29:43.751559120,3 - Média,Banco de Dados,Sub B,lsin,CI-170,NOC N1,Manual,SIM,NAO,Falha de Rede,Ajuste de configuração,2563.751559121452
INC100545,2025-02-20 09:50:00,2025-02-20 12:13:51.598459800,2025-02-20 13:12:51.598459800,3 - Média,Rede,Sub B,lhvp,CI-212,Suporte N3,Monitoramento,SIM,NAO,Erro de Configuração,Ajuste de configuração,8631.598459798064
INC100546,2025-02-20 19:39:00,2025-02-20 22:17:33.170876568,2025-02-20 22:24:33.170876568,3 - Média,Rede,Sub A,lrev,CI-4,NOC N2,Monitoramento,SIM,NAO,Falha de Aplicação,Patch aplicado,9513.170876566148
INC100547,2025-02-20 22:17:00,2025-02-20 23:05:05.370809844,2025-02-21 02:57:05.370809844,2 - Alta,Infraestrutura,Sub A,lhco,CI-117,Suporte N3,Monitoramento,SIM,NAO,Manutenção Programada,Patch aplicado,2885.370809845318
INC100548,2025-02-20 23:21:00,2025-02-21 01:17:59.907441324,2025-02-21 04:06:59.907441324,2 - Alta,Rede,Sub A,lrev,CI-321,NOC N2,Monitoramento,SIM,NAO,Falha de Aplicação,Reinício de serviço,7019.907441324205
INC100549,2025-02-20 23:49:00,2025-02-21 01:26:59.984693628,2025-02-21 04:46:59.984693628,2 - Alta,Banco de Dados,Sub A,lhco,CI-305,Suporte N3,Monitoramento,SIM,NAO,Falha de Aplicação,Ajuste de configuração,5879.984693629398
INC100550,2025-02-21 00:21:00,2025-02-21 01:49:38.060607234,2025-02-21 04:08:38.060607234,2 - Alta,Banco de Dados,Sub C,lcem,CI-213,Suporte N3,Monitoramento,SIM,NAO,Falha de Rede,Ajuste de configuração,5318.0606072360715
INC100551,2025-02-21 05:04:00,2025-02-21 07:23:47.693089686,2025-02-21 08:07:47.693089686,2 - Alta,Rede,Sub B,lcem,CI-372,Suporte N3,Monitoramento,SIM,NAO,Erro de Configuração,Ajuste de configuração,8387.693089683113
INC100552,2025-02-21 12:45:00,2025-02-21 15:22:08.896310064,2025-02-21 17:38:08.896310064,2 - Alta,Infraestrutura,Sub C,lhco,CI-369,Suporte N3,Monitoramento,SIM,NAO,Falha de Aplicação,Ajuste de configuração,9428.89631006535
INC100553,2025-02-21 14:14:00,2025-02-21 16:54:07.310521404,2025-02-21 19:34:07.310521404,3 - Média,Banco de Dados,Sub C,lsin,CI-96,Suporte N3,Monitoramento,SIM,NAO,Falha de Aplicação,Reinício de serviço,9607.310521401834
INC100554,2025-02-21 15:34:00,2025-02-21 18:43:22.511774952,2025-02-21 20:06:22.511774952,4 - Baixa,Rede,Sub A,lhco,CI-312,SRE,Manual,NAO,NAO,Falha de Aplicação,Ajuste de configuração,11362.511774954644
INC100555,2025-02-21 16:31:00,2025-02-21 18:42:05.098603068,2025-02-21 22:09:05.098603068,2 - Alta,Banco de Dados,Sub B,lrev,CI-31,SRE,Manual,SIM,NAO,Falha de Aplicação,Patch aplicado,7865.098603065495
INC100556,2025-02-21 23:50:00,2025-02-22 01:02:15.712101912,2025-02-22 03:49:15.712101912,3 - Média,Infraestrutura,Sub C,lhco,CI-108,SRE,Monitoramento,SIM,NAO,Falha de Aplicação,Patch aplicado,4335.712101913516
INC100557,2025-02-22 02:03:00,2025-02-22 03:40:28.910286762,2025-02-22 04:22:28.910286762,3 - Média,Aplicação,Sub C,lsin,CI-37,SRE,Monitoramento,SIM,NAO,Erro de Configuração,Ajuste de configuração,5848.9102867608635
INC100558,2025-02-22 02:23:00,2025-02-22 02:55:01.333068042,2025-02-22 05:53:01.333068042,3 - Média,Rede,Sub A,lrev,CI-386,Suporte N3,Monitoramento,SIM,NAO,Manutenção Programada,Reinício de serviço,1921.3330680433812
INC100559,2025-02-22 04:40:00,2025-02-22 08:21:48.023550018,2025-02-22 11:29:48.023550018,3 - Média,Rede,Sub C,lsin,CI-344,NOC N1,Monitoramento,SIM,NAO,Erro de Configuração,Ajuste de configuração,13308.02355001952
INC100560,2025-02-22 07:00:00,2025-02-22 08:21:15.856544304,2025-02-22 11:45:15.856544304,2 - Alta,Rede,Sub C,lhco,CI-271,NOC N1,Monitoramento,SIM,NAO,Manutenção Programada,Patch aplicado,4875.856544305241
INC100561,2025-02-22 07:51:00,2025-02-22 08:19:39.464590086,2025-02-22 10:40:39.464590086,4 - Baixa,Aplicação,Sub C,lsin,CI-83,NOC N1,Monitoramento,NAO,NAO,Falha de Aplicação,Ajuste de configuração,1719.4645900857395
INC100562,2025-02-22 09:30:00,2025-02-22 14:53:53.424881658,2025-02-22 16:22:53.424881658,2 - Alta,Rede,Sub C,lhco,CI-323,SRE,Monitoramento,SIM,NAO,Falha de Rede,Ajuste de configuração,19433.424881655403
INC100563,2025-02-22 10:40:00,2025-02-22 13:37:16.657202693,2025-02-22 16:09:16.657202693,4 - Baixa,Banco de Dados,Sub C,lcem,CI-227,SRE,Monitoramento,NAO,NAO,Manutenção Programada,Ajuste de configuração,10636.657202695913
INC100564,2025-02-22 11:17:00,2025-02-22 13:43:53.140036266,2025-02-22 15:43:53.140036266,4 - Baixa,Aplicação,Sub C,lsin,CI-293,NOC N1,Monitoramento,NAO,NAO,Manutenção Programada,Ajuste de configuração,8813.1400362653
INC100565,2025-02-22 14:00:00,2025-02-22 16:29:39.500514798,2025-02-22 18:40:39.500514798,3 - Média,Rede,Sub B,lhco,CI-62,Suporte N3,Manual,SIM,NAO,Manutenção Programada,Patch aplicado,8979.50051479572
INC100566,2025-02-22 16:03:00,2025-02-22 18:01:23.759097834,2025-02-22 21:27:23.759097834,3 - Média,Rede,Sub B,lsin,CI-296,Suporte N3,Monitoramento,SIM,NAO,Erro de Configuração,Ajuste de configuração,7103.759097834108
INC100567,2025-02-22 17:15:00,2025-02-22 18:48:15.189767430,2025-02-22 20:28:15.189767430,4 - Baixa,Banco de Dados,Sub A,lrev,CI-230,Suporte N3,Monitoramento,NAO,NAO,Erro de Configuração,Patch aplicado,5595.189767427762
INC100568,2025-02-22 19:21:00,2025-02-22 21:05:18.165466740,2025-02-22 22:45:18.165466740,2 - Alta,Rede,Sub B,lhco,CI-265,NOC N2,Monitoramento,SIM,NAO,Erro de Configuração,Ajuste de configuração,6258.165466740688
INC100569,2025-02-22 23:58:00,2025-02-23 01:22:33.988935654,2025-02-23 05:18:33.988935654,4 - Baixa,Infraestrutura,Sub C,lhco,CI-241,NOC N1,Monitoramento,NAO,NAO,Erro de Configuração,Reinício de serviço,5073.988935652214
INC100570,2025-02-23 03:32:00,2025-02-23 05:11:58.971662670,2025-02-23 07:06:58.971662670,3 - Média,Infraestrutura,Sub B,lhco,CI-386,NOC N1,Monitoramento,SIM,NAO,Falha de Rede,Reinício de serviço,5998.971662671079
INC100571,2025-02-23 03:50:00,2025-02-23 06:19:45.750776898,2025-02-23 09:02:45.750776898,4 - Baixa,Rede,Sub C,lhvp,CI-196,Suporte N3,Monitoramento,NAO,NAO,Falha de Aplicação,Patch aplicado,8985.750776896513
INC100572,2025-02-23 05:03:00,2025-02-23 07:22:59.776042836,2025-02-23 11:16:59.776042836,2 - Alta,Rede,Sub C,lsin,CI-321,NOC N2,Monitoramento,SIM,NAO,Erro de Configuração,Ajuste de configuração,8399.776042833573
INC100573,2025-02-23 05:42:00,2025-02-23 06:23:06.746823360,2025-02-23 09:15:06.746823360,4 - Baixa,Rede,Sub A,lrev,CI-132,SRE,Monitoramento,NAO,NAO,Manutenção Programada,Patch aplicado,2466.746823357621
INC100574,2025-02-23 06:45:00,2025-02-23 07:43:29.581440432,2025-02-23 09:27:29.581440432,3 - Média,Aplicação,Sub C,lhco,CI-315,Suporte N3,Manual,SIM,NAO,Falha de Rede,Ajuste de configuração,3509.58144043359
INC100575,2025-02-23 07:39:00,2025-02-23 10:21:49.007487810,2025-02-23 13:23:49.007487810,4 - Baixa,Rede,Sub A,lcem,CI-387,SRE,Monitoramento,NAO,NAO,Manutenção Programada,Reinício de serviço,9769.007487808725
INC100576,2025-02-23 07:57:00,2025-02-23 09:57:59.901806220,2025-02-23 12:02:59.901806220,4 - Baixa,Aplicação,Sub C,lcem,CI-40,Suporte N3,Monitoramento,NAO,NAO,Falha de Aplicação,Reinício de serviço,7259.901806221125
INC100577,2025-02-23 10:06:00,2025-02-23 10:37:12.744836496,2025-02-23 13:57:12.744836496,3 - Média,Aplicação,Sub B,lhco,CI-39,NOC N2,Manual,SIM,NAO,Manutenção Programada,Ajuste de configuração,1872.7448364981574
INC100578,2025-02-23 11:16:00,2025-02-23 12:46:13.674846522,2025-02-23 14:13:13.674846522,2 - Alta,Aplicação,Sub B,lcem,CI-227,Suporte N3,Monitoramento,SIM,NAO,Erro de Configuração,Ajuste de configuração,5413.674846519705
INC100579,2025-02-23 17:33:00,2025-02-23 19:12:36.321635382,2025-02-23 20:07:36.321635382,4 - Baixa,Rede,Sub B,lcem,CI-112,Suporte N3,Monitoramento,NAO,NAO,Erro de Configuração,Reinício de serviço,5976.321635379784
INC100580,2025-02-23 18:08:00,2025-02-23 20:00:56.471296620,2025-02-23 22:27:56.471296620,2 - Alta,Aplicação,Sub B,lhvp,CI-172,NOC N2,Monitoramento,SIM,NAO,Falha de Rede,Reinício de serviço,6776.471296617224
INC100581,2025-02-23 18:23:00,2025-02-23 19:37:38.070696792,2025-02-23 21:00:38.070696792,2 - Alta,Rede,Sub B,lsin,CI-139,NOC N2,Monitoramento,SIM,NAO,Falha de Rede,Ajuste de configuração,4478.070696794389
INC100582,2025-02-23 18:47:00,2025-02-23 19:29:21.304052928,2025-02-23 21:28:21.304052928,3 - Média,Aplicação,Sub B,lhco,CI-287,NOC N2,Monitoramento,SIM,NAO,Falha de Aplicação,Ajuste de configuração,2541.3040529263194
INC100583,2025-02-23 20:13:00,2025-02-23 20:40:28.972737426,2025-02-23 23:57:28.972737426,4 - Baixa,Infraestrutura,Sub C,lcem,CI-87,NOC N2,Monitoramento,NAO,NAO,Falha de Rede,Ajuste de configuração,1648.972737425519
INC100584,2025-02-23 22:58:00,2025-02-24 02:45:11.323783578,2025-02-24 03:09:11.323783578,2 - Alta,Banco de Dados,Sub C,lhco,CI-128,SRE,Monitoramento,SIM,NAO,Erro de Configuração,Patch aplicado,13631.323783578266
INC100585,2025-02-23 23:13:00,2025-02-23 23:44:32.607219078,2025-02-23 23:46:32.607219078,3 - Média,Infraestrutura,Sub A,lsin,CI-320,NOC N2,Monitoramento,SIM,NAO,Falha de Aplicação,Ajuste de configuração,1892.6072190763643
INC100586,2025-02-24 02:00:00,2025-02-24 04:21:48.271152750,2025-02-24 06:26:48.271152750,3 - Média,Rede,Sub A,lhco,CI-190,NOC N2,Monitoramento,SIM,NAO,Manutenção Programada,Reinício de serviço,8508.271152747498
INC100587,2025-02-24 07:18:00,2025-02-24 09:02:59.705687598,2025-02-24 10:50:59.705687598,3 - Média,Infraestrutura,Sub A,lcem,CI-106,SRE,Manual,SIM,NAO,Erro de Configuração,Patch aplicado,6299.705687598862
INC100588,2025-02-24 11:09:00,2025-02-24 12:38:39.141677436,2025-02-24 13:44:39.141677436,2 - Alta,Banco de Dados,Sub A,lhco,CI-272,NOC N2,Monitoramento,SIM,NAO,Falha de Aplicação,Patch aplicado,5379.141677438303
INC100589,2025-02-24 12:13:00,2025-02-24 12:59:53.219862240,2025-02-24 13:42:53.219862240,4 - Baixa,Banco de Dados,Sub C,lhco,CI-70,NOC N1,Monitoramento,NAO,NAO,Manutenção Programada,Ajuste de configuração,2813.219862238737
INC100590,2025-02-24 15:06:00,2025-02-24 16:52:24.952255476,2025-02-24 20:21:24.952255476,3 - Média,Banco de Dados,Sub B,lrev,CI-238,SRE,Monitoramento,SIM,NAO,Manutenção Programada,Patch aplicado,6384.952255473358
INC100591,2025-02-24 16:11:00,2025-02-24 18:54:43.432967130,2025-02-24 21:25:43.432967130,2 - Alta,Banco de Dados,Sub A,lsin,CI-101,NOC N2,Monitoramento,SIM,NAO,Falha de Aplicação,Patch aplicado,9823.432967129296
INC100592,2025-02-24 16:56:00,2025-02-24 17:18:38.655975186,2025-02-24 17:25:38.655975186,2 - Alta,Infraestrutura,Sub C,lhco,CI-74,Suporte N3,Manual,SIM,NAO,Falha de Aplicação,Ajuste de configuração,1358.6559751889063
INC100593,2025-02-24 17:38:00,2025-02-24 18:26:18.132846138,2025-02-24 21:09:18.132846138,3 - Média,Rede,Sub C,lhco,CI-280,NOC N1,Monitoramento,SIM,NAO,Manutenção Programada,Reinício de serviço,2898.1328461402127
INC100594,2025-02-24 17:43:00,2025-02-24 18:26:47.011324194,2025-02-24 21:16:47.011324194,4 - Baixa,Rede,Sub A,lhvp,CI-345,SRE,Monitoramento,NAO,NAO,Manutenção Programada,Patch aplicado,2627.0113241931376
INC100595,2025-02-24 18:37:00,2025-02-24 19:38:39.810257748,2025-02-24 23:11:39.810257748,2 - Alta,Rede,Sub A,lcem,CI-70,NOC N1,Monitoramento,SIM,NAO,Falha de Aplicação,Ajuste de configuração,3699.8102577501695
INC100596,2025-02-24 19:23:00,2025-02-24 20:48:43.554668418,2025-02-24 23:52:43.554668418,3 - Média,Aplicação,Sub A,lrev,CI-254,Suporte N3,Manual,SIM,NAO,Manutenção Programada,Reinício de serviço,5143.554668416344
INC100597,2025-02-24 21:11:00,2025-02-24 23:14:02.043760032,2025-02-25 00:18:02.043760032,4 - Baixa,Infraestrutura,Sub C,lsin,CI-310,SRE,Manual,NAO,NAO,Erro de Configuração,Patch aplicado,7382.043760030924
INC100598,2025-02-25 04:23:00,2025-02-25 06:27:58.132084224,2025-02-25 08:41:58.132084224,3 - Média,Infraestrutura,Sub C,lhvp,CI-45,SRE,Monitoramento,SIM,NAO,Manutenção Programada,Reinício de serviço,7498.132084221877
INC100599,2025-02-25 04:33:00,2025-02-25 05:09:05.922889986,2025-02-25 07:25:05.922889986,3 - Média,Infraestrutura,Sub B,lcem,CI-215,NOC N2,Manual,SIM,NAO,Falha de Rede,Patch aplicado,2165.922889986901
INC100600,2025-02-25 06:02:00,2025-02-25 10:16:39.941553906,2025-02-25 11:32:39.941553906,3 - Média,Aplicação,Sub C,lhvp,CI-315,Suporte N3,Monitoramento,SIM,NAO,Falha de Aplicação,Reinício de serviço,15279.941553907285
INC100601,2025-02-25 06:19:00,2025-02-25 08:05:39.050730828,2025-02-25 10:12:39.050730828,4 - Baixa,Rede,Sub B,lsin,CI-188,NOC N2,Monitoramento,NAO,NAO,Falha de Aplicação,Ajuste de configuração,6399.05073082577
INC100602,2025-02-25 13:42:00,2025-02-25 14:15:59.563603404,2025-02-25 16:40:59.563603404,4 - Baixa,Aplicação,Sub C,lsin,CI-356,SRE,Monitoramento,NAO,NAO,Falha de Aplicação,Patch aplicado,2039.5636034041472
INC100603,2025-02-25 13:46:00,2025-02-25 16:40:47.958730422,2025-02-25 19:35:47.958730422,2 - Alta,Infraestrutura,Sub C,lsin,CI-294,Suporte N3,Monitoramento,SIM,NAO,Falha de Aplicação,Ajuste de configuração,10487.958730423292
INC100604,2025-02-25 13:51:00,2025-02-25 14:37:46.298780442,2025-02-25 16:36:46.298780442,3 - Média,Rede,Sub B,lrev,CI-109,NOC N2,Monitoramento,SIM,NAO,Falha de Aplicação,Patch aplicado,2806.2987804431477
INC100605,2025-02-25 13:56:00,2025-02-25 15:41:50.245042158,2025-02-25 18:44:50.245042158,4 - Baixa,Banco de Dados,Sub C,lcem,CI-212,NOC N1,Monitoramento,NAO,NAO,Falha de Aplicação,Patch aplicado,6350.245042157935
INC100606,2025-02-25 14:16:00,2025-02-25 15:00:12.079838280,2025-02-25 15:44:12.079838280,3 - Média,Infraestrutura,Sub A,lhco,CI-336,NOC N1,Monitoramento,SIM,NAO,Falha de Aplicação,Patch aplicado,2652.0798382819007
INC100607,2025-02-25 18:09:00,2025-02-25 20:30:49.357776852,2025-02-25 21:43:49.357776852,4 - Baixa,Rede,Sub C,lhvp,CI-213,NOC N2,Monitoramento,NAO,NAO,Erro de Configuração,Ajuste de configuração,8509.357776850367
INC100608,2025-02-25 18:55:00,2025-02-25 20:48:06.757269066,2025-02-25 23:50:06.757269066,4 - Baixa,Infraestrutura,Sub B,lcem,CI-321,Suporte N3,Monitoramento,NAO,NAO,Falha de Rede,Patch aplicado,6786.757269066235
INC100609,2025-02-26 00:26:00,2025-02-26 01:55:36.037125708,2025-02-26 04:24:36.037125708,2 - Alta,Rede,Sub C,lsin,CI-307,Suporte N3,Monitoramento,SIM,NAO,Erro de Configuração,Patch aplicado,5376.037125707436
INC100610,2025-02-26 00:47:00,2025-02-26 02:08:13.536657750,2025-02-26 05:35:13.536657750,3 - Média,Infraestrutura,Sub C,lhco,CI-142,NOC N1,Manual,SIM,NAO,Falha de Rede,Ajuste de configuração,4873.536657751561
INC100611,2025-02-26 02:46:00,2025-02-26 04:12:25.240443162,2025-02-26 06:02:25.240443162,3 - Média,Rede,Sub A,lsin,CI-339,NOC N2,Monitoramento,SIM,NAO,Manutenção Programada,Reinício de serviço,5185.24044316097
INC100612,2025-02-26 03:55:00,2025-02-26 05:09:09.712050642,2025-02-26 08:32:09.712050642,2 - Alta,Infraestrutura,Sub C,lrev,CI-112,SRE,Monitoramento,SIM,NAO,Manutenção Programada,Ajuste de configuração,4449.712050643139
INC100613,2025-02-26 05:51:00,2025-02-26 06:04:28.337523624,2025-02-26 07:19:28.337523624,2 - Alta,Infraestrutura,Sub B,lsin,CI-54,NOC N1,Monitoramento,SIM,NAO,Erro de Configuração,Reinício de serviço,808.3375236229125
INC100614,2025-02-26 06:26:00,2025-02-26 07:33:44.238835176,2025-02-26 08:06:44.238835176,4 - Baixa,Banco de Dados,Sub A,lsin,CI-286,NOC N1,Monitoramento,NAO,NAO,Falha de Aplicação,Reinício de serviço,4064.2388351771638
INC100615,2025-02-26 08:02:00,2025-02-26 09:06:11.576423808,2025-02-26 11:00:11.576423808,3 - Média,Rede,Sub A,lrev,CI-363,NOC N1,Monitoramento,SIM,NAO,Manutenção Programada,Ajuste de configuração,3851.5764238073475
INC100616,2025-02-26 11:13:00,2025-02-26 13:42:48.226750134,2025-02-26 15:02:48.226750134,3 - Média,Rede,Sub C,lrev,CI-215,SRE,Monitoramento,SIM,NAO,Manutenção Programada,Reinício de serviço,8988.226750136677
INC100617,2025-02-26 12:41:00,2025-02-26 13:46:55.384738578,2025-02-26 17:08:55.384738578,4 - Baixa,Rede,Sub C,lhco,CI-51,NOC N1,Monitoramento,NAO,NAO,Manutenção Programada,Reinício de serviço,3955.3847385761687
INC100618,2025-02-26 13:14:00,2025-02-26 14:51:51.880076766,2025-02-26 15:58:51.880076766,4 - Baixa,Aplicação,Sub A,lhvp,CI-260,NOC N2,Monitoramento,NAO,NAO,Falha de Aplicação,Patch aplicado,5871.880076766766
INC100619,2025-02-26 13:20:00,2025-02-26 15:06:25.593521532,2025-02-26 16:29:25.593521532,4 - Baixa,Aplicação,Sub B,lhvp,CI-61,NOC N1,Monitoramento,NAO,NAO,Erro de Configuração,Reinício de serviço,6385.593521529064
INC100620,2025-02-26 15:06:00,2025-02-26 15:49:11.952677736,2025-02-26 16:14:11.952677736,3 - Média,Aplicação,Sub B,lrev,CI-107,SRE,Monitoramento,SIM,NAO,Falha de Aplicação,Reinício de serviço,2591.9526777359365
INC100621,2025-02-26 15:15:00,2025-02-26 20:59:27.727120542,2025-02-26 22:24:27.727120542,3 - Média,Infraestrutura,Sub C,lrev,CI-224,SRE,Monitoramento,SIM,NAO,Falha de Aplicação,Ajuste de configuração,20667.72712054372
INC100622,2025-02-26 18:10:00,2025-02-26 19:31:14.918425236,2025-02-26 21:26:14.918425236,3 - Média,Rede,Sub C,lcem,CI-270,NOC N2,Monitoramento,SIM,NAO,Falha de Rede,Reinício de serviço,4874.918425234117
INC100623,2025-02-26 20:00:00,2025-02-26 22:39:41.145521220,2025-02-27 00:02:41.145521220,3 - Média,Banco de Dados,Sub B,lcem,CI-357,NOC N2,Monitoramento,SIM,NAO,Falha de Rede,Ajuste de configuração,9581.145521219567
INC100624,2025-02-27 01:52:00,2025-02-27 02:14:28.630606446,2025-02-27 02:39:28.630606446,3 - Média,Banco de Dados,Sub B,lsin,CI-79,NOC N2,Monitoramento,SIM,NAO,Erro de Configuração,Patch aplicado,1348.630606443023
INC100625,2025-02-27 06:15:00,2025-02-27 07:13:58.900254600,2025-02-27 10:09:58.900254600,2 - Alta,Rede,Sub C,lsin,CI-333,SRE,Monitoramento,SIM,NAO,Manutenção Programada,Patch aplicado,3538.9002545975463
INC100626,2025-02-27 13:32:00,2025-02-27 16:52:18.514080972,2025-02-27 19:22:18.514080972,2 - Alta,Rede,Sub A,lcem,CI-360,NOC N1,Monitoramento,SIM,NAO,Falha de Rede,Reinício de serviço,12018.514080974137
INC100627,2025-02-27 16:39:00,2025-02-27 19:12:53.050760148,2025-02-27 20:41:53.050760148,3 - Média,Banco de Dados,Sub A,lrev,CI-35,NOC N1,Monitoramento,SIM,NAO,Erro de Configuração,Ajuste de configuração,9233.050760145466
INC100628,2025-02-27 16:41:00,2025-02-27 17:00:41.994375702,2025-02-27 19:11:41.994375702,4 - Baixa,Aplicação,Sub C,lsin,CI-174,SRE,Manual,NAO,NAO,Erro de Configuração,Patch aplicado,1181.9943757018088
INC100629,2025-02-27 16:56:00,2025-02-27 18:39:24.143644584,2025-02-27 20:31:24.143644584,4 - Baixa,Banco de Dados,Sub B,lcem,CI-105,NOC N2,Monitoramento,NAO,NAO,Falha de Aplicação,Reinício de serviço,6204.1436445867175
INC100630,2025-02-27 17:25:00,2025-02-27 19:01:03.168404598,2025-02-27 20:54:03.168404598,3 - Média,Infraestrutura,Sub C,lhvp,CI-342,SRE,Monitoramento,SIM,NAO,Manutenção Programada,Ajuste de configuração,5763.168404595042
INC100631,2025-02-27 17:59:00,2025-02-27 18:23:17.682908616,2025-02-27 18:56:17.682908616,3 - Média,Infraestrutura,Sub C,lcem,CI-283,NOC N1,Monitoramento,SIM,NAO,Falha de Aplicação,Patch aplicado,1457.6829086147238
INC100632,2025-02-27 18:33:00,2025-02-27 19:08:50.199065112,2025-02-27 20:02:50.199065112,2 - Alta,Banco de Dados,Sub C,lsin,CI-332,Suporte N3,Monitoramento,SIM,NAO,Falha de Aplicação,Ajuste de configuração,2150.1990651090055
INC100633,2025-02-27 20:01:00,2025-02-28 00:07:24.649323756,2025-02-28 04:06:24.649323756,4 - Baixa,Banco de Dados,Sub B,lcem,CI-195,SRE,Monitoramento,NAO,NAO,Falha de Aplicação,Reinício de serviço,14784.649323756064
INC100634,2025-02-27 20:50:00,2025-02-27 21:22:22.128071508,2025-02-27 23:29:22.128071508,4 - Baixa,Banco de Dados,Sub C,lhco,CI-97,NOC N2,Monitoramento,NAO,NAO,Erro de Configuração,Ajuste de configuração,1942.12807150589
INC100635,2025-02-27 21:07:00,2025-02-27 22:37:33.225951264,2025-02-28 00:55:33.225951264,3 - Média,Banco de Dados,Sub C,lcem,CI-212,SRE,Monitoramento,SIM,NAO,Erro de Configuração,Patch aplicado,5433.225951263086
INC100636,2025-02-27 22:32:00,2025-02-28 00:26:01.644718080,2025-02-28 01:52:01.644718080,2 - Alta,Aplicação,Sub C,lrev,CI-1,Suporte N3,Manual,SIM,NAO,Erro de Configuração,Patch aplicado,6841.644718077401
INC100637,2025-02-27 23:31:00,2025-02-28 00:19:50.242252218,2025-02-28 01:27:50.242252218,3 - Média,Aplicação,Sub B,lsin,CI-328,NOC N1,Monitoramento,SIM,NAO,Manutenção Programada,Patch aplicado,2930.2422522199176
INC100638,2025-02-28 00:50:00,2025-02-28 01:13:54.074717190,2025-02-28 02:10:54.074717190,4 - Baixa,Infraestrutura,Sub A,lhco,CI-399,NOC N1,Monitoramento,NAO,NAO,Erro de Configuração,Ajuste de configuração,1434.0747171923017
INC100639,2025-02-28 02:59:00,2025-02-28 04:31:47.333901318,2025-02-28 05:34:47.333901318,2 - Alta,Rede,Sub A,lcem,CI-268,NOC N1,Monitoramento,SIM,NAO,Manutenção Programada,Patch aplicado,5567.333901315937
INC100640,2025-02-28 14:40:00,2025-02-28 22:59:53.567162556,2025-03-01 00:26:53.567162556,2 - Alta,Aplicação,Sub C,lhco,CI-302,Suporte N3,Monitoramento,SIM,NAO,Falha de Aplicação,Reinício de serviço,29993.567162558138
INC100641,2025-02-28 16:57:00,2025-02-28 18:57:26.486597724,2025-02-28 19:18:26.486597724,4 - Baixa,Infraestrutura,Sub A,lsin,CI-225,NOC N1,Monitoramento,NAO,NAO,Erro de Configuração,Patch aplicado,7226.486597724637
INC100642,2025-02-28 18:12:00,2025-02-28 19:29:55.184687580,2025-02-28 22:45:55.184687580,3 - Média,Banco de Dados,Sub A,lhvp,CI-139,Suporte N3,Manual,SIM,NAO,Erro de Configuração,Ajuste de configuração,4675.1846875791425
INC100643,2025-03-01 00:16:00,2025-03-01 02:23:48.493121796,2025-03-01 06:12:48.493121796,3 - Média,Banco de Dados,Sub A,lhco,CI-13,Suporte N3,Monitoramento,SIM,NAO,Falha de Aplicação,Patch aplicado,7668.493121794014
INC100644,2025-03-01 02:03:00,2025-03-01 02:40:19.517733678,2025-03-01 04:30:19.517733678,2 - Alta,Rede,Sub B,lcem,CI-337,Suporte N3,Monitoramento,SIM,NAO,Falha de Aplicação,Ajuste de configuração,2239.5177336785337
INC100645,2025-03-01 03:09:00,2025-03-01 04:37:52.650236994,2025-03-01 05:01:52.650236994,3 - Média,Banco de Dados,Sub C,lcem,CI-191,SRE,Monitoramento,SIM,NAO,Falha de Aplicação,Ajuste de configuração,5332.650236996472
INC100646,2025-03-01 06:10:00,2025-03-01 06:54:56.414586366,2025-03-01 09:47:56.414586366,3 - Média,Banco de Dados,Sub A,lhvp,CI-203,NOC N2,Monitoramento,SIM,NAO,Erro de Configuração,Ajuste de configuração,2696.4145863645344
INC100647,2025-03-01 09:04:00,2025-03-01 11:06:17.853876330,2025-03-01 12:12:17.853876330,3 - Média,Banco de Dados,Sub A,lhvp,CI-118,NOC N1,Monitoramento,SIM,NAO,Erro de Configuração,Reinício de serviço,7337.853876327561
INC100648,2025-03-01 13:22:00,2025-03-01 14:21:39.904911258,2025-03-01 15:50:39.904911258,3 - Média,Rede,Sub B,lhvp,CI-79,SRE,Monitoramento,SIM,NAO,Falha de Rede,Patch aplicado,3579.904911255025
INC100649,2025-03-01 13:35:00,2025-03-01 15:31:56.978647920,2025-03-01 18:44:56.978647920,3 - Média,Banco de Dados,Sub B,lsin,CI-37,SRE,Monitoramento,SIM,NAO,Falha de Rede,Reinício de serviço,7016.978647920852
INC100650,2025-03-01 15:35:00,2025-03-01 18:03:01.175701920,2025-03-01 21:31:01.175701920,4 - Baixa,Infraestrutura,Sub C,lcem,CI-389,SRE,Monitoramento,NAO,NAO,Erro de Configuração,Ajuste de configuração,8881.175701922826
INC100651,2025-03-01 18:05:00,2025-03-01 22:15:35.806130646,2025-03-01 23:39:35.806130646,4 - Baixa,Aplicação,Sub B,lsin,CI-326,SRE,Monitoramento,NAO,NAO,Erro de Configuração,Reinício de serviço,15035.806130645016
INC100652,2025-03-01 18:37:00,2025-03-01 19:15:24.696254040,2025-03-01 20:21:24.696254040,2 - Alta,Infraestrutura,Sub C,lsin,CI-59,SRE,Monitoramento,SIM,NAO,Falha de Rede,Reinício de serviço,2304.6962540390364
INC100653,2025-03-01 18:50:00,2025-03-01 21:04:45.218398878,2025-03-01 21:45:45.218398878,2 - Alta,Aplicação,Sub B,lhvp,CI-378,SRE,Manual,SIM,NAO,Falha de Aplicação,Ajuste de configuração,8085.218398879343
INC100654,2025-03-01 20:30:00,2025-03-01 21:23:56.453883720,2025-03-01 23:40:56.453883720,4 - Baixa,Infraestrutura,Sub B,lrev,CI-303,Suporte N3,Manual,NAO,SIM,Falha de Aplicação,Reinício de serviço,3236.4538837205314
INC100655,2025-03-02 00:22:00,2025-03-02 01:17:02.302686030,2025-03-02 03:04:02.302686030,3 - Média,Banco de Dados,Sub B,lhvp,CI-164,NOC N1,Monitoramento,SIM,NAO,Erro de Configuração,Ajuste de configuração,3302.302686028106
INC100656,2025-03-02 03:47:00,2025-03-02 04:32:06.100474002,2025-03-02 08:24:06.100474002,2 - Alta,Infraestrutura,Sub C,lcem,CI-258,NOC N2,Monitoramento,SIM,NAO,Falha de Rede,Patch aplicado,2706.100474004067
INC100657,2025-03-02 04:22:00,2025-03-02 04:56:07.937460761,2025-03-02 06:23:07.937460761,4 - Baixa,Aplicação,Sub B,lrev,CI-193,Suporte N3,Monitoramento,NAO,NAO,Manutenção Programada,Reinício de serviço,2047.9374607601026
INC100658,2025-03-02 05:12:00,2025-03-02 07:49:33.156623424,2025-03-02 10:12:33.156623424,3 - Média,Infraestrutura,Sub C,lhco,CI-115,NOC N2,Monitoramento,SIM,NAO,Falha de Aplicação,Ajuste de configuração,9453.156623423418
INC100659,2025-03-02 06:33:00,2025-03-02 07:05:13.527797304,2025-03-02 09:19:13.527797304,3 - Média,Banco de Dados,Sub A,lsin,CI-260,NOC N2,Monitoramento,SIM,NAO,Erro de Configuração,Ajuste de configuração,1933.5277973061081
INC100660,2025-03-02 09:16:00,2025-03-02 11:01:58.661319294,2025-03-02 11:24:58.661319294,2 - Alta,Rede,Sub C,lsin,CI-115,NOC N2,Manual,SIM,NAO,Erro de Configuração,Ajuste de configuração,6358.661319296144
INC100661,2025-03-02 12:56:00,2025-03-02 14:59:27.101567928,2025-03-02 17:53:27.101567928,3 - Média,Aplicação,Sub A,lcem,CI-226,NOC N2,Monitoramento,SIM,NAO,Falha de Aplicação,Ajuste de configuração,7407.101567930051
INC100662,2025-03-02 13:18:00,2025-03-02 16:12:50.391725454,2025-03-02 18:41:50.391725454,2 - Alta,Infraestrutura,Sub B,lsin,CI-328,SRE,Manual,SIM,NAO,Erro de Configuração,Reinício de serviço,10490.39172545485
INC100663,2025-03-02 14:22:00,2025-03-02 15:46:49.188985158,2025-03-02 18:51:49.188985158,2 - Alta,Banco de Dados,Sub A,lrev,CI-330,SRE,Monitoramento,SIM,NAO,Falha de Rede,Reinício de serviço,5089.188985158618
INC100664,2025-03-02 15:15:00,2025-03-02 16:37:44.688009696,2025-03-02 20:09:44.688009696,4 - Baixa,Banco de Dados,Sub A,lsin,CI-122,NOC N1,Monitoramento,NAO,NAO,Erro de Configuração,Patch aplicado,4964.688009693829
INC100665,2025-03-02 21:04:00,2025-03-02 21:56:27.004960272,2025-03-03 00:48:27.004960272,4 - Baixa,Rede,Sub C,lcem,CI-270,NOC N2,Monitoramento,NAO,NAO,Falha de Rede,Ajuste de configuração,3147.004960271036
INC100666,2025-03-02 21:21:00,2025-03-02 21:41:57.809854626,2025-03-03 00:33:57.809854626,4 - Baixa,Banco de Dados,Sub C,lhco,CI-196,Suporte N3,Manual,NAO,NAO,Manutenção Programada,Ajuste de configuração,1257.8098546235458
INC100667,2025-03-03 02:07:00,2025-03-03 04:52:41.612553618,2025-03-03 07:01:41.612553618,2 - Alta,Banco de Dados,Sub C,lhco,CI-319,SRE,Monitoramento,SIM,NAO,Falha de Rede,Reinício de serviço,9941.612553620718
INC100668,2025-03-03 05:25:00,2025-03-03 06:45:50.909071104,2025-03-03 08:03:50.909071104,2 - Alta,Infraestrutura,Sub A,lhvp,CI-57,Suporte N3,Monitoramento,SIM,NAO,Falha de Rede,Patch aplicado,4850.909071102575
INC100669,2025-03-03 10:00:00,2025-03-03 13:02:57.886471674,2025-03-03 14:23:57.886471674,2 - Alta,Infraestrutura,Sub B,lhco,CI-300,NOC N2,Monitoramento,SIM,NAO,Falha de Aplicação,Reinício de serviço,10977.886471675902
INC100670,2025-03-03 11:23:00,2025-03-03 14:14:49.942629558,2025-03-03 14:58:49.942629558,2 - Alta,Infraestrutura,Sub C,lsin,CI-107,NOC N2,Monitoramento,SIM,NAO,Erro de Configuração,Patch aplicado,10309.942629555657
INC100671,2025-03-03 14:25:00,2025-03-03 15:08:37.632914676,2025-03-03 17:43:37.632914676,3 - Média,Rede,Sub B,lsin,CI-161,NOC N1,Monitoramento,SIM,NAO,Erro de Configuração,Reinício de serviço,2617.632914678161
INC100672,2025-03-03 15:14:00,2025-03-03 16:15:55.492127724,2025-03-03 19:04:55.492127724,2 - Alta,Rede,Sub C,lcem,CI-358,NOC N1,Monitoramento,SIM,NAO,Manutenção Programada,Ajuste de configuração,3715.4921277267645
INC100673,2025-03-03 17:12:00,2025-03-03 19:13:02.713872942,2025-03-03 21:45:02.713872942,2 - Alta,Rede,Sub C,lsin,CI-246,SRE,Monitoramento,SIM,NAO,Erro de Configuração,Patch aplicado,7262.713872940007
INC100674,2025-03-03 18:03:00,2025-03-03 20:51:52.508116722,2025-03-03 22:43:52.508116722,3 - Média,Infraestrutura,Sub B,lhco,CI-237,NOC N1,Monitoramento,SIM,NAO,Falha de Aplicação,Ajuste de configuração,10132.508116723418
INC100675,2025-03-03 20:33:00,2025-03-03 22:14:05.366070024,2025-03-04 00:29:05.366070024,3 - Média,Rede,Sub C,lsin,CI-225,Suporte N3,Monitoramento,SIM,NAO,Manutenção Programada,Patch aplicado,6065.366070021239
INC100676,2025-03-04 05:44:00,2025-03-04 06:17:30.842059463,2025-03-04 07:11:30.842059463,4 - Baixa,Rede,Sub A,lrev,CI-62,Suporte N3,Monitoramento,NAO,NAO,Manutenção Programada,Ajuste de configuração,2010.8420594651545
INC100677,2025-03-04 06:01:00,2025-03-04 08:44:58.018357692,2025-03-04 09:38:58.018357692,4 - Baixa,Banco de Dados,Sub B,lcem,CI-304,NOC N2,Monitoramento,NAO,NAO,Falha de Rede,Patch aplicado,9838.018357690586
INC100678,2025-03-04 06:52:00,2025-03-04 08:04:33.905110326,2025-03-04 08:24:33.905110326,3 - Média,Rede,Sub A,lsin,CI-119,NOC N2,Monitoramento,SIM,NAO,Falha de Rede,Reinício de serviço,4353.905110323046
INC100679,2025-03-04 08:20:00,2025-03-04 09:56:18.259574232,2025-03-04 12:26:18.259574232,3 - Média,Aplicação,Sub A,lhco,CI-164,SRE,Monitoramento,SIM,NAO,Erro de Configuração,Reinício de serviço,5778.259574232053
INC100680,2025-03-04 09:07:00,2025-03-04 12:44:55.837056678,2025-03-04 13:42:55.837056678,4 - Baixa,Rede,Sub C,lhco,CI-173,NOC N2,Monitoramento,NAO,NAO,Falha de Aplicação,Reinício de serviço,13075.837056675198
INC100681,2025-03-04 12:36:00,2025-03-04 13:51:36.177538920,2025-03-04 14:34:36.177538920,2 - Alta,Infraestrutura,Sub B,lsin,CI-308,NOC N2,Monitoramento,SIM,NAO,Manutenção Programada,Reinício de serviço,4536.177538921782
INC100682,2025-03-04 12:46:00,2025-03-04 14:27:49.273660416,2025-03-04 16:45:49.273660416,3 - Média,Aplicação,Sub A,lsin,CI-186,Suporte N3,Monitoramento,SIM,NAO,Erro de Configuração,Patch aplicado,6109.273660414438
INC100683,2025-03-04 13:13:00,2025-03-04 14:56:24.053032140,2025-03-04 17:52:24.053032140,4 - Baixa,Aplicação,Sub B,lrev,CI-209,NOC N2,Monitoramento,NAO,NAO,Falha de Aplicação,Ajuste de configuração,6204.053032141439
INC100684,2025-03-04 13:55:00,2025-03-04 14:18:00.564460884,2025-03-04 18:12:00.564460884,4 - Baixa,Rede,Sub A,lsin,CI-205,SRE,Monitoramento,NAO,NAO,Manutenção Programada,Reinício de serviço,1380.5644608810649
INC100685,2025-03-04 14:03:00,2025-03-04 15:38:40.881419256,2025-03-04 17:46:40.881419256,4 - Baixa,Rede,Sub A,lhvp,CI-204,NOC N2,Monitoramento,NAO,NAO,Erro de Configuração,Patch aplicado,5740.881419253324
INC100686,2025-03-04 15:14:00,2025-03-04 15:48:19.801105992,2025-03-04 18:23:19.801105992,4 - Baixa,Infraestrutura,Sub A,lhvp,CI-322,NOC N1,Monitoramento,NAO,NAO,Erro de Configuração,Reinício de serviço,2059.801105991028
INC100687,2025-03-04 18:03:00,2025-03-04 18:14:56.600256630,2025-03-04 19:48:56.600256630,3 - Média,Rede,Sub B,lhvp,CI-196,NOC N2,Manual,SIM,NAO,Erro de Configuração,Reinício de serviço,716.6002566273386
INC100688,2025-03-05 00:21:00,2025-03-05 01:55:33.196639986,2025-03-05 02:05:33.196639986,3 - Média,Aplicação,Sub C,lsin,CI-131,NOC N1,Monitoramento,SIM,NAO,Manutenção Programada,Patch aplicado,5673.1966399888715
INC100689,2025-03-05 04:09:00,2025-03-05 05:45:33.366108846,2025-03-05 07:33:33.366108846,3 - Média,Infraestrutura,Sub A,lsin,CI-95,Suporte N3,Monitoramento,SIM,NAO,Falha de Aplicação,Reinício de serviço,5793.366108844594
INC100690,2025-03-05 06:30:00,2025-03-05 07:08:51.082116486,2025-03-05 10:34:51.082116486,4 - Baixa,Infraestrutura,Sub B,lcem,CI-35,NOC N2,Monitoramento,NAO,NAO,Manutenção Programada,Ajuste de configuração,2331.0821164861336
INC100691,2025-03-05 06:50:00,2025-03-05 09:00:42.961743696,2025-03-05 10:08:42.961743696,4 - Baixa,Banco de Dados,Sub B,lsin,CI-280,NOC N2,Monitoramento,NAO,NAO,Manutenção Programada,Patch aplicado,7842.961743697126
INC100692,2025-03-05 08:51:00,2025-03-05 09:38:24.557502720,2025-03-05 13:08:24.557502720,3 - Média,Banco de Dados,Sub B,lrev,CI-121,SRE,Monitoramento,SIM,NAO,Falha de Rede,Reinício de serviço,2844.557502717768
INC100693,2025-03-05 09:56:00,2025-03-05 10:58:52.996773996,2025-03-05 12:56:52.996773996,2 - Alta,Banco de Dados,Sub A,lhco,CI-129,NOC N1,Monitoramento,SIM,NAO,Erro de Configuração,Reinício de serviço,3772.996773994603
INC100694,2025-03-05 13:04:00,2025-03-05 15:31:33.369801899,2025-03-05 17:05:33.369801899,2 - Alta,Infraestrutura,Sub B,lsin,CI-55,SRE,Monitoramento,SIM,NAO,Manutenção Programada,Ajuste de configuração,8853.369801899127
INC100695,2025-03-05 13:49:00,2025-03-05 14:55:01.324980846,2025-03-05 18:07:01.324980846,3 - Média,Aplicação,Sub B,lsin,CI-75,NOC N2,Monitoramento,SIM,NAO,Manutenção Programada,Reinício de serviço,3961.32498084882
INC100696,2025-03-05 14:55:00,2025-03-05 16:09:59.265350946,2025-03-05 20:08:59.265350946,3 - Média,Rede,Sub C,lhco,CI-97,SRE,Monitoramento,SIM,NAO,Falha de Rede,Patch aplicado,4499.265350948286
INC100697,2025-03-05 15:21:00,2025-03-05 16:15:42.084994524,2025-03-05 19:41:42.084994524,2 - Alta,Rede,Sub A,lsin,CI-31,Suporte N3,Manual,SIM,NAO,Falha de Rede,Reinício de serviço,3282.0849945266596
INC100698,2025-03-05 19:25:00,2025-03-05 21:24:33.045145368,2025-03-05 23:06:33.045145368,4 - Baixa,Infraestrutura,Sub A,lsin,CI-324,SRE,Monitoramento,NAO,NAO,Erro de Configuração,Ajuste de configuração,7173.04514536997
INC100699,2025-03-05 20:42:00,2025-03-05 22:05:03.946091124,2025-03-05 22:47:03.946091124,2 - Alta,Rede,Sub A,lhco,CI-196,Suporte N3,Monitoramento,SIM,NAO,Falha de Rede,Reinício de serviço,4983.946091124207
INC100700,2025-03-05 21:17:00,2025-03-05 21:28:29.590072824,2025-03-05 21:55:29.590072824,4 - Baixa,Infraestrutura,Sub A,lsin,CI-171,Suporte N3,Monitoramento,NAO,NAO,Falha de Rede,Reinício de serviço,689.5900728238154
INC100701,2025-03-05 22:31:00,2025-03-06 01:09:28.256616864,2025-03-06 02:39:28.256616864,3 - Média,Rede,Sub C,lhvp,CI-361,NOC N1,Monitoramento,SIM,NAO,Manutenção Programada,Patch aplicado,9508.25661686478
INC100702,2025-03-06 00:22:00,2025-03-06 01:15:02.143442508,2025-03-06 04:18:02.143442508,2 - Alta,Infraestrutura,Sub C,lsin,CI-20,NOC N1,Monitoramento,SIM,NAO,Manutenção Programada,Patch aplicado,3182.143442510102
INC100703,2025-03-06 02:42:00,2025-03-06 03:34:48.298178076,2025-03-06 05:44:48.298178076,4 - Baixa,Rede,Sub C,lhco,CI-221,SRE,Monitoramento,NAO,NAO,Manutenção Programada,Patch aplicado,3168.2981780776468
INC100704,2025-03-06 03:54:00,2025-03-06 05:26:17.803726518,2025-03-06 05:51:17.803726518,4 - Baixa,Infraestrutura,Sub A,lcem,CI-57,NOC N1,Monitoramento,NAO,NAO,Falha de Aplicação,Patch aplicado,5537.80372651549
INC100705,2025-03-06 04:34:00,2025-03-06 05:45:55.670400384,2025-03-06 05:58:55.670400384,3 - Média,Banco de Dados,Sub A,lrev,CI-362,SRE,Manual,SIM,NAO,Erro de Configuração,Reinício de serviço,4315.670400385159
INC100706,2025-03-06 05:16:00,2025-03-06 06:55:21.187429062,2025-03-06 10:04:21.187429062,3 - Média,Infraestrutura,Sub A,lrev,CI-183,NOC N2,Monitoramento,SIM,NAO,Manutenção Programada,Reinício de serviço,5961.187429061862
INC100707,2025-03-06 05:52:00,2025-03-06 07:03:42.000229278,2025-03-06 08:17:42.000229278,3 - Média,Rede,Sub B,lsin,CI-189,SRE,Monitoramento,SIM,NAO,Falha de Aplicação,Ajuste de configuração,4302.0002292750805
INC100708,2025-03-06 06:57:00,2025-03-06 08:18:16.469809542,2025-03-06 10:31:16.469809542,4 - Baixa,Banco de Dados,Sub C,lsin,CI-134,Suporte N3,Monitoramento,NAO,NAO,Falha de Aplicação,Ajuste de configuração,4876.4698095414005
INC100709,2025-03-06 08:35:00,2025-03-06 10:28:25.270717962,2025-03-06 11:34:25.270717962,2 - Alta,Banco de Dados,Sub C,lrev,CI-129,Suporte N3,Monitoramento,SIM,NAO,Falha de Aplicação,Ajuste de configuração,6805.270717959179
INC100710,2025-03-06 13:06:00,2025-03-06 14:17:38.003761662,2025-03-06 17:26:38.003761662,2 - Alta,Banco de Dados,Sub A,lhco,CI-40,NOC N2,Monitoramento,SIM,NAO,Erro de Configuração,Patch aplicado,4298.0037616647205
INC100711,2025-03-06 14:26:00,2025-03-06 15:35:24.924195366,2025-03-06 17:49:24.924195366,2 - Alta,Aplicação,Sub B,lhco,CI-66,NOC N2,Monitoramento,SIM,NAO,Falha de Aplicação,Patch aplicado,4164.924195367012
INC100712,2025-03-06 16:34:00,2025-03-06 16:51:28.514088378,2025-03-06 18:17:28.514088378,3 - Média,Infraestrutura,Sub C,lhco,CI-372,NOC N2,Monitoramento,SIM,NAO,Manutenção Programada,Ajuste de configuração,1048.5140883759884
INC100713,2025-03-06 20:16:00,2025-03-06 21:28:03.537722448,2025-03-06 23:32:03.537722448,3 - Média,Infraestrutura,Sub C,lhco,CI-44,SRE,Monitoramento,SIM,NAO,Falha de Aplicação,Patch aplicado,4323.537722450041
INC100714,2025-03-07 02:48:00,2025-03-07 02:58:34.556574564,2025-03-07 04:09:34.556574564,3 - Média,Banco de Dados,Sub C,lcem,CI-203,Suporte N3,Monitoramento,SIM,NAO,Falha de Aplicação,Ajuste de configuração,634.5565745636487
INC100715,2025-03-07 08:05:00,2025-03-07 08:31:23.015669400,2025-03-07 09:46:23.015669400,4 - Baixa,Rede,Sub C,lhvp,CI-156,Suporte N3,Monitoramento,NAO,NAO,Falha de Rede,Ajuste de configuração,1583.015669399496
INC100716,2025-03-07 11:32:00,2025-03-07 13:07:44.144505822,2025-03-07 15:07:44.144505822,4 - Baixa,Aplicação,Sub A,lsin,CI-229,NOC N2,Monitoramento,NAO,NAO,Manutenção Programada,Patch aplicado,5744.144505823412
INC100717,2025-03-07 13:33:00,2025-03-07 14:33:07.461377454,2025-03-07 16:52:07.461377454,3 - Média,Banco de Dados,Sub A,lhvp,CI-62,NOC N1,Monitoramento,SIM,NAO,Falha de Aplicação,Ajuste de configuração,3607.461377452266
INC100718,2025-03-07 15:07:00,2025-03-07 16:22:11.614653708,2025-03-07 18:26:11.614653708,3 - Média,Banco de Dados,Sub B,lsin,CI-204,SRE,Monitoramento,SIM,NAO,Erro de Configuração,Ajuste de configuração,4511.61465370909
INC100719,2025-03-07 18:25:00,2025-03-07 21:00:52.065368106,2025-03-07 23:45:52.065368106,4 - Baixa,Infraestrutura,Sub A,lhvp,CI-302,NOC N1,Monitoramento,NAO,NAO,Manutenção Programada,Ajuste de configuração,9352.065368105219
INC100720,2025-03-07 22:49:00,2025-03-07 23:49:06.449778912,2025-03-08 02:37:06.449778912,2 - Alta,Aplicação,Sub B,lsin,CI-101,Suporte N3,Monitoramento,SIM,NAO,Falha de Rede,Reinício de serviço,3606.4497789100537
INC100721,2025-03-07 22:54:00,2025-03-08 00:32:42.424954830,2025-03-08 02:11:42.424954830,4 - Baixa,Infraestrutura,Sub B,lcem,CI-173,Suporte N3,Monitoramento,NAO,NAO,Erro de Configuração,Patch aplicado,5922.42495483003
INC100722,2025-03-07 23:33:00,2025-03-08 00:26:29.351696976,2025-03-08 02:48:29.351696976,3 - Média,Banco de Dados,Sub A,lcem,CI-108,Suporte N3,Monitoramento,SIM,NAO,Manutenção Programada,Reinício de serviço,3209.3516969768566
INC100723,2025-03-08 03:21:00,2025-03-08 03:39:09.026852478,2025-03-08 05:20:09.026852478,3 - Média,Rede,Sub C,lhvp,CI-315,Suporte N3,Monitoramento,SIM,NAO,Falha de Rede,Reinício de serviço,1089.026852476096
INC100724,2025-03-08 05:01:00,2025-03-08 07:01:04.059937362,2025-03-08 10:59:04.059937362,4 - Baixa,Banco de Dados,Sub C,lsin,CI-244,Suporte N3,Monitoramento,NAO,NAO,Manutenção Programada,Patch aplicado,7204.059937363882
INC100725,2025-03-08 05:50:00,2025-03-08 06:22:13.554061890,2025-03-08 06:39:13.554061890,4 - Baixa,Infraestrutura,Sub C,lsin,CI-74,SRE,Monitoramento,NAO,NAO,Erro de Configuração,Patch aplicado,1933.5540618905952
INC100726,2025-03-08 05:52:00,2025-03-08 08:08:29.077579788,2025-03-08 12:02:29.077579788,3 - Média,Banco de Dados,Sub B,lsin,CI-248,SRE,Monitoramento,SIM,NAO,Manutenção Programada,Reinício de serviço,8189.077579786951
INC100727,2025-03-08 06:45:00,2025-03-08 07:13:15.340595675,2025-03-08 08:59:15.340595675,3 - Média,Banco de Dados,Sub C,lhvp,CI-218,Suporte N3,Monitoramento,SIM,NAO,Manutenção Programada,Patch aplicado,1695.3405956760832
INC100728,2025-03-08 15:03:00,2025-03-08 16:29:57.745158774,2025-03-08 20:15:57.745158774,4 - Baixa,Aplicação,Sub B,lhvp,CI-96,NOC N2,Monitoramento,NAO,NAO,Erro de Configuração,Ajuste de configuração,5217.74515877479
INC100729,2025-03-08 16:41:00,2025-03-08 17:51:15.370439262,2025-03-08 19:30:15.370439262,4 - Baixa,Banco de Dados,Sub B,lsin,CI-339,Suporte N3,Monitoramento,NAO,NAO,Falha de Rede,Reinício de serviço,4215.370439259824
INC100730,2025-03-08 22:04:00,2025-03-08 23:29:44.597148228,2025-03-09 02:31:44.597148228,3 - Média,Aplicação,Sub C,lsin,CI-349,NOC N2,Monitoramento,SIM,NAO,Erro de Configuração,Reinício de serviço,5144.597148230569
INC100731,2025-03-08 22:20:00,2025-03-08 23:16:23.463535566,2025-03-09 01:43:23.463535566,3 - Média,Rede,Sub B,lrev,CI-15,NOC N1,Monitoramento,SIM,NAO,Manutenção Programada,Patch aplicado,3383.4635355638184
INC100732,2025-03-09 00:29:00,2025-03-09 01:08:11.764207032,2025-03-09 04:54:11.764207032,4 - Baixa,Banco de Dados,Sub C,lhco,CI-2,Suporte N3,Monitoramento,NAO,NAO,Falha de Rede,Reinício de serviço,2351.764207032237
INC100733,2025-03-09 02:00:00,2025-03-09 03:35:31.744944510,2025-03-09 04:21:31.744944510,4 - Baixa,Banco de Dados,Sub B,lrev,CI-189,Suporte N3,Monitoramento,NAO,NAO,Falha de Rede,Patch aplicado,5731.744944507641
INC100734,2025-03-09 03:30:00,2025-03-09 04:14:49.737967704,2025-03-09 05:21:49.737967704,4 - Baixa,Aplicação,Sub B,lsin,CI-159,Suporte N3,Monitoramento,NAO,NAO,Falha de Aplicação,Reinício de serviço,2689.737967703035
INC100735,2025-03-09 06:33:00,2025-03-09 07:54:42.244382790,2025-03-09 10:15:42.244382790,2 - Alta,Banco de Dados,Sub C,lhvp,CI-387,NOC N1,Monitoramento,SIM,NAO,Erro de Configuração,Ajuste de configuração,4902.244382787142
INC100736,2025-03-09 07:09:00,2025-03-09 07:34:02.759452872,2025-03-09 11:11:02.759452872,2 - Alta,Banco de Dados,Sub C,lsin,CI-174,Suporte N3,Monitoramento,SIM,NAO,Falha de Aplicação,Reinício de serviço,1502.7594528712043
INC100737,2025-03-09 12:03:00,2025-03-09 13:15:48.871564182,2025-03-09 15:00:48.871564182,3 - Média,Aplicação,Sub B,lrev,CI-221,SRE,Monitoramento,SIM,NAO,Manutenção Programada,Ajuste de configuração,4368.871564179328
INC100738,2025-03-09 17:42:00,2025-03-09 20:02:01.404934836,2025-03-10 00:00:01.404934836,3 - Média,Banco de Dados,Sub A,lhco,CI-23,NOC N2,Manual,SIM,NAO,Erro de Configuração,Reinício de serviço,8401.40493483379
INC100739,2025-03-09 18:07:00,2025-03-09 18:18:57.790890732,2025-03-09 20:45:57.790890732,3 - Média,Banco de Dados,Sub B,lhco,CI-283,SRE,Monitoramento,SIM,NAO,Manutenção Programada,Ajuste de configuração,717.7908907339894
INC100740,2025-03-09 21:30:00,2025-03-09 23:07:29.900151192,2025-03-10 02:39:29.900151192,3 - Média,Aplicação,Sub A,lhco,CI-90,NOC N2,Monitoramento,SIM,NAO,Manutenção Programada,Ajuste de configuração,5849.900151190325
INC100741,2025-03-10 01:21:00,2025-03-10 01:34:58.614023220,2025-03-10 03:56:58.614023220,2 - Alta,Aplicação,Sub B,lhco,CI-18,Suporte N3,Monitoramento,SIM,NAO,Erro de Configuração,Reinício de serviço,838.6140232191042
INC100742,2025-03-10 01:44:00,2025-03-10 02:35:28.294761408,2025-03-10 03:19:28.294761408,4 - Baixa,Infraestrutura,Sub A,lrev,CI-125,SRE,Monitoramento,NAO,NAO,Falha de Rede,Patch aplicado,3088.294761410479
INC100743,2025-03-10 06:06:00,2025-03-10 06:43:58.149785460,2025-03-10 08:27:58.149785460,3 - Média,Banco de Dados,Sub B,lhco,CI-109,NOC N2,Monitoramento,SIM,NAO,Falha de Aplicação,Ajuste de configuração,2278.149785460833
INC100744,2025-03-10 09:09:00,2025-03-10 10:30:05.547112590,2025-03-10 11:56:05.547112590,3 - Média,Infraestrutura,Sub A,lcem,CI-327,NOC N1,Monitoramento,SIM,NAO,Falha de Aplicação,Ajuste de configuração,4865.547112592422
INC100745,2025-03-10 11:21:00,2025-03-10 12:56:38.720292564,2025-03-10 13:55:38.720292564,3 - Média,Aplicação,Sub A,lcem,CI-309,NOC N2,Monitoramento,SIM,NAO,Falha de Aplicação,Patch aplicado,5738.720292565256
INC100746,2025-03-10 13:15:00,2025-03-10 13:58:26.482773882,2025-03-10 14:50:26.482773882,3 - Média,Rede,Sub B,lhco,CI-291,NOC N2,Manual,SIM,NAO,Erro de Configuração,Ajuste de configuração,2606.482773882086
INC100747,2025-03-10 13:29:00,2025-03-10 15:42:27.043345710,2025-03-10 17:44:27.043345710,3 - Média,Aplicação,Sub C,lhco,CI-129,SRE,Monitoramento,SIM,NAO,Erro de Configuração,Patch aplicado,8007.043345712263
INC100748,2025-03-10 15:22:00,2025-03-10 15:28:11.719120704,2025-03-10 16:04:11.719120704,2 - Alta,Rede,Sub B,lsin,CI-206,Suporte N3,Monitoramento,SIM,NAO,Falha de Rede,Reinício de serviço,371.71912070515623
INC100749,2025-03-10 16:07:00,2025-03-10 16:53:42.120335160,2025-03-10 16:56:42.120335160,2 - Alta,Banco de Dados,Sub B,lhvp,CI-342,Suporte N3,Monitoramento,SIM,NAO,Manutenção Programada,Ajuste de configuração,2802.1203351582863
INC100750,2025-03-10 16:21:00,2025-03-10 16:53:39.317924562,2025-03-10 19:31:39.317924562,2 - Alta,Infraestrutura,Sub A,lcem,CI-195,Suporte N3,Monitoramento,SIM,NAO,Falha de Rede,Patch aplicado,1959.3179245610663
INC100751,2025-03-10 18:00:00,2025-03-10 19:18:50.819647362,2025-03-10 22:11:50.819647362,4 - Baixa,Infraestrutura,Sub B,lrev,CI-193,NOC N2,Manual,NAO,NAO,Falha de Rede,Reinício de serviço,4730.819647361173
INC100752,2025-03-10 23:10:00,2025-03-11 00:17:35.481678582,2025-03-11 03:19:35.481678582,3 - Média,Infraestrutura,Sub B,lhco,CI-316,Suporte N3,Monitoramento,SIM,NAO,Manutenção Programada,Patch aplicado,4055.481678579914
INC100753,2025-03-10 23:37:00,2025-03-11 03:03:49.594012884,2025-03-11 04:17:49.594012884,3 - Média,Rede,Sub A,lsin,CI-244,SRE,Monitoramento,SIM,NAO,Falha de Rede,Patch aplicado,12409.594012882235
INC100754,2025-03-11 00:09:00,2025-03-11 02:23:03.710139486,2025-03-11 04:33:03.710139486,3 - Média,Infraestrutura,Sub B,lhco,CI-227,Suporte N3,Monitoramento,SIM,NAO,Falha de Rede,Patch aplicado,8043.71013948682
INC100755,2025-03-11 02:10:00,2025-03-11 02:23:41.926239102,2025-03-11 05:19:41.926239102,3 - Média,Aplicação,Sub A,lsin,CI-38,SRE,Manual,SIM,NAO,Erro de Configuração,Ajuste de configuração,821.926239102332
INC100756,2025-03-11 02:41:00,2025-03-11 04:11:24.828476472,2025-03-11 07:12:24.828476472,2 - Alta,Rede,Sub C,lcem,CI-138,NOC N1,Monitoramento,SIM,NAO,Erro de Configuração,Ajuste de configuração,5424.828476473703
INC100757,2025-03-11 04:00:00,2025-03-11 04:50:59.874980250,2025-03-11 05:04:59.874980250,2 - Alta,Infraestrutura,Sub A,lcem,CI-41,SRE,Monitoramento,SIM,NAO,Erro de Configuração,Ajuste de configuração,3059.8749802488264
INC100758,2025-03-11 06:36:00,2025-03-11 08:29:05.809670106,2025-03-11 08:51:05.809670106,3 - Média,Rede,Sub C,lcem,CI-279,Suporte N3,Monitoramento,SIM,NAO,Falha de Aplicação,Reinício de serviço,6785.809670106219
INC100759,2025-03-11 07:44:00,2025-03-11 08:20:31.115680890,2025-03-11 09:23:31.115680890,2 - Alta,Infraestrutura,Sub A,lcem,CI-335,NOC N2,Manual,SIM,NAO,Manutenção Programada,Patch aplicado,2191.115680888688
INC100760,2025-03-11 10:16:00,2025-03-11 10:37:43.978689960,2025-03-11 14:25:43.978689960,2 - Alta,Infraestrutura,Sub B,lrev,CI-333,NOC N2,Monitoramento,SIM,NAO,Erro de Configuração,Patch aplicado,1303.9786899603844
INC100761,2025-03-11 12:29:00,2025-03-11 13:13:26.935996350,2025-03-11 15:40:26.935996350,4 - Baixa,Aplicação,Sub C,lcem,CI-304,NOC N2,Monitoramento,NAO,NAO,Erro de Configuração,Ajuste de configuração,2666.9359963516563
INC100762,2025-03-11 12:58:00,2025-03-11 15:05:00.879210618,2025-03-11 15:12:00.879210618,3 - Média,Infraestrutura,Sub C,lsin,CI-311,Suporte N3,Monitoramento,SIM,NAO,Manutenção Programada,Ajuste de configuração,7620.87921061614
INC100763,2025-03-11 16:36:00,2025-03-11 17:14:42.082478346,2025-03-11 19:22:42.082478346,2 - Alta,Aplicação,Sub B,lhco,CI-89,Suporte N3,Monitoramento,SIM,NAO,Erro de Configuração,Patch aplicado,2322.0824783452376
INC100764,2025-03-11 19:14:00,2025-03-11 20:45:34.620257568,2025-03-12 00:02:34.620257568,2 - Alta,Aplicação,Sub A,lrev,CI-61,Suporte N3,Monitoramento,SIM,NAO,Erro de Configuração,Patch aplicado,5494.620257568695
INC100765,2025-03-11 19:18:00,2025-03-11 21:05:00.560614386,2025-03-11 21:35:00.560614386,4 - Baixa,Rede,Sub B,lhco,CI-269,Suporte N3,Monitoramento,NAO,NAO,Erro de Configuração,Patch aplicado,6420.560614384156
INC100766,2025-03-11 20:19:00,2025-03-11 20:28:18.166881738,2025-03-11 22:06:18.166881738,3 - Média,Aplicação,Sub A,lhco,CI-238,SRE,Monitoramento,SIM,NAO,Manutenção Programada,Ajuste de configuração,558.1668817381446
INC100767,2025-03-11 20:47:00,2025-03-11 21:48:56.803220118,2025-03-11 23:42:56.803220118,3 - Média,Banco de Dados,Sub A,lsin,CI-298,SRE,Monitoramento,SIM,NAO,Falha de Rede,Reinício de serviço,3716.8032201191754
INC100768,2025-03-12 01:55:00,2025-03-12 03:23:59.394084396,2025-03-12 05:24:59.394084396,4 - Baixa,Infraestrutura,Sub A,lsin,CI-246,SRE,Monitoramento,NAO,NAO,Manutenção Programada,Reinício de serviço,5339.394084398209
INC100769,2025-03-12 02:03:00,2025-03-12 05:20:09.242842692,2025-03-12 08:40:09.242842692,3 - Média,Infraestrutura,Sub A,lhco,CI-28,Suporte N3,Monitoramento,SIM,NAO,Erro de Configuração,Ajuste de configuração,11829.242842694759
INC100770,2025-03-12 04:34:00,2025-03-12 05:32:13.253769192,2025-03-12 08:06:13.253769192,4 - Baixa,Aplicação,Sub C,lhco,CI-358,Suporte N3,Monitoramento,NAO,NAO,Erro de Configuração,Reinício de serviço,3493.253769194156
INC100771,2025-03-12 06:28:00,2025-03-12 06:56:43.181043102,2025-03-12 08:55:43.181043102,4 - Baixa,Rede,Sub C,lcem,CI-150,Suporte N3,Monitoramento,NAO,NAO,Falha de Aplicação,Patch aplicado,1723.1810431036972
INC100772,2025-03-12 08:37:00,2025-03-12 09:02:14.281168338,2025-03-12 12:24:14.281168338,3 - Média,Banco de Dados,Sub A,lhco,CI-213,NOC N2,Monitoramento,SIM,NAO,Manutenção Programada,Reinício de serviço,1514.281168335494
INC100773,2025-03-12 12:32:00,2025-03-12 15:00:15.585396534,2025-03-12 16:00:15.585396534,2 - Alta,Rede,Sub B,lcem,CI-376,NOC N1,Monitoramento,SIM,NAO,Manutenção Programada,Patch aplicado,8895.585396533776
INC100774,2025-03-12 13:06:00,2025-03-12 14:28:32.116519200,2025-03-12 17:37:32.116519200,2 - Alta,Rede,Sub B,lhco,CI-83,Suporte N3,Monitoramento,SIM,NAO,Falha de Aplicação,Ajuste de configuração,4952.116519202151
INC100775,2025-03-12 19:26:00,2025-03-12 20:07:17.413786308,2025-03-12 23:20:17.413786308,4 - Baixa,Banco de Dados,Sub C,lhco,CI-51,Suporte N3,Monitoramento,NAO,NAO,Manutenção Programada,Patch aplicado,2477.413786310208
INC100776,2025-03-12 20:33:00,2025-03-12 21:57:14.128441656,2025-03-12 22:22:14.128441656,4 - Baixa,Rede,Sub C,lhco,CI-103,SRE,Manual,NAO,NAO,Erro de Configuração,Patch aplicado,5054.128441654351
INC100777,2025-03-13 01:38:00,2025-03-13 02:42:26.298238380,2025-03-13 03:48:26.298238380,2 - Alta,Banco de Dados,Sub A,lrev,CI-281,SRE,Monitoramento,SIM,NAO,Manutenção Programada,Patch aplicado,3866.2982383777253
INC100778,2025-03-13 01:54:00,2025-03-13 03:47:39.425341206,2025-03-13 05:49:39.425341206,2 - Alta,Banco de Dados,Sub C,lsin,CI-234,NOC N1,Manual,SIM,NAO,Erro de Configuração,Patch aplicado,6819.425341207615
INC100779,2025-03-13 02:13:00,2025-03-13 05:39:18.336195744,2025-03-13 09:20:18.336195744,3 - Média,Infraestrutura,Sub B,lrev,CI-239,Suporte N3,Monitoramento,SIM,NAO,Manutenção Programada,Ajuste de configuração,12378.336195742419
INC100780,2025-03-13 04:46:00,2025-03-13 07:48:41.567386692,2025-03-13 09:22:41.567386692,2 - Alta,Banco de Dados,Sub B,lhco,CI-335,NOC N2,Monitoramento,SIM,NAO,Manutenção Programada,Patch aplicado,10961.567386693625
INC100781,2025-03-13 04:50:00,2025-03-13 10:01:51.699339708,2025-03-13 13:50:51.699339708,3 - Média,Infraestrutura,Sub C,lsin,CI-149,SRE,Monitoramento,SIM,NAO,Falha de Rede,Patch aplicado,18711.699339707364
INC100782,2025-03-13 13:16:00,2025-03-13 13:39:38.544916752,2025-03-13 16:15:38.544916752,3 - Média,Aplicação,Sub C,lhco,CI-206,NOC N1,Monitoramento,SIM,NAO,Falha de Rede,Reinício de serviço,1418.544916750906
INC100783,2025-03-13 14:08:00,2025-03-13 15:20:23.099709720,2025-03-13 18:10:23.099709720,4 - Baixa,Banco de Dados,Sub C,lhco,CI-245,SRE,Monitoramento,NAO,NAO,Falha de Aplicação,Ajuste de configuração,4343.09970972095
INC100784,2025-03-13 17:49:00,2025-03-13 20:00:48.451273134,2025-03-13 21:16:48.451273134,3 - Média,Infraestrutura,Sub A,lhvp,CI-314,NOC N1,Monitoramento,SIM,NAO,Falha de Rede,Reinício de serviço,7908.451273134079
INC100785,2025-03-13 18:34:00,2025-03-13 19:09:34.378123686,2025-03-13 22:38:34.378123686,3 - Média,Infraestrutura,Sub C,lhco,CI-168,NOC N1,Manual,SIM,NAO,Falha de Rede,Ajuste de configuração,2134.378123683201
INC100786,2025-03-13 22:13:00,2025-03-14 01:17:02.819630352,2025-03-14 01:25:02.819630352,3 - Média,Infraestrutura,Sub B,lsin,CI-65,SRE,Monitoramento,SIM,NAO,Erro de Configuração,Reinício de serviço,11042.81963035008
INC100787,2025-03-13 23:11:00,2025-03-14 01:44:08.763256428,2025-03-14 03:47:08.763256428,3 - Média,Banco de Dados,Sub B,lhco,CI-61,Suporte N3,Monitoramento,SIM,NAO,Falha de Aplicação,Reinício de serviço,9188.763256430859
INC100788,2025-03-14 00:05:00,2025-03-14 03:04:12.747755244,2025-03-14 03:31:12.747755244,3 - Média,Infraestrutura,Sub A,lhvp,CI-269,NOC N2,Monitoramento,SIM,NAO,Falha de Rede,Reinício de serviço,10752.747755242905
INC100789,2025-03-14 02:07:00,2025-03-14 03:38:06.083431686,2025-03-14 06:53:06.083431686,2 - Alta,Aplicação,Sub B,lhvp,CI-78,NOC N2,Monitoramento,SIM,NAO,Falha de Rede,Ajuste de configuração,5466.083431684421
INC100790,2025-03-14 03:58:00,2025-03-14 04:54:32.437453302,2025-03-14 07:50:32.437453302,3 - Média,Infraestrutura,Sub C,lhco,CI-272,Suporte N3,Monitoramento,SIM,NAO,Manutenção Programada,Ajuste de configuração,3392.437453303673
INC100791,2025-03-14 08:58:00,2025-03-14 10:02:11.210775108,2025-03-14 13:52:11.210775108,2 - Alta,Banco de Dados,Sub C,lsin,CI-51,NOC N2,Monitoramento,SIM,NAO,Erro de Configuração,Ajuste de configuração,3851.2107751088724
INC100792,2025-03-14 11:18:00,2025-03-14 11:33:53.970379590,2025-03-14 14:49:53.970379590,2 - Alta,Infraestrutura,Sub A,lsin,CI-383,Suporte N3,Monitoramento,SIM,NAO,Manutenção Programada,Patch aplicado,953.9703795904618
INC100793,2025-03-14 11:46:00,2025-03-14 12:32:21.809571864,2025-03-14 15:12:21.809571864,3 - Média,Aplicação,Sub B,lhco,CI-147,NOC N1,Monitoramento,SIM,NAO,Erro de Configuração,Patch aplicado,2781.8095718643253
INC100794,2025-03-14 13:41:00,2025-03-14 15:00:20.540057856,2025-03-14 15:19:20.540057856,4 - Baixa,Infraestrutura,Sub A,lcem,CI-386,Suporte N3,Manual,NAO,NAO,Falha de Aplicação,Ajuste de configuração,4760.540057858008
INC100795,2025-03-14 16:29:00,2025-03-14 19:22:43.530923880,2025-03-14 19:23:43.530923880,4 - Baixa,Banco de Dados,Sub A,lhco,CI-330,SRE,Monitoramento,NAO,NAO,Erro de Configuração,Ajuste de configuração,10423.530923881102
INC100796,2025-03-14 18:54:00,2025-03-14 19:28:47.929835988,2025-03-14 22:15:47.929835988,2 - Alta,Rede,Sub A,lhco,CI-255,NOC N1,Monitoramento,SIM,NAO,Falha de Aplicação,Ajuste de configuração,2087.92983598921
INC100797,2025-03-14 21:32:00,2025-03-14 22:57:00.003029952,2025-03-15 00:08:00.003029952,3 - Média,Banco de Dados,Sub C,lhco,CI-301,Suporte N3,Manual,SIM,NAO,Falha de Aplicação,Patch aplicado,5100.003029952073
INC100798,2025-03-14 21:37:00,2025-03-14 22:53:57.741350448,2025-03-14 23:51:57.741350448,3 - Média,Banco de Dados,Sub B,lcem,CI-278,SRE,Manual,SIM,NAO,Manutenção Programada,Patch aplicado,4617.741350446314
INC100799,2025-03-14 21:41:00,2025-03-14 22:04:01.316374206,2025-03-15 01:17:01.316374206,4 - Baixa,Banco de Dados,Sub C,lhvp,CI-242,NOC N2,Monitoramento,NAO,NAO,Falha de Aplicação,Reinício de serviço,1381.3163742064849
INC100800,2025-03-14 22:37:00,2025-03-14 23:29:54.379767732,2025-03-15 01:00:54.379767732,3 - Média,Infraestrutura,Sub B,lhco,CI-57,SRE,Monitoramento,SIM,NAO,Erro de Configuração,Patch aplicado,3174.3797677317343
INC100801,2025-03-14 23:20:00,2025-03-15 00:32:16.827561102,2025-03-15 01:37:16.827561102,3 - Média,Banco de Dados,Sub C,lsin,CI-85,SRE,Monitoramento,SIM,NAO,Manutenção Programada,Reinício de serviço,4336.827561099868
INC100802,2025-03-14 23:47:00,2025-03-15 00:29:02.305236150,2025-03-15 03:01:02.305236150,2 - Alta,Infraestrutura,Sub B,lhco,CI-110,SRE,Monitoramento,SIM,NAO,Falha de Rede,Patch aplicado,2522.305236151246
INC100803,2025-03-14 23:58:00,2025-03-15 02:02:30.309842160,2025-03-15 05:53:30.309842160,3 - Média,Rede,Sub B,lsin,CI-198,NOC N1,Monitoramento,SIM,NAO,Falha de Rede,Patch aplicado,7470.3098421624
INC100804,2025-03-15 03:13:00,2025-03-15 04:59:58.431131022,2025-03-15 07:28:58.431131022,3 - Média,Banco de Dados,Sub A,lsin,CI-111,Suporte N3,Monitoramento,SIM,NAO,Falha de Aplicação,Ajuste de configuração,6418.431131020796
INC100805,2025-03-15 04:22:00,2025-03-15 05:38:54.048732918,2025-03-15 09:31:54.048732918,3 - Média,Infraestrutura,Sub B,lsin,CI-305,NOC N1,Monitoramento,SIM,NAO,Erro de Configuração,Reinício de serviço,4614.048732919575
INC100806,2025-03-15 08:10:00,2025-03-15 08:52:49.068854466,2025-03-15 10:59:49.068854466,2 - Alta,Infraestrutura,Sub A,lhco,CI-25,SRE,Monitoramento,SIM,NAO,Falha de Rede,Ajuste de configuração,2569.068854465423
INC100807,2025-03-15 11:16:00,2025-03-15 11:53:49.016685816,2025-03-15 13:52:49.016685816,4 - Baixa,Aplicação,Sub C,lsin,CI-60,Suporte N3,Monitoramento,NAO,NAO,Falha de Aplicação,Reinício de serviço,2269.016685818829
INC100808,2025-03-15 11:23:00,2025-03-15 12:36:30.745891914,2025-03-15 12:43:30.745891914,2 - Alta,Banco de Dados,Sub C,lcem,CI-245,SRE,Monitoramento,SIM,NAO,Falha de Rede,Ajuste de configuração,4410.74589191504
INC100809,2025-03-15 11:48:00,2025-03-15 14:16:30.474640434,2025-03-15 16:53:30.474640434,3 - Média,Banco de Dados,Sub A,lcem,CI-186,NOC N1,Monitoramento,SIM,NAO,Falha de Rede,Ajuste de configuração,8910.47464043439
INC100810,2025-03-15 18:00:00,2025-03-15 20:07:58.429688622,2025-03-15 23:42:58.429688622,3 - Média,Rede,Sub C,lhco,CI-87,SRE,Monitoramento,SIM,NAO,Falha de Aplicação,Ajuste de configuração,7678.4296886219445
INC100811,2025-03-15 20:11:00,2025-03-15 21:11:51.070667652,2025-03-15 22:03:51.070667652,3 - Média,Banco de Dados,Sub B,lsin,CI-66,SRE,Monitoramento,SIM,NAO,Manutenção Programada,Patch aplicado,3651.0706676545974
INC100812,2025-03-15 22:05:00,2025-03-16 01:41:59.165295864,2025-03-16 05:21:59.165295864,3 - Média,Banco de Dados,Sub B,lsin,CI-34,NOC N1,Monitoramento,SIM,NAO,Falha de Rede,Ajuste de configuração,13019.165295866536
INC100813,2025-03-15 23:23:00,2025-03-16 00:08:22.632486354,2025-03-16 00:12:22.632486354,3 - Média,Banco de Dados,Sub B,lhco,CI-259,NOC N1,Monitoramento,SIM,NAO,Falha de Aplicação,Reinício de serviço,2722.6324863553205
INC100814,2025-03-16 04:33:00,2025-03-16 05:00:58.155033732,2025-03-16 08:55:58.155033732,3 - Média,Infraestrutura,Sub B,lcem,CI-382,SRE,Monitoramento,SIM,NAO,Erro de Configuração,Ajuste de configuração,1678.1550337301526
INC100815,2025-03-16 08:16:00,2025-03-16 08:59:58.736800638,2025-03-16 12:37:58.736800638,4 - Baixa,Aplicação,Sub A,lcem,CI-351,NOC N1,Monitoramento,NAO,NAO,Falha de Aplicação,Patch aplicado,2638.7368006374354
INC100816,2025-03-16 09:38:00,2025-03-16 10:57:26.657805000,2025-03-16 11:46:26.657805000,3 - Média,Rede,Sub B,lsin,CI-135,NOC N1,Monitoramento,SIM,NAO,Falha de Aplicação,Patch aplicado,4766.657805001585
INC100817,2025-03-16 10:11:00,2025-03-16 11:40:12.362745666,2025-03-16 12:10:12.362745666,2 - Alta,Rede,Sub B,lsin,CI-93,SRE,Monitoramento,SIM,NAO,Manutenção Programada,Ajuste de configuração,5352.3627456638205
INC100818,2025-03-16 12:19:00,2025-03-16 14:20:42.416948490,2025-03-16 16:03:42.416948490,4 - Baixa,Rede,Sub C,lhco,CI-125,SRE,Monitoramento,NAO,NAO,Manutenção Programada,Reinício de serviço,7302.4169484928
INC100819,2025-03-16 15:56:00,2025-03-16 16:52:43.968742878,2025-03-16 18:19:43.968742878,3 - Média,Rede,Sub C,lcem,CI-240,NOC N2,Monitoramento,SIM,NAO,Falha de Aplicação,Patch aplicado,3403.96874288055
INC100820,2025-03-16 16:00:00,2025-03-16 16:12:38.444203536,2025-03-16 16:30:38.444203536,4 - Baixa,Rede,Sub B,lcem,CI-231,NOC N2,Monitoramento,NAO,NAO,Erro de Configuração,Ajuste de configuração,758.4442035359459
INC100821,2025-03-16 16:20:00,2025-03-16 17:22:10.742685282,2025-03-16 17:32:10.742685282,3 - Média,Rede,Sub C,lhvp,CI-175,NOC N1,Manual,SIM,NAO,Manutenção Programada,Ajuste de configuração,3730.7426852810067
INC100822,2025-03-16 16:29:00,2025-03-16 18:02:51.781999368,2025-03-16 20:45:51.781999368,3 - Média,Rede,Sub C,lcem,CI-322,SRE,Monitoramento,SIM,NAO,Manutenção Programada,Patch aplicado,5631.7819993678295
INC100823,2025-03-16 17:03:00,2025-03-16 18:16:50.562464556,2025-03-16 21:08:50.562464556,2 - Alta,Banco de Dados,Sub A,lsin,CI-52,SRE,Monitoramento,SIM,NAO,Erro de Configuração,Reinício de serviço,4430.562464554993
INC100824,2025-03-16 17:16:00,2025-03-16 18:29:40.452332514,2025-03-16 21:21:40.452332514,4 - Baixa,Rede,Sub B,lhco,CI-326,NOC N2,Monitoramento,NAO,NAO,Falha de Aplicação,Patch aplicado,4420.452332514293
INC100825,2025-03-16 18:30:00,2025-03-16 19:03:30.794605104,2025-03-16 19:30:30.794605104,3 - Média,Aplicação,Sub A,lsin,CI-274,SRE,Monitoramento,SIM,NAO,Manutenção Programada,Ajuste de configuração,2010.7946051036834
INC100826,2025-03-16 19:55:00,2025-03-16 20:43:36.647365776,2025-03-16 22:38:36.647365776,3 - Média,Rede,Sub A,lrev,CI-26,NOC N1,Monitoramento,SIM,NAO,Falha de Rede,Reinício de serviço,2916.64736577786
INC100827,2025-03-16 20:50:00,2025-03-16 22:59:23.579501928,2025-03-16 23:22:23.579501928,3 - Média,Aplicação,Sub C,lsin,CI-100,SRE,Manual,SIM,NAO,Falha de Aplicação,Reinício de serviço,7763.579501925934
INC100828,2025-03-16 22:16:00,2025-03-16 23:16:47.317546044,2025-03-17 01:28:47.317546044,2 - Alta,Infraestrutura,Sub A,lcem,CI-266,NOC N2,Monitoramento,SIM,NAO,Manutenção Programada,Patch aplicado,3647.3175460427783
INC100829,2025-03-16 23:50:00,2025-03-17 00:46:36.072699378,2025-03-17 00:47:36.072699378,4 - Baixa,Rede,Sub C,lsin,CI-59,SRE,Monitoramento,NAO,NAO,Falha de Aplicação,Patch aplicado,3396.0726993760204
INC100830,2025-03-17 02:35:00,2025-03-17 03:06:32.145952404,2025-03-17 04:54:32.145952404,2 - Alta,Infraestrutura,Sub C,lhco,CI-119,SRE,Monitoramento,SIM,NAO,Manutenção Programada,Ajuste de configuração,1892.145952402933
INC100831,2025-03-17 03:10:00,2025-03-17 04:48:02.139658650,2025-03-17 08:16:02.139658650,3 - Média,Aplicação,Sub A,lhco,CI-161,NOC N2,Monitoramento,SIM,NAO,Erro de Configuração,Reinício de serviço,5882.139658648682
INC100832,2025-03-17 03:26:00,2025-03-17 03:42:00.976648986,2025-03-17 05:28:00.976648986,3 - Média,Infraestrutura,Sub C,lhvp,CI-162,SRE,Monitoramento,SIM,NAO,Falha de Rede,Ajuste de configuração,960.976648986057
INC100833,2025-03-17 05:00:00,2025-03-17 06:31:06.205654326,2025-03-17 07:38:06.205654326,4 - Baixa,Infraestrutura,Sub B,lhco,CI-376,SRE,Monitoramento,NAO,NAO,Falha de Aplicação,Patch aplicado,5466.205654325469
INC100834,2025-03-17 06:56:00,2025-03-17 08:34:45.910620900,2025-03-17 10:04:45.910620900,2 - Alta,Banco de Dados,Sub A,lcem,CI-141,Suporte N3,Monitoramento,SIM,NAO,Falha de Aplicação,Ajuste de configuração,5925.91062089997
INC100835,2025-03-17 07:00:00,2025-03-17 07:43:23.735090286,2025-03-17 11:17:23.735090286,3 - Média,Aplicação,Sub C,lhco,CI-355,SRE,Monitoramento,SIM,NAO,Falha de Rede,Reinício de serviço,2603.735090285019
INC100836,2025-03-17 10:17:00,2025-03-17 10:31:46.775333172,2025-03-17 14:22:46.775333172,4 - Baixa,Aplicação,Sub B,lrev,CI-134,Suporte N3,Monitoramento,NAO,NAO,Manutenção Programada,Patch aplicado,886.7753331720725
INC100837,2025-03-17 10:23:00,2025-03-17 11:28:43.257702108,2025-03-17 13:59:43.257702108,3 - Média,Banco de Dados,Sub B,lhco,CI-187,Suporte N3,Monitoramento,SIM,NAO,Manutenção Programada,Ajuste de configuração,3943.25770210505
INC100838,2025-03-17 17:28:00,2025-03-17 18:48:27.131187630,2025-03-17 21:09:27.131187630,3 - Média,Banco de Dados,Sub A,lsin,CI-23,SRE,Monitoramento,SIM,NAO,Falha de Aplicação,Ajuste de configuração,4827.131187627315
INC100839,2025-03-17 19:46:00,2025-03-17 22:05:46.732164918,2025-03-17 23:34:46.732164918,2 - Alta,Rede,Sub A,lrev,CI-56,SRE,Monitoramento,SIM,NAO,Erro de Configuração,Reinício de serviço,8386.732164915216
INC100840,2025-03-17 20:05:00,2025-03-17 21:13:07.728902616,2025-03-17 21:49:07.728902616,3 - Média,Infraestrutura,Sub B,lcem,CI-330,NOC N2,Monitoramento,SIM,NAO,Falha de Aplicação,Reinício de serviço,4087.72890261652
INC100841,2025-03-17 21:29:00,2025-03-17 22:42:15.021683352,2025-03-17 23:59:15.021683352,3 - Média,Rede,Sub A,lsin,CI-131,NOC N2,Monitoramento,SIM,NAO,Falha de Aplicação,Patch aplicado,4395.021683349989
INC100842,2025-03-17 21:59:00,2025-03-17 22:40:02.333019888,2025-03-18 01:10:02.333019888,3 - Média,Banco de Dados,Sub A,lcem,CI-96,NOC N2,Monitoramento,SIM,NAO,Falha de Aplicação,Reinício de serviço,2462.3330198850963
INC100843,2025-03-17 22:08:00,2025-03-18 00:29:00.703252770,2025-03-18 02:12:00.703252770,3 - Média,Rede,Sub B,lsin,CI-368,SRE,Monitoramento,SIM,NAO,Manutenção Programada,Reinício de serviço,8460.703252767149
INC100844,2025-03-18 04:48:00,2025-03-18 05:30:02.034193475,2025-03-18 08:21:02.034193475,3 - Média,Infraestrutura,Sub A,lsin,CI-120,SRE,Monitoramento,SIM,NAO,Falha de Aplicação,Ajuste de configuração,2522.0341934756393
INC100845,2025-03-18 08:34:00,2025-03-18 10:08:27.726554472,2025-03-18 11:27:27.726554472,4 - Baixa,Rede,Sub B,lsin,CI-264,Suporte N3,Monitoramento,NAO,NAO,Erro de Configuração,Ajuste de configuração,5667.726554470247
INC100846,2025-03-18 08:39:00,2025-03-18 11:29:08.413143444,2025-03-18 13:50:08.413143444,4 - Baixa,Rede,Sub C,lcem,CI-118,NOC N2,Manual,NAO,NAO,Falha de Rede,Reinício de serviço,10208.413143442753
INC100847,2025-03-18 13:51:00,2025-03-18 15:34:12.848799546,2025-03-18 18:50:12.848799546,3 - Média,Aplicação,Sub C,lsin,CI-17,NOC N2,Manual,SIM,NAO,Erro de Configuração,Ajuste de configuração,6192.848799547731
INC100848,2025-03-18 18:02:00,2025-03-18 20:17:13.386176532,2025-03-19 00:14:13.386176532,2 - Alta,Rede,Sub A,lhvp,CI-14,NOC N1,Monitoramento,SIM,NAO,Manutenção Programada,Ajuste de configuração,8113.38617653275
INC100849,2025-03-18 18:25:00,2025-03-18 19:27:06.563924262,2025-03-18 22:39:06.563924262,2 - Alta,Banco de Dados,Sub B,lhco,CI-256,NOC N1,Monitoramento,SIM,NAO,Erro de Configuração,Patch aplicado,3726.5639242637853
INC100850,2025-03-18 20:21:00,2025-03-19 00:29:55.077487026,2025-03-19 03:41:55.077487026,2 - Alta,Aplicação,Sub C,lhco,CI-343,NOC N2,Monitoramento,SIM,NAO,Falha de Aplicação,Ajuste de configuração,14935.077487025748
INC100851,2025-03-18 23:38:00,2025-03-19 00:12:42.702284190,2025-03-19 04:08:42.702284190,3 - Média,Rede,Sub C,lcem,CI-220,SRE,Manual,SIM,NAO,Falha de Rede,Ajuste de configuração,2082.702284190057
INC100852,2025-03-19 06:30:00,2025-03-19 08:42:27.402513342,2025-03-19 10:48:27.402513342,4 - Baixa,Infraestrutura,Sub A,lcem,CI-352,NOC N2,Monitoramento,NAO,NAO,Manutenção Programada,Reinício de serviço,7947.402513340546
INC100853,2025-03-19 15:15:00,2025-03-19 18:12:59.402335626,2025-03-19 21:23:59.402335626,3 - Média,Rede,Sub A,lsin,CI-93,NOC N2,Monitoramento,SIM,NAO,Falha de Rede,Patch aplicado,10679.402335624925
INC100854,2025-03-19 17:49:00,2025-03-19 18:16:47.366007150,2025-03-19 20:36:47.366007150,4 - Baixa,Banco de Dados,Sub C,lsin,CI-307,NOC N2,Monitoramento,NAO,NAO,Manutenção Programada,Ajuste de configuração,1667.3660071529698
INC100855,2025-03-19 20:46:00,2025-03-19 21:22:43.009323018,2025-03-19 21:58:43.009323018,3 - Média,Banco de Dados,Sub A,lsin,CI-109,NOC N1,Monitoramento,SIM,NAO,Erro de Configuração,Ajuste de configuração,2203.0093230193997
INC100856,2025-03-19 21:06:00,2025-03-19 22:40:32.018645513,2025-03-19 23:24:32.018645513,3 - Média,Banco de Dados,Sub C,lhco,CI-268,NOC N2,Manual,SIM,NAO,Falha de Rede,Patch aplicado,5672.018645516866
INC100857,2025-03-19 21:18:00,2025-03-19 23:04:12.929119482,2025-03-20 01:59:12.929119482,4 - Baixa,Banco de Dados,Sub A,lhco,CI-187,SRE,Monitoramento,NAO,NAO,Erro de Configuração,Reinício de serviço,6372.9291194802
INC100858,2025-03-19 21:59:00,2025-03-19 22:01:05.172104694,2025-03-19 23:07:05.172104694,2 - Alta,Aplicação,Sub B,lhco,CI-77,NOC N1,Monitoramento,SIM,NAO,Falha de Rede,Ajuste de configuração,125.17210469133175
INC100859,2025-03-19 22:15:00,2025-03-19 23:55:49.224039228,2025-03-20 01:02:49.224039228,4 - Baixa,Infraestrutura,Sub A,lcem,CI-239,NOC N2,Monitoramento,NAO,NAO,Manutenção Programada,Patch aplicado,6049.224039228852
INC100860,2025-03-19 22:59:00,2025-03-19 23:27:25.913319732,2025-03-20 02:22:25.913319732,2 - Alta,Rede,Sub A,lsin,CI-199,SRE,Monitoramento,SIM,NAO,Falha de Rede,Patch aplicado,1705.9133197347826
INC100861,2025-03-19 23:51:00,2025-03-20 00:21:47.086361916,2025-03-20 01:11:47.086361916,4 - Baixa,Rede,Sub B,lrev,CI-141,NOC N2,Monitoramento,NAO,NAO,Erro de Configuração,Ajuste de configuração,1847.0863619156646
INC100862,2025-03-20 01:58:00,2025-03-20 03:30:24.618982560,2025-03-20 06:04:24.618982560,2 - Alta,Banco de Dados,Sub A,lhco,CI-25,NOC N2,Manual,SIM,NAO,Erro de Configuração,Reinício de serviço,5544.618982558589
INC100863,2025-03-20 06:27:00,2025-03-20 09:35:02.099949102,2025-03-20 10:45:02.099949102,2 - Alta,Banco de Dados,Sub B,lsin,CI-399,SRE,Monitoramento,SIM,NAO,Manutenção Programada,Reinício de serviço,11282.099949104038
INC100864,2025-03-20 08:29:00,2025-03-20 08:55:05.536391784,2025-03-20 12:10:05.536391784,4 - Baixa,Aplicação,Sub A,lsin,CI-37,NOC N2,Monitoramento,NAO,NAO,Falha de Rede,Reinício de serviço,1565.5363917844609
INC100865,2025-03-20 11:23:00,2025-03-20 13:46:05.759389974,2025-03-20 17:30:05.759389974,3 - Média,Infraestrutura,Sub A,lhco,CI-371,NOC N2,Monitoramento,SIM,NAO,Erro de Configuração,Patch aplicado,8585.759389971488
INC100866,2025-03-20 12:48:00,2025-03-20 13:33:55.612052862,2025-03-20 16:22:55.612052862,4 - Baixa,Infraestrutura,Sub A,lsin,CI-22,NOC N1,Monitoramento,NAO,NAO,Falha de Rede,Ajuste de configuração,2755.6120528623815
INC100867,2025-03-20 13:37:00,2025-03-20 14:09:10.628257836,2025-03-20 15:54:10.628257836,3 - Média,Banco de Dados,Sub A,lsin,CI-223,NOC N2,Monitoramento,SIM,NAO,Falha de Aplicação,Patch aplicado,1930.628257836808
INC100868,2025-03-20 14:43:00,2025-03-20 15:50:01.324596216,2025-03-20 19:28:01.324596216,3 - Média,Rede,Sub C,lsin,CI-364,NOC N2,Monitoramento,SIM,NAO,Erro de Configuração,Ajuste de configuração,4021.3245962152496
INC100869,2025-03-20 14:44:00,2025-03-20 15:13:18.392294784,2025-03-20 18:52:18.392294784,4 - Baixa,Rede,Sub A,lsin,CI-370,NOC N2,Manual,NAO,NAO,Erro de Configuração,Reinício de serviço,1758.3922947834997
INC100870,2025-03-20 15:36:00,2025-03-20 17:07:44.117697216,2025-03-20 20:17:44.117697216,3 - Média,Banco de Dados,Sub C,lhvp,CI-374,SRE,Monitoramento,SIM,NAO,Falha de Rede,Reinício de serviço,5504.117697218607
INC100871,2025-03-20 17:33:00,2025-03-20 18:36:49.342045188,2025-03-20 20:11:49.342045188,3 - Média,Banco de Dados,Sub B,lsin,CI-387,Suporte N3,Monitoramento,SIM,NAO,Manutenção Programada,Ajuste de configuração,3829.342045185684
INC100872,2025-03-20 19:11:00,2025-03-20 19:54:31.420216620,2025-03-20 21:08:31.420216620,2 - Alta,Rede,Sub A,lsin,CI-62,NOC N2,Monitoramento,SIM,NAO,Falha de Aplicação,Ajuste de configuração,2611.4202166188406
INC100873,2025-03-20 21:22:00,2025-03-20 22:36:34.886294640,2025-03-20 22:51:34.886294640,3 - Média,Banco de Dados,Sub B,lhco,CI-226,Suporte N3,Manual,SIM,SIM,Falha de Aplicação,Ajuste de configuração,4474.886294640402
INC100874,2025-03-20 21:41:00,2025-03-20 21:44:32.748586764,2025-03-20 22:54:32.748586764,3 - Média,Infraestrutura,Sub C,lrev,CI-172,NOC N1,Monitoramento,SIM,NAO,Falha de Aplicação,Ajuste de configuração,212.7485867612399
INC100875,2025-03-20 21:56:00,2025-03-20 23:45:14.622553812,2025-03-21 00:31:14.622553812,4 - Baixa,Rede,Sub A,lcem,CI-278,NOC N2,Monitoramento,NAO,NAO,Erro de Configuração,Reinício de serviço,6554.6225538103345
INC100876,2025-03-21 03:45:00,2025-03-21 04:16:40.988371734,2025-03-21 06:01:40.988371734,3 - Média,Rede,Sub C,lhvp,CI-378,Suporte N3,Monitoramento,SIM,NAO,Falha de Aplicação,Ajuste de configuração,1900.9883717361045
INC100877,2025-03-21 06:20:00,2025-03-21 07:08:12.164486862,2025-03-21 08:33:12.164486862,4 - Baixa,Aplicação,Sub C,lsin,CI-207,Suporte N3,Monitoramento,NAO,NAO,Erro de Configuração,Reinício de serviço,2892.164486861908
INC100878,2025-03-21 10:27:00,2025-03-21 11:29:05.740834404,2025-03-21 14:47:05.740834404,2 - Alta,Infraestrutura,Sub B,lhco,CI-281,Suporte N3,Manual,SIM,NAO,Manutenção Programada,Patch aplicado,3725.7408344067444
INC100879,2025-03-21 12:40:00,2025-03-21 13:55:39.473431158,2025-03-21 13:59:39.473431158,3 - Média,Infraestrutura,Sub C,lsin,CI-156,NOC N2,Manual,SIM,NAO,Erro de Configuração,Reinício de serviço,4539.4734311581215
INC100880,2025-03-21 14:31:00,2025-03-21 17:45:56.182409208,2025-03-21 19:39:56.182409208,4 - Baixa,Infraestrutura,Sub C,lhco,CI-236,NOC N1,Monitoramento,NAO,NAO,Falha de Rede,Ajuste de configuração,11696.18240920998
INC100881,2025-03-21 16:12:00,2025-03-21 17:49:14.755051668,2025-03-21 18:47:14.755051668,3 - Média,Aplicação,Sub C,lcem,CI-231,Suporte N3,Monitoramento,SIM,NAO,Erro de Configuração,Ajuste de configuração,5834.75505167001
INC100882,2025-03-21 16:17:00,2025-03-21 17:49:58.530389064,2025-03-21 19:54:58.530389064,3 - Média,Banco de Dados,Sub C,lsin,CI-221,NOC N2,Monitoramento,SIM,NAO,Falha de Aplicação,Reinício de serviço,5578.530389065018
INC100883,2025-03-21 16:52:00,2025-03-21 19:12:58.452268938,2025-03-21 22:27:58.452268938,4 - Baixa,Aplicação,Sub B,lhco,CI-22,NOC N1,Monitoramento,NAO,NAO,Falha de Aplicação,Patch aplicado,8458.45226893661
INC100884,2025-03-21 17:30:00,2025-03-21 19:48:49.048112172,2025-03-21 19:54:49.048112172,3 - Média,Aplicação,Sub B,lcem,CI-77,NOC N1,Monitoramento,SIM,NAO,Falha de Aplicação,Reinício de serviço,8329.048112170543
INC100885,2025-03-21 19:04:00,2025-03-21 19:49:13.628502720,2025-03-21 20:01:13.628502720,2 - Alta,Aplicação,Sub B,lhco,CI-168,SRE,Monitoramento,SIM,NAO,Falha de Rede,Ajuste de configuração,2713.6285027188987
INC100886,2025-03-21 23:49:00,2025-03-22 03:18:40.449596040,2025-03-22 03:35:40.449596040,2 - Alta,Infraestrutura,Sub B,lsin,CI-48,SRE,Monitoramento,SIM,NAO,Falha de Rede,Reinício de serviço,12580.449596040238
INC100887,2025-03-22 01:46:00,2025-03-22 02:51:21.215495820,2025-03-22 03:03:21.215495820,2 - Alta,Banco de Dados,Sub A,lhvp,CI-330,Suporte N3,Monitoramento,SIM,NAO,Erro de Configuração,Reinício de serviço,3921.215495822456
INC100888,2025-03-22 05:41:00,2025-03-22 06:16:43.272298446,2025-03-22 09:03:43.272298446,4 - Baixa,Aplicação,Sub C,lhco,CI-128,Suporte N3,Monitoramento,NAO,NAO,Falha de Rede,Ajuste de configuração,2143.2722984483853
INC100889,2025-03-22 06:54:00,2025-03-22 08:05:53.885500890,2025-03-22 11:15:53.885500890,4 - Baixa,Aplicação,Sub C,lhco,CI-383,SRE,Monitoramento,NAO,NAO,Manutenção Programada,Reinício de serviço,4313.885500888839
INC100890,2025-03-22 07:20:00,2025-03-22 08:37:54.860226516,2025-03-22 09:31:54.860226516,3 - Média,Infraestrutura,Sub B,lhvp,CI-28,NOC N2,Monitoramento,SIM,NAO,Erro de Configuração,Ajuste de configuração,4674.860226516823
INC100891,2025-03-22 09:49:00,2025-03-22 10:58:29.124101304,2025-03-22 12:47:29.124101304,4 - Baixa,Banco de Dados,Sub B,lsin,CI-99,Suporte N3,Monitoramento,NAO,NAO,Falha de Aplicação,Reinício de serviço,4169.124101306796
INC100892,2025-03-22 15:44:00,2025-03-22 16:06:50.321151876,2025-03-22 18:36:50.321151876,4 - Baixa,Banco de Dados,Sub A,lsin,CI-128,Suporte N3,Monitoramento,NAO,NAO,Falha de Rede,Patch aplicado,1370.3211518740818
INC100893,2025-03-22 19:06:00,2025-03-22 20:08:49.470068868,2025-03-22 20:54:49.470068868,4 - Baixa,Infraestrutura,Sub B,lsin,CI-214,NOC N2,Monitoramento,NAO,NAO,Manutenção Programada,Patch aplicado,3769.47006886791
INC100894,2025-03-22 20:49:00,2025-03-22 21:31:02.644038330,2025-03-22 21:53:02.644038330,3 - Média,Aplicação,Sub A,lsin,CI-392,NOC N1,Monitoramento,SIM,NAO,Falha de Rede,Patch aplicado,2522.6440383327454
INC100895,2025-03-23 06:30:00,2025-03-23 07:32:39.715837248,2025-03-23 11:12:39.715837248,4 - Baixa,Infraestrutura,Sub C,lsin,CI-99,Suporte N3,Monitoramento,NAO,NAO,Falha de Aplicação,Ajuste de configuração,3759.7158372508306
INC100896,2025-03-23 07:05:00,2025-03-23 08:35:54.731269776,2025-03-23 08:35:54.731269776,4 - Baixa,Aplicação,Sub B,lcem,CI-385,NOC N1,Monitoramento,NAO,NAO,Erro de Configuração,Reinício de serviço,5454.731269773485
INC100897,2025-03-23 07:29:00,2025-03-23 08:24:51.960885198,2025-03-23 08:30:51.960885198,2 - Alta,Aplicação,Sub C,lhco,CI-379,Suporte N3,Monitoramento,SIM,NAO,Falha de Aplicação,Reinício de serviço,3351.9608852002393
INC100898,2025-03-23 08:12:00,2025-03-23 08:32:15.788937870,2025-03-23 11:45:15.788937870,2 - Alta,Aplicação,Sub A,lhco,CI-88,Suporte N3,Manual,SIM,NAO,Erro de Configuração,Patch aplicado,1215.788937867706
INC100899,2025-03-23 08:27:00,2025-03-23 10:01:14.216949648,2025-03-23 11:07:14.216949648,3 - Média,Aplicação,Sub B,lhco,CI-52,SRE,Monitoramento,SIM,NAO,Falha de Rede,Reinício de serviço,5654.216949645798
INC100900,2025-03-23 08:43:00,2025-03-23 09:51:58.842021702,2025-03-23 11:23:58.842021702,3 - Média,Banco de Dados,Sub A,lhvp,CI-143,Suporte N3,Monitoramento,SIM,NAO,Falha de Aplicação,Ajuste de configuração,4138.842021703529
INC100901,2025-03-23 14:59:00,2025-03-23 16:19:48.780203256,2025-03-23 17:48:48.780203256,2 - Alta,Infraestrutura,Sub A,lhco,CI-271,SRE,Monitoramento,SIM,NAO,Manutenção Programada,Ajuste de configuração,4848.7802032543095
INC100902,2025-03-23 19:01:00,2025-03-23 19:39:32.948620146,2025-03-23 21:38:32.948620146,3 - Média,Infraestrutura,Sub B,lcem,CI-378,Suporte N3,Manual,SIM,NAO,Erro de Configuração,Patch aplicado,2312.948620148323
INC100903,2025-03-23 19:45:00,2025-03-23 22:42:44.395720572,2025-03-23 23:12:44.395720572,4 - Baixa,Aplicação,Sub C,lhco,CI-50,NOC N1,Monitoramento,NAO,NAO,Falha de Aplicação,Patch aplicado,10664.395720572893
INC100904,2025-03-23 20:41:00,2025-03-23 20:54:12.180609594,2025-03-23 23:43:12.180609594,4 - Baixa,Rede,Sub A,lsin,CI-332,Suporte N3,Monitoramento,NAO,NAO,Falha de Aplicação,Ajuste de configuração,792.1806095921306
INC100905,2025-03-24 00:58:00,2025-03-24 02:05:49.642000854,2025-03-24 04:33:49.642000854,3 - Média,Aplicação,Sub B,lhvp,CI-146,NOC N2,Monitoramento,SIM,NAO,Falha de Rede,Patch aplicado,4069.6420008547884
INC100906,2025-03-24 01:20:00,2025-03-24 03:29:31.353798264,2025-03-24 07:16:31.353798264,4 - Baixa,Rede,Sub C,lhco,CI-120,Suporte N3,Manual,NAO,NAO,Erro de Configuração,Ajuste de configuração,7771.353798263371
INC100907,2025-03-24 02:19:00,2025-03-24 02:48:46.095301362,2025-03-24 05:10:46.095301362,3 - Média,Rede,Sub A,lsin,CI-192,NOC N1,Monitoramento,SIM,NAO,Falha de Rede,Ajuste de configuração,1786.0953013613753
INC100908,2025-03-24 06:02:00,2025-03-24 06:12:45.523707198,2025-03-24 06:47:45.523707198,3 - Média,Rede,Sub A,lcem,CI-76,SRE,Monitoramento,SIM,NAO,Falha de Rede,Reinício de serviço,645.5237071971837
INC100909,2025-03-24 06:12:00,2025-03-24 06:36:53.032796676,2025-03-24 09:15:53.032796676,3 - Média,Banco de Dados,Sub A,lhco,CI-98,SRE,Monitoramento,SIM,NAO,Manutenção Programada,Patch aplicado,1493.032796678239
INC100910,2025-03-24 06:13:00,2025-03-24 06:52:48.835461312,2025-03-24 07:45:48.835461312,3 - Média,Aplicação,Sub B,lhco,CI-109,NOC N2,Monitoramento,SIM,NAO,Falha de Aplicação,Reinício de serviço,2388.8354613102556
INC100911,2025-03-24 06:18:00,2025-03-24 07:36:07.301392110,2025-03-24 11:17:07.301392110,3 - Média,Banco de Dados,Sub C,lhco,CI-70,SRE,Monitoramento,SIM,NAO,Falha de Aplicação,Ajuste de configuração,4687.301392110646
INC100912,2025-03-24 10:02:00,2025-03-24 10:53:46.459288644,2025-03-24 14:33:46.459288644,3 - Média,Infraestrutura,Sub A,lrev,CI-293,SRE,Monitoramento,SIM,NAO,Manutenção Programada,Reinício de serviço,3106.4592886423775
INC100913,2025-03-24 12:37:00,2025-03-24 13:07:09.765355152,2025-03-24 14:03:09.765355152,4 - Baixa,Rede,Sub B,lsin,CI-273,NOC N1,Monitoramento,NAO,NAO,Manutenção Programada,Patch aplicado,1809.7653551499018
INC100914,2025-03-24 13:38:00,2025-03-24 14:26:10.553222058,2025-03-24 18:16:10.553222058,4 - Baixa,Aplicação,Sub B,lcem,CI-126,SRE,Monitoramento,NAO,NAO,Falha de Rede,Reinício de serviço,2890.55322205841
INC100915,2025-03-24 13:57:00,2025-03-24 15:07:54.607960554,2025-03-24 17:33:54.607960554,3 - Média,Infraestrutura,Sub B,lsin,CI-299,SRE,Manual,SIM,NAO,Falha de Rede,Patch aplicado,4254.60796055572
INC100916,2025-03-24 14:25:00,2025-03-24 15:03:03.706868988,2025-03-24 17:17:03.706868988,3 - Média,Infraestrutura,Sub C,lhco,CI-156,NOC N1,Monitoramento,SIM,NAO,Falha de Rede,Ajuste de configuração,2283.7068689878943
INC100917,2025-03-24 17:07:00,2025-03-24 18:56:42.578996718,2025-03-24 20:58:42.578996718,3 - Média,Infraestrutura,Sub C,lcem,CI-190,SRE,Monitoramento,SIM,NAO,Falha de Rede,Reinício de serviço,6582.5789967175715
INC100918,2025-03-24 17:26:00,2025-03-24 17:56:29.019806682,2025-03-24 21:29:29.019806682,2 - Alta,Infraestrutura,Sub B,lhco,CI-147,SRE,Monitoramento,SIM,NAO,Falha de Aplicação,Ajuste de configuração,1829.0198066833625
INC100919,2025-03-24 19:57:00,2025-03-24 20:46:17.671267128,2025-03-24 22:48:17.671267128,3 - Média,Rede,Sub B,lsin,CI-117,NOC N1,Monitoramento,SIM,NAO,Falha de Aplicação,Ajuste de configuração,2957.671267130016
INC100920,2025-03-24 22:01:00,2025-03-24 22:50:27.507325770,2025-03-25 01:06:27.507325770,2 - Alta,Aplicação,Sub A,lsin,CI-206,NOC N1,Monitoramento,SIM,NAO,Falha de Aplicação,Ajuste de configuração,2967.507325771166
INC100921,2025-03-25 08:38:00,2025-03-25 12:23:47.928190476,2025-03-25 13:07:47.928190476,3 - Média,Rede,Sub A,lhvp,CI-360,NOC N1,Manual,SIM,NAO,Manutenção Programada,Ajuste de configuração,13547.92819047397
INC100922,2025-03-25 08:57:00,2025-03-25 12:55:24.441464238,2025-03-25 14:01:24.441464238,3 - Média,Infraestrutura,Sub B,lhco,CI-385,NOC N1,Monitoramento,SIM,NAO,Falha de Aplicação,Ajuste de configuração,14304.441464236263
INC100923,2025-03-25 09:34:00,2025-03-25 12:54:33.235225128,2025-03-25 15:18:33.235225128,3 - Média,Infraestrutura,Sub C,lrev,CI-343,NOC N1,Monitoramento,SIM,NAO,Falha de Rede,Ajuste de configuração,12033.235225129707
INC100924,2025-03-25 11:19:00,2025-03-25 11:56:23.406362652,2025-03-25 12:45:23.406362652,3 - Média,Rede,Sub A,lhco,CI-158,Suporte N3,Monitoramento,SIM,NAO,Falha de Rede,Reinício de serviço,2243.406362650731
INC100925,2025-03-25 12:30:00,2025-03-25 16:18:55.834043664,2025-03-25 19:51:55.834043664,3 - Média,Aplicação,Sub B,lrev,CI-307,NOC N2,Monitoramento,SIM,NAO,Falha de Aplicação,Reinício de serviço,13735.834043663384
INC100926,2025-03-25 13:30:00,2025-03-25 14:27:00.327951612,2025-03-25 18:01:00.327951612,3 - Média,Aplicação,Sub A,lcem,CI-389,SRE,Monitoramento,SIM,NAO,Manutenção Programada,Patch aplicado,3420.3279516139346
INC100927,2025-03-25 14:29:00,2025-03-25 15:23:48.946091238,2025-03-25 18:40:48.946091238,2 - Alta,Aplicação,Sub C,lsin,CI-377,NOC N2,Monitoramento,SIM,NAO,Erro de Configuração,Patch aplicado,3288.946091236893
INC100928,2025-03-25 19:43:00,2025-03-25 20:38:58.567748340,2025-03-25 21:15:58.567748340,4 - Baixa,Infraestrutura,Sub A,lhco,CI-176,NOC N2,Monitoramento,NAO,NAO,Falha de Aplicação,Reinício de serviço,3358.5677483420363
INC100929,2025-03-25 19:59:00,2025-03-25 21:38:21.729881190,2025-03-25 23:09:21.729881190,2 - Alta,Infraestrutura,Sub A,lsin,CI-253,SRE,Monitoramento,SIM,NAO,Manutenção Programada,Reinício de serviço,5961.729881191736
INC100930,2025-03-25 21:09:00,2025-03-25 22:21:39.734396490,2025-03-26 02:00:39.734396490,3 - Média,Rede,Sub B,lcem,CI-145,NOC N1,Monitoramento,SIM,NAO,Falha de Rede,Reinício de serviço,4359.734396489359
INC100931,2025-03-25 22:14:00,2025-03-26 00:00:20.367615534,2025-03-26 00:26:20.367615534,2 - Alta,Infraestrutura,Sub A,lhco,CI-3,NOC N1,Monitoramento,SIM,NAO,Falha de Rede,Reinício de serviço,6380.367615534625
INC100932,2025-03-25 22:57:00,2025-03-25 23:11:22.535918550,2025-03-26 01:13:22.535918550,2 - Alta,Infraestrutura,Sub B,lsin,CI-182,NOC N1,Monitoramento,SIM,NAO,Manutenção Programada,Reinício de serviço,862.5359185503893
INC100933,2025-03-26 00:04:00,2025-03-26 01:20:26.475484626,2025-03-26 04:54:26.475484626,3 - Média,Aplicação,Sub B,lcem,CI-4,NOC N2,Monitoramento,SIM,NAO,Manutenção Programada,Patch aplicado,4586.475484627574
INC100934,2025-03-26 03:12:00,2025-03-26 04:30:04.338741756,2025-03-26 07:21:04.338741756,3 - Média,Aplicação,Sub C,lcem,CI-61,NOC N1,Monitoramento,SIM,NAO,Falha de Aplicação,Patch aplicado,4684.338741754074
INC100935,2025-03-26 10:43:00,2025-03-26 11:05:50.765786862,2025-03-26 13:01:50.765786862,4 - Baixa,Banco de Dados,Sub C,lhco,CI-109,NOC N2,Monitoramento,NAO,NAO,Falha de Rede,Reinício de serviço,1370.7657868597569
INC100936,2025-03-26 13:05:00,2025-03-26 14:20:32.315947758,2025-03-26 15:38:32.315947758,3 - Média,Infraestrutura,Sub A,lrev,CI-10,SRE,Manual,SIM,NAO,Erro de Configuração,Reinício de serviço,4532.315947760404
INC100937,2025-03-26 14:13:00,2025-03-26 15:04:48.047873388,2025-03-26 18:03:48.047873388,3 - Média,Aplicação,Sub C,lcem,CI-7,NOC N1,Monitoramento,SIM,NAO,Erro de Configuração,Ajuste de configuração,3108.0478733855275
INC100938,2025-03-26 14:39:00,2025-03-26 15:45:18.075402162,2025-03-26 18:29:18.075402162,4 - Baixa,Infraestrutura,Sub A,lrev,CI-395,NOC N2,Monitoramento,NAO,NAO,Erro de Configuração,Reinício de serviço,3978.0754021610487
INC100939,2025-03-26 20:43:00,2025-03-26 20:49:30.769494029,2025-03-26 22:07:30.769494029,2 - Alta,Banco de Dados,Sub A,lrev,CI-90,Suporte N3,Monitoramento,SIM,NAO,Erro de Configuração,Reinício de serviço,390.76949402918285
INC100940,2025-03-27 01:38:00,2025-03-27 02:31:36.497958060,2025-03-27 06:00:36.497958060,4 - Baixa,Aplicação,Sub A,lcem,CI-324,NOC N2,Monitoramento,NAO,NAO,Falha de Aplicação,Patch aplicado,3216.4979580591457
INC100941,2025-03-27 03:01:00,2025-03-27 04:39:30.080507892,2025-03-27 04:39:30.080507892,2 - Alta,Aplicação,Sub B,lsin,CI-256,NOC N2,Monitoramento,SIM,NAO,Manutenção Programada,Reinício de serviço,5910.080507890344
INC100942,2025-03-27 03:07:00,2025-03-27 04:32:06.904841250,2025-03-27 06:35:06.904841250,3 - Média,Rede,Sub B,lhco,CI-149,SRE,Monitoramento,SIM,NAO,Falha de Aplicação,Ajuste de configuração,5106.904841249277
INC100943,2025-03-27 05:47:00,2025-03-27 05:56:09.960812880,2025-03-27 07:45:09.960812880,3 - Média,Banco de Dados,Sub C,lcem,CI-120,SRE,Manual,SIM,SIM,Falha de Aplicação,Patch aplicado,549.9608128820266
INC100944,2025-03-27 12:32:00,2025-03-27 13:53:50.110277214,2025-03-27 16:45:50.110277214,4 - Baixa,Infraestrutura,Sub A,lhco,CI-146,NOC N1,Manual,NAO,NAO,Falha de Rede,Patch aplicado,4910.110277211514
INC100945,2025-03-27 13:01:00,2025-03-27 14:30:36.180508272,2025-03-27 15:51:36.180508272,3 - Média,Aplicação,Sub B,lcem,CI-51,SRE,Manual,SIM,NAO,Manutenção Programada,Ajuste de configuração,5376.180508271206
INC100946,2025-03-27 13:21:00,2025-03-27 14:28:23.876067222,2025-03-27 15:04:23.876067222,4 - Baixa,Infraestrutura,Sub A,lsin,CI-344,Suporte N3,Monitoramento,NAO,NAO,Erro de Configuração,Ajuste de configuração,4043.8760672233975
INC100947,2025-03-27 14:31:00,2025-03-27 17:49:16.408703622,2025-03-27 20:46:16.408703622,3 - Média,Aplicação,Sub B,lsin,CI-355,Suporte N3,Monitoramento,SIM,NAO,Falha de Aplicação,Reinício de serviço,11896.40870362384
INC100948,2025-03-27 17:34:00,2025-03-27 18:29:18.104585100,2025-03-27 19:33:18.104585100,3 - Média,Aplicação,Sub C,lsin,CI-54,Suporte N3,Manual,SIM,NAO,Falha de Rede,Reinício de serviço,3318.104585097435
INC100949,2025-03-27 20:04:00,2025-03-27 21:13:35.256095028,2025-03-27 21:22:35.256095028,2 - Alta,Aplicação,Sub C,lhco,CI-262,NOC N2,Monitoramento,SIM,NAO,Manutenção Programada,Patch aplicado,4175.256095026075
INC100950,2025-03-27 20:32:00,2025-03-27 21:00:57.370652130,2025-03-28 00:32:57.370652130,3 - Média,Rede,Sub A,lhco,CI-274,Suporte N3,Monitoramento,SIM,NAO,Falha de Aplicação,Ajuste de configuração,1737.3706521327547
INC100951,2025-03-27 21:31:00,2025-03-27 22:11:19.602742158,2025-03-28 01:21:19.602742158,3 - Média,Banco de Dados,Sub A,lhco,CI-156,Suporte N3,Monitoramento,SIM,NAO,Manutenção Programada,Ajuste de configuração,2419.602742158444
INC100952,2025-03-28 02:25:00,2025-03-28 02:37:27.230004882,2025-03-28 06:33:27.230004882,4 - Baixa,Rede,Sub C,lsin,CI-324,SRE,Monitoramento,NAO,NAO,Erro de Configuração,Patch aplicado,747.2300048806106
INC100953,2025-03-28 03:25:00,2025-03-28 05:29:13.444025634,2025-03-28 06:45:13.444025634,4 - Baixa,Infraestrutura,Sub A,lsin,CI-82,NOC N2,Monitoramento,NAO,NAO,Manutenção Programada,Patch aplicado,7453.444025636303
INC100954,2025-03-28 05:41:00,2025-03-28 07:53:02.073632759,2025-03-28 09:54:02.073632759,3 - Média,Rede,Sub C,lcem,CI-17,SRE,Monitoramento,SIM,NAO,Falha de Aplicação,Ajuste de configuração,7922.07363275793
INC100955,2025-03-28 11:13:00,2025-03-28 14:30:16.880187114,2025-03-28 17:50:16.880187114,3 - Média,Aplicação,Sub A,lhco,CI-349,NOC N1,Monitoramento,SIM,NAO,Falha de Aplicação,Patch aplicado,11836.880187114552
INC100956,2025-03-28 14:23:00,2025-03-28 15:22:58.021087824,2025-03-28 15:38:58.021087824,3 - Média,Banco de Dados,Sub C,lhco,CI-231,NOC N1,Monitoramento,SIM,NAO,Erro de Configuração,Ajuste de configuração,3598.0210878255516
INC100957,2025-03-28 17:57:00,2025-03-28 18:50:05.487896652,2025-03-28 19:15:05.487896652,4 - Baixa,Infraestrutura,Sub A,lhvp,CI-19,Suporte N3,Monitoramento,NAO,NAO,Falha de Aplicação,Reinício de serviço,3185.48789665362
INC100958,2025-03-28 18:27:00,2025-03-28 20:06:25.214960706,2025-03-28 20:17:25.214960706,2 - Alta,Rede,Sub A,lsin,CI-396,NOC N1,Monitoramento,SIM,NAO,Falha de Rede,Reinício de serviço,5965.2149607066385
INC100959,2025-03-28 18:38:00,2025-03-28 21:02:25.776828642,2025-03-28 21:34:25.776828642,4 - Baixa,Infraestrutura,Sub A,lhvp,CI-174,NOC N2,Monitoramento,NAO,NAO,Falha de Rede,Ajuste de configuração,8665.776828643695
INC100960,2025-03-28 20:17:00,2025-03-29 00:41:37.287017346,2025-03-29 04:20:37.287017346,4 - Baixa,Banco de Dados,Sub C,lsin,CI-123,Suporte N3,Monitoramento,NAO,NAO,Erro de Configuração,Reinício de serviço,15877.28701734402
INC100961,2025-03-28 22:33:00,2025-03-28 23:48:28.306133310,2025-03-29 03:05:28.306133310,4 - Baixa,Banco de Dados,Sub B,lcem,CI-265,Suporte N3,Monitoramento,NAO,NAO,Falha de Rede,Ajuste de configuração,4528.30613331153
INC100962,2025-03-28 23:32:00,2025-03-29 00:11:26.523475146,2025-03-29 03:04:26.523475146,3 - Média,Infraestrutura,Sub C,lsin,CI-230,NOC N2,Monitoramento,SIM,NAO,Falha de Aplicação,Ajuste de configuração,2366.523475143494
INC100963,2025-03-29 00:00:00,2025-03-29 00:26:15.786083964,2025-03-29 02:00:15.786083964,3 - Média,Rede,Sub B,lrev,CI-191,NOC N1,Monitoramento,SIM,NAO,Erro de Configuração,Ajuste de configuração,1575.7860839638138
INC100964,2025-03-29 01:39:00,2025-03-29 01:49:09.783720012,2025-03-29 05:30:09.783720012,4 - Baixa,Banco de Dados,Sub A,lhvp,CI-299,NOC N1,Monitoramento,NAO,NAO,Falha de Aplicação,Ajuste de configuração,609.783720010646
INC100965,2025-03-29 04:56:00,2025-03-29 05:12:30.059677002,2025-03-29 05:24:30.059677002,4 - Baixa,Infraestrutura,Sub B,lrev,CI-113,SRE,Monitoramento,NAO,NAO,Falha de Rede,Reinício de serviço,990.0596770042865
INC100966,2025-03-29 11:37:00,2025-03-29 12:34:42.872815632,2025-03-29 15:47:42.872815632,4 - Baixa,Aplicação,Sub C,lhco,CI-184,NOC N2,Monitoramento,NAO,NAO,Falha de Aplicação,Reinício de serviço,3462.872815630168
INC100967,2025-03-29 12:17:00,2025-03-29 12:35:43.751857974,2025-03-29 16:24:43.751857974,2 - Alta,Infraestrutura,Sub A,lsin,CI-266,NOC N1,Monitoramento,SIM,NAO,Erro de Configuração,Ajuste de configuração,1123.751857971881
INC100968,2025-03-29 13:24:00,2025-03-29 14:38:02.188002684,2025-03-29 16:15:02.188002684,4 - Baixa,Aplicação,Sub B,lhvp,CI-105,NOC N2,Monitoramento,NAO,NAO,Manutenção Programada,Patch aplicado,4442.18800268386
INC100969,2025-03-29 14:17:00,2025-03-29 15:46:19.749420816,2025-03-29 16:40:19.749420816,2 - Alta,Rede,Sub B,lhvp,CI-128,SRE,Monitoramento,SIM,NAO,Manutenção Programada,Ajuste de configuração,5359.749420813267
INC100970,2025-03-29 17:14:00,2025-03-29 20:16:26.923484454,2025-03-29 22:39:26.923484454,2 - Alta,Infraestrutura,Sub B,lhvp,CI-9,NOC N1,Monitoramento,SIM,NAO,Falha de Rede,Patch aplicado,10946.92348445424
INC100971,2025-03-29 17:22:00,2025-03-29 18:18:48.652066434,2025-03-29 19:11:48.652066434,4 - Baixa,Aplicação,Sub A,lhco,CI-249,NOC N1,Monitoramento,NAO,NAO,Manutenção Programada,Ajuste de configuração,3408.6520664334635
INC100972,2025-03-29 20:14:00,2025-03-29 22:45:36.384828024,2025-03-30 01:50:36.384828024,4 - Baixa,Rede,Sub A,lhco,CI-202,NOC N2,Monitoramento,NAO,NAO,Erro de Configuração,Ajuste de configuração,9096.384828025528
INC100973,2025-03-29 22:40:00,2025-03-30 00:26:54.194175678,2025-03-30 02:37:54.194175678,2 - Alta,Infraestrutura,Sub A,lsin,CI-288,SRE,Manual,SIM,NAO,Falha de Aplicação,Reinício de serviço,6414.194175677179
INC100974,2025-03-30 00:56:00,2025-03-30 01:12:30.417230051,2025-03-30 02:57:30.417230051,2 - Alta,Rede,Sub C,lrev,CI-35,SRE,Manual,SIM,NAO,Manutenção Programada,Reinício de serviço,990.417230051015
INC100975,2025-03-30 02:05:00,2025-03-30 02:55:52.250710542,2025-03-30 05:18:52.250710542,3 - Média,Banco de Dados,Sub A,lhco,CI-267,SRE,Monitoramento,SIM,NAO,Falha de Rede,Patch aplicado,3052.250710544039
INC100976,2025-03-30 02:25:00,2025-03-30 04:49:56.710890942,2025-03-30 05:02:56.710890942,4 - Baixa,Aplicação,Sub B,lrev,CI-277,Suporte N3,Monitoramento,NAO,NAO,Erro de Configuração,Reinício de serviço,8696.710890939083
INC100977,2025-03-30 03:06:00,2025-03-30 04:10:36.028863642,2025-03-30 05:32:36.028863642,4 - Baixa,Rede,Sub A,lcem,CI-25,SRE,Monitoramento,NAO,NAO,Falha de Aplicação,Patch aplicado,3876.0288636401588
INC100978,2025-03-30 05:21:00,2025-03-30 06:16:00.036956796,2025-03-30 06:52:00.036956796,3 - Média,Infraestrutura,Sub C,lcem,CI-285,NOC N2,Monitoramento,SIM,NAO,Falha de Aplicação,Reinício de serviço,3300.036956794802
INC100979,2025-03-30 06:16:00,2025-03-30 08:39:19.426080942,2025-03-30 09:03:19.426080942,3 - Média,Rede,Sub A,lhco,CI-284,Suporte N3,Monitoramento,SIM,NAO,Falha de Rede,Patch aplicado,8599.426080942692
INC100980,2025-03-30 09:07:00,2025-03-30 12:26:08.569680996,2025-03-30 15:45:08.569680996,3 - Média,Rede,Sub A,lsin,CI-366,Suporte N3,Manual,SIM,NAO,Manutenção Programada,Patch aplicado,11948.569680993667
INC100981,2025-03-30 10:07:00,2025-03-30 12:12:00.384944982,2025-03-30 14:28:00.384944982,2 - Alta,Aplicação,Sub C,lhco,CI-213,SRE,Monitoramento,SIM,NAO,Manutenção Programada,Patch aplicado,7500.384944984815
INC100982,2025-03-30 10:22:00,2025-03-30 11:02:05.624543130,2025-03-30 11:39:05.624543130,4 - Baixa,Rede,Sub A,lsin,CI-66,NOC N1,Monitoramento,NAO,NAO,Erro de Configuração,Ajuste de configuração,2405.6245431324905
INC100983,2025-03-30 12:46:00,2025-03-30 12:57:35.677954998,2025-03-30 15:51:35.677954998,3 - Média,Rede,Sub C,lhco,CI-207,NOC N1,Monitoramento,SIM,NAO,Falha de Aplicação,Patch aplicado,695.6779549984464
INC100984,2025-03-30 13:52:00,2025-03-30 16:30:42.537337458,2025-03-30 19:47:42.537337458,2 - Alta,Banco de Dados,Sub A,lsin,CI-306,SRE,Monitoramento,SIM,NAO,Falha de Aplicação,Reinício de serviço,9522.537337458698
INC100985,2025-03-30 14:20:00,2025-03-30 15:14:11.428185444,2025-03-30 17:16:11.428185444,2 - Alta,Aplicação,Sub C,lhvp,CI-335,NOC N2,Monitoramento,SIM,NAO,Manutenção Programada,Reinício de serviço,3251.4281854420315
INC100986,2025-03-30 17:35:00,2025-03-30 18:27:19.104463062,2025-03-30 21:58:19.104463062,4 - Baixa,Aplicação,Sub A,lcem,CI-268,Suporte N3,Monitoramento,NAO,NAO,Falha de Aplicação,Ajuste de configuração,3139.104463064048
INC100987,2025-03-30 23:51:00,2025-03-31 02:54:16.201117200,2025-03-31 06:21:16.201117200,4 - Baixa,Rede,Sub B,lhco,CI-367,NOC N1,Monitoramento,NAO,NAO,Falha de Aplicação,Patch aplicado,10996.201117201977
INC100988,2025-03-31 01:06:00,2025-03-31 02:31:38.457959196,2025-03-31 03:07:38.457959196,3 - Média,Aplicação,Sub B,lhvp,CI-32,Suporte N3,Monitoramento,SIM,NAO,Falha de Rede,Ajuste de configuração,5138.457959197323
INC100989,2025-03-31 01:11:00,2025-03-31 02:38:45.550522650,2025-03-31 04:09:45.550522650,4 - Baixa,Infraestrutura,Sub C,lsin,CI-65,NOC N2,Monitoramento,NAO,NAO,Erro de Configuração,Ajuste de configuração,5265.55052264829
INC100990,2025-03-31 01:25:00,2025-03-31 01:43:15.312321462,2025-03-31 04:39:15.312321462,4 - Baixa,Aplicação,Sub A,lsin,CI-104,NOC N2,Monitoramento,NAO,NAO,Erro de Configuração,Reinício de serviço,1095.312321464888
INC100991,2025-03-31 02:13:00,2025-03-31 03:19:21.847245120,2025-03-31 06:06:21.847245120,2 - Alta,Aplicação,Sub C,lhco,CI-72,NOC N2,Monitoramento,SIM,NAO,Manutenção Programada,Patch aplicado,3981.847245118439
INC100992,2025-03-31 06:10:00,2025-03-31 06:30:22.278819756,2025-03-31 09:28:22.278819756,4 - Baixa,Aplicação,Sub B,lhco,CI-72,NOC N1,Monitoramento,NAO,NAO,Falha de Aplicação,Ajuste de configuração,1222.2788197532525
INC100993,2025-03-31 08:15:00,2025-03-31 09:02:37.525625202,2025-03-31 10:25:37.525625202,4 - Baixa,Aplicação,Sub A,lcem,CI-293,SRE,Monitoramento,NAO,NAO,Falha de Rede,Patch aplicado,2857.5256251998376
INC100994,2025-03-31 10:53:00,2025-03-31 13:14:06.931431354,2025-03-31 16:18:06.931431354,4 - Baixa,Banco de Dados,Sub C,lhvp,CI-180,Suporte N3,Monitoramento,NAO,NAO,Erro de Configuração,Patch aplicado,8466.931431354627
INC100995,2025-03-31 12:03:00,2025-03-31 13:34:34.015637789,2025-03-31 14:36:34.015637789,4 - Baixa,Rede,Sub A,lcem,CI-159,NOC N2,Monitoramento,NAO,NAO,Falha de Rede,Reinício de serviço,5494.015637789011
INC100996,2025-03-31 12:15:00,2025-03-31 13:37:45.360286284,2025-03-31 17:24:45.360286284,4 - Baixa,Banco de Dados,Sub B,lsin,CI-141,SRE,Manual,NAO,NAO,Erro de Configuração,Patch aplicado,4965.3602862869775
INC100997,2025-03-31 12:40:00,2025-03-31 12:48:17.046905004,2025-03-31 14:26:17.046905004,2 - Alta,Rede,Sub A,lhco,CI-223,Suporte N3,Monitoramento,SIM,NAO,Falha de Rede,Ajuste de configuração,497.04690500202
INC100998,2025-03-31 15:20:00,2025-03-31 16:05:28.797312570,2025-03-31 18:37:28.797312570,2 - Alta,Rede,Sub C,lsin,CI-155,NOC N2,Manual,SIM,NAO,Falha de Rede,Ajuste de configuração,2728.79731256741
INC100999,2025-03-31 19:15:00,2025-03-31 21:12:37.768018680,2025-03-31 21:31:37.768018680,3 - Média,Infraestrutura,Sub B,lhco,CI-199,NOC N1,Monitoramento,SIM,NAO,Falha de Aplicação,Ajuste de configuração,7057.768018680525
INC101000,2025-03-31 21:50:00,2025-03-31 22:05:39.631010886,2025-03-31 22:08:39.631010886,3 - Média,Banco de Dados,Sub C,lsin,CI-197,SRE,Monitoramento,SIM,NAO,Erro de Configuração,Patch aplicado,939.6310108877045
INC101001,2025-03-31 23:51:00,2025-04-01 01:04:42.228969534,2025-04-01 04:45:42.228969534,3 - Média,Rede,Sub B,lsin,CI-20,Suporte N3,Monitoramento,SIM,NAO,Manutenção Programada,Ajuste de configuração,4422.228969535154
INC101002,2025-04-01 04:36:00,2025-04-01 05:36:59.163606930,2025-04-01 07:29:59.163606930,2 - Alta,Banco de Dados,Sub A,lcem,CI-313,SRE,Monitoramento,SIM,NAO,Falha de Aplicação,Reinício de serviço,3659.163606928048
INC101003,2025-04-01 06:53:00,2025-04-01 08:33:26.113948782,2025-04-01 11:56:26.113948782,2 - Alta,Banco de Dados,Sub C,lsin,CI-154,NOC N2,Monitoramento,SIM,NAO,Manutenção Programada,Reinício de serviço,6026.113948782876
INC101004,2025-04-01 07:38:00,2025-04-01 07:54:41.207474490,2025-04-01 10:22:41.207474490,3 - Média,Infraestrutura,Sub A,lcem,CI-292,SRE,Manual,SIM,NAO,Falha de Rede,Ajuste de configuração,1001.2074744893588
INC101005,2025-04-01 09:20:00,2025-04-01 10:00:23.112700002,2025-04-01 11:25:23.112700002,2 - Alta,Aplicação,Sub A,lhco,CI-44,NOC N2,Manual,SIM,NAO,Falha de Rede,Ajuste de configuração,2423.1127000027673
INC101006,2025-04-01 12:09:00,2025-04-01 12:48:14.856507372,2025-04-01 13:57:14.856507372,3 - Média,Infraestrutura,Sub B,lsin,CI-97,NOC N2,Monitoramento,SIM,NAO,Erro de Configuração,Patch aplicado,2354.8565073725817
INC101007,2025-04-01 12:41:00,2025-04-01 13:13:14.773259058,2025-04-01 17:00:14.773259058,2 - Alta,Aplicação,Sub A,lsin,CI-2,Suporte N3,Monitoramento,SIM,NAO,Erro de Configuração,Ajuste de configuração,1934.7732590563064
INC101008,2025-04-01 13:20:00,2025-04-01 16:34:21.607405788,2025-04-01 16:43:21.607405788,3 - Média,Infraestrutura,Sub B,lhvp,CI-386,Suporte N3,Monitoramento,SIM,NAO,Falha de Rede,Patch aplicado,11661.607405790053
INC101009,2025-04-01 15:53:00,2025-04-01 18:21:45.869048292,2025-04-01 18:36:45.869048292,3 - Média,Banco de Dados,Sub B,lrev,CI-58,NOC N2,Monitoramento,SIM,NAO,Manutenção Programada,Ajuste de configuração,8925.86904829242
INC101010,2025-04-01 17:57:00,2025-04-01 18:52:42.967473996,2025-04-01 20:25:42.967473996,3 - Média,Infraestrutura,Sub C,lhco,CI-234,SRE,Monitoramento,SIM,NAO,Manutenção Programada,Reinício de serviço,3342.967473998696
INC101011,2025-04-02 00:02:00,2025-04-02 00:24:32.065850639,2025-04-02 00:51:32.065850639,2 - Alta,Aplicação,Sub C,lhco,CI-347,Suporte N3,Monitoramento,SIM,NAO,Falha de Rede,Reinício de serviço,1352.0658506403502
INC101012,2025-04-02 00:46:00,2025-04-02 00:59:09.825409530,2025-04-02 01:45:09.825409530,4 - Baixa,Infraestrutura,Sub C,lhco,CI-126,NOC N2,Monitoramento,NAO,NAO,Falha de Rede,Reinício de serviço,789.8254095299314
INC101013,2025-04-02 08:57:00,2025-04-02 11:08:28.666364430,2025-04-02 12:52:28.666364430,4 - Baixa,Rede,Sub A,lhvp,CI-19,NOC N1,Manual,NAO,NAO,Falha de Aplicação,Patch aplicado,7888.666364431703
INC101014,2025-04-02 11:19:00,2025-04-02 13:15:19.752647706,2025-04-02 15:41:19.752647706,4 - Baixa,Rede,Sub B,lhco,CI-37,Suporte N3,Monitoramento,NAO,NAO,Erro de Configuração,Reinício de serviço,6979.752647703665
INC101015,2025-04-02 11:58:00,2025-04-02 13:45:29.643031398,2025-04-02 14:59:29.643031398,3 - Média,Infraestrutura,Sub B,lhco,CI-266,Suporte N3,Monitoramento,SIM,NAO,Falha de Aplicação,Patch aplicado,6449.643031395051
INC101016,2025-04-02 14:43:00,2025-04-02 17:33:11.698972224,2025-04-02 18:34:11.698972224,3 - Média,Banco de Dados,Sub C,lsin,CI-36,SRE,Manual,SIM,NAO,Erro de Configuração,Patch aplicado,10211.698972225395
INC101017,2025-04-02 18:44:00,2025-04-02 20:18:24.350323494,2025-04-02 21:52:24.350323494,3 - Média,Banco de Dados,Sub A,lhco,CI-7,Suporte N3,Monitoramento,SIM,NAO,Erro de Configuração,Patch aplicado,5664.350323493724
INC101018,2025-04-02 20:05:00,2025-04-02 21:03:30.849019068,2025-04-02 23:18:30.849019068,3 - Média,Banco de Dados,Sub B,lsin,CI-158,Suporte N3,Manual,SIM,NAO,Erro de Configuração,Reinício de serviço,3510.84901906628
INC101019,2025-04-02 21:19:00,2025-04-03 00:47:44.977034124,2025-04-03 01:37:44.977034124,4 - Baixa,Aplicação,Sub A,lrev,CI-39,NOC N1,Monitoramento,NAO,NAO,Falha de Rede,Ajuste de configuração,12524.977034123609
INC101020,2025-04-02 21:42:00,2025-04-03 00:02:27.802928946,2025-04-03 00:40:27.802928946,3 - Média,Aplicação,Sub C,lsin,CI-227,SRE,Monitoramento,SIM,NAO,Manutenção Programada,Patch aplicado,8427.80292894434
INC101021,2025-04-02 22:33:00,2025-04-03 00:05:53.749113768,2025-04-03 01:05:53.749113768,4 - Baixa,Infraestrutura,Sub B,lrev,CI-56,SRE,Monitoramento,NAO,NAO,Falha de Rede,Reinício de serviço,5573.749113765241
INC101022,2025-04-02 23:09:00,2025-04-03 01:47:45.182738346,2025-04-03 03:13:45.182738346,2 - Alta,Rede,Sub B,lrev,CI-326,NOC N1,Manual,SIM,NAO,Falha de Aplicação,Patch aplicado,9525.182738344642
INC101023,2025-04-02 23:18:00,2025-04-02 23:47:41.463337938,2025-04-03 01:18:41.463337938,4 - Baixa,Rede,Sub B,lsin,CI-378,Suporte N3,Monitoramento,NAO,NAO,Falha de Aplicação,Ajuste de configuração,1781.4633379385095
INC101024,2025-04-03 07:36:00,2025-04-03 08:34:51.257272176,2025-04-03 11:20:51.257272176,3 - Média,Rede,Sub B,lhco,CI-191,NOC N1,Monitoramento,SIM,NAO,Erro de Configuração,Ajuste de configuração,3531.2572721774577
INC101025,2025-04-03 07:52:00,2025-04-03 08:42:52.425808080,2025-04-03 09:20:52.425808080,3 - Média,Rede,Sub A,lhvp,CI-194,NOC N1,Manual,SIM,NAO,Manutenção Programada,Ajuste de configuração,3052.425808077432
INC101026,2025-04-03 08:53:00,2025-04-03 10:13:42.736258974,2025-04-03 11:16:42.736258974,4 - Baixa,Rede,Sub A,lrev,CI-108,SRE,Monitoramento,NAO,NAO,Erro de Configuração,Reinício de serviço,4842.736258975931
INC101027,2025-04-03 13:14:00,2025-04-03 14:56:06.598846806,2025-04-03 16:32:06.598846806,2 - Alta,Banco de Dados,Sub B,lhvp,CI-381,NOC N1,Manual,SIM,NAO,Falha de Aplicação,Reinício de serviço,6126.598846806651
INC101028,2025-04-03 13:42:00,2025-04-03 14:36:19.357612038,2025-04-03 15:46:19.357612038,3 - Média,Banco de Dados,Sub A,lsin,CI-382,SRE,Manual,SIM,NAO,Manutenção Programada,Ajuste de configuração,3259.3576120354214
INC101029,2025-04-03 16:12:00,2025-04-03 16:36:37.235089680,2025-04-03 17:57:37.235089680,3 - Média,Aplicação,Sub A,lcem,CI-79,SRE,Monitoramento,SIM,NAO,Erro de Configuração,Reinício de serviço,1477.2350896777634
INC101030,2025-04-03 17:09:00,2025-04-03 17:36:26.254385766,2025-04-03 17:38:26.254385766,4 - Baixa,Banco de Dados,Sub B,lsin,CI-262,NOC N1,Monitoramento,NAO,NAO,Falha de Aplicação,Patch aplicado,1646.2543857639398
INC101031,2025-04-03 17:49:00,2025-04-03 18:31:37.256918520,2025-04-03 19:06:37.256918520,3 - Média,Aplicação,Sub C,lhco,CI-398,SRE,Monitoramento,SIM,NAO,Falha de Rede,Patch aplicado,2557.2569185175744
INC101032,2025-04-03 17:54:00,2025-04-03 18:27:30.429502193,2025-04-03 20:08:30.429502193,4 - Baixa,Infraestrutura,Sub A,lhco,CI-290,Suporte N3,Manual,NAO,NAO,Falha de Aplicação,Patch aplicado,2010.4295021967548
INC101033,2025-04-03 21:55:00,2025-04-03 22:59:33.050986698,2025-04-04 02:12:33.050986698,2 - Alta,Banco de Dados,Sub A,lhvp,CI-195,SRE,Monitoramento,SIM,NAO,Falha de Aplicação,Reinício de serviço,3873.0509866994685
INC101034,2025-04-03 22:09:00,2025-04-04 00:34:05.013262236,2025-04-04 04:19:05.013262236,2 - Alta,Banco de Dados,Sub A,lsin,CI-216,SRE,Monitoramento,SIM,NAO,Falha de Rede,Ajuste de configuração,8705.013262235461
INC101035,2025-04-03 23:15:00,2025-04-04 01:02:45.662574636,2025-04-04 01:10:45.662574636,3 - Média,Rede,Sub C,lsin,CI-305,NOC N2,Monitoramento,SIM,NAO,Erro de Configuração,Ajuste de configuração,6465.662574635957
INC101036,2025-04-04 01:21:00,2025-04-04 01:44:53.272661718,2025-04-04 03:28:53.272661718,4 - Baixa,Banco de Dados,Sub A,lhvp,CI-18,Suporte N3,Manual,NAO,NAO,Falha de Aplicação,Reinício de serviço,1433.272661718806
INC101037,2025-04-04 02:26:00,2025-04-04 04:22:24.966446646,2025-04-04 08:14:24.966446646,2 - Alta,Rede,Sub A,lcem,CI-335,NOC N2,Monitoramento,SIM,NAO,Falha de Aplicação,Reinício de serviço,6984.966446646253
INC101038,2025-04-04 03:41:00,2025-04-04 06:11:59.357514108,2025-04-04 09:23:59.357514108,3 - Média,Infraestrutura,Sub C,lhco,CI-173,SRE,Monitoramento,SIM,NAO,Falha de Rede,Ajuste de configuração,9059.357514105695
INC101039,2025-04-04 04:15:00,2025-04-04 08:30:49.606812504,2025-04-04 11:19:49.606812504,2 - Alta,Rede,Sub C,lsin,CI-386,NOC N1,Monitoramento,SIM,NAO,Falha de Aplicação,Reinício de serviço,15349.60681250186
INC101040,2025-04-04 04:48:00,2025-04-04 05:44:29.252321472,2025-04-04 09:17:29.252321472,2 - Alta,Infraestrutura,Sub A,lsin,CI-388,SRE,Monitoramento,SIM,NAO,Manutenção Programada,Patch aplicado,3389.252321474227
INC101041,2025-04-04 10:38:00,2025-04-04 10:56:17.729998146,2025-04-04 12:31:17.729998146,3 - Média,Rede,Sub B,lhco,CI-50,NOC N2,Monitoramento,SIM,NAO,Falha de Aplicação,Patch aplicado,1097.7299981451956
INC101042,2025-04-04 11:32:00,2025-04-04 14:35:22.076301258,2025-04-04 17:27:22.076301258,2 - Alta,Rede,Sub C,lcem,CI-22,Suporte N3,Manual,SIM,NAO,Falha de Aplicação,Patch aplicado,11002.076301260937
INC101043,2025-04-04 12:15:00,2025-04-04 14:06:50.617294446,2025-04-04 14:27:50.617294446,3 - Média,Infraestrutura,Sub C,lcem,CI-46,SRE,Monitoramento,SIM,NAO,Falha de Aplicação,Ajuste de configuração,6710.617294443387
INC101044,2025-04-04 13:05:00,2025-04-04 13:34:05.112429246,2025-04-04 16:10:05.112429246,3 - Média,Infraestrutura,Sub C,lsin,CI-205,SRE,Monitoramento,SIM,NAO,Falha de Aplicação,Reinício de serviço,1745.1124292483403
INC101045,2025-04-04 17:19:00,2025-04-04 17:58:28.895093748,2025-04-04 18:42:28.895093748,4 - Baixa,Rede,Sub A,lhco,CI-80,NOC N2,Monitoramento,NAO,NAO,Falha de Aplicação,Patch aplicado,2368.8950937477844
INC101046,2025-04-04 17:51:00,2025-04-04 19:14:20.288930316,2025-04-04 21:58:20.288930316,4 - Baixa,Infraestrutura,Sub B,lcem,CI-362,SRE,Monitoramento,NAO,NAO,Falha de Rede,Ajuste de configuração,5000.288930317031
INC101047,2025-04-04 19:30:00,2025-04-04 22:10:36.298292142,2025-04-05 01:45:36.298292142,3 - Média,Rede,Sub C,lcem,CI-232,Suporte N3,Monitoramento,SIM,NAO,Erro de Configuração,Patch aplicado,9636.298292144214
INC101048,2025-04-04 21:28:00,2025-04-04 21:50:14.500452618,2025-04-04 22:14:14.500452618,3 - Média,Infraestrutura,Sub A,lhco,CI-1,NOC N2,Monitoramento,SIM,NAO,Erro de Configuração,Patch aplicado,1334.5004526180794
INC101049,2025-04-04 22:04:00,2025-04-04 22:57:06.356837748,2025-04-05 01:00:06.356837748,3 - Média,Aplicação,Sub A,lhco,CI-296,SRE,Monitoramento,SIM,NAO,Manutenção Programada,Patch aplicado,3186.3568377450965
INC101050,2025-04-04 22:48:00,2025-04-05 00:10:49.251866232,2025-04-05 01:59:49.251866232,3 - Média,Infraestrutura,Sub C,lcem,CI-361,SRE,Monitoramento,SIM,NAO,Erro de Configuração,Reinício de serviço,4969.251866232499
INC101051,2025-04-04 23:24:00,2025-04-05 00:02:52.047190416,2025-04-05 02:43:52.047190416,4 - Baixa,Aplicação,Sub A,lsin,CI-274,Suporte N3,Monitoramento,NAO,NAO,Falha de Rede,Reinício de serviço,2332.047190417719
INC101052,2025-04-05 00:58:00,2025-04-05 02:47:35.283509364,2025-04-05 05:18:35.283509364,2 - Alta,Aplicação,Sub C,lcem,CI-157,Suporte N3,Monitoramento,SIM,NAO,Falha de Rede,Patch aplicado,6575.283509364945
INC101053,2025-04-05 02:39:00,2025-04-05 04:14:11.285474742,2025-04-05 05:32:11.285474742,4 - Baixa,Aplicação,Sub C,lsin,CI-367,SRE,Monitoramento,NAO,NAO,Manutenção Programada,Patch aplicado,5711.285474744458
INC101054,2025-04-05 12:00:00,2025-04-05 13:02:07.663531974,2025-04-05 15:04:07.663531974,2 - Alta,Infraestrutura,Sub C,lsin,CI-78,SRE,Monitoramento,SIM,NAO,Falha de Aplicação,Ajuste de configuração,3727.6635319742268
INC101055,2025-04-05 12:53:00,2025-04-05 13:13:48.217478406,2025-04-05 13:15:48.217478406,3 - Média,Banco de Dados,Sub A,lhvp,CI-125,NOC N1,Monitoramento,SIM,NAO,Manutenção Programada,Patch aplicado,1248.217478403737
INC101056,2025-04-05 13:17:00,2025-04-05 15:03:59.816349690,2025-04-05 15:23:59.816349690,2 - Alta,Aplicação,Sub A,lcem,CI-85,SRE,Manual,SIM,NAO,Manutenção Programada,Reinício de serviço,6419.81634969216
INC101057,2025-04-05 14:13:00,2025-04-05 15:31:06.552929712,2025-04-05 17:27:06.552929712,4 - Baixa,Rede,Sub B,lrev,CI-303,NOC N1,Manual,NAO,NAO,Erro de Configuração,Ajuste de configuração,4686.552929710492
INC101058,2025-04-05 18:18:00,2025-04-05 21:01:33.880768199,2025-04-05 21:44:33.880768199,2 - Alta,Aplicação,Sub B,lsin,CI-189,SRE,Monitoramento,SIM,NAO,Erro de Configuração,Ajuste de configuração,9813.880768200905
INC101059,2025-04-05 21:45:00,2025-04-05 22:07:21.282496734,2025-04-05 23:53:21.282496734,3 - Média,Aplicação,Sub B,lhco,CI-42,NOC N1,Monitoramento,SIM,NAO,Erro de Configuração,Ajuste de configuração,1341.2824967341944
INC101060,2025-04-06 01:03:00,2025-04-06 02:07:17.607636792,2025-04-06 03:03:17.607636792,3 - Média,Rede,Sub B,lrev,CI-217,NOC N2,Monitoramento,SIM,NAO,Manutenção Programada,Reinício de serviço,3857.6076367902647
INC101061,2025-04-06 02:01:00,2025-04-06 02:58:31.794150156,2025-04-06 03:56:31.794150156,3 - Média,Banco de Dados,Sub C,lcem,CI-369,SRE,Monitoramento,SIM,NAO,Falha de Rede,Reinício de serviço,3451.794150156296
INC101062,2025-04-06 02:58:00,2025-04-06 04:42:54.388303710,2025-04-06 08:01:54.388303710,3 - Média,Rede,Sub B,lhco,CI-370,Suporte N3,Monitoramento,SIM,NAO,Falha de Rede,Ajuste de configuração,6294.388303712025
INC101063,2025-04-06 03:03:00,2025-04-06 07:22:26.064839604,2025-04-06 08:53:26.064839604,3 - Média,Infraestrutura,Sub B,lsin,CI-288,SRE,Monitoramento,SIM,NAO,Falha de Aplicação,Patch aplicado,15566.064839606168
INC101064,2025-04-06 04:36:00,2025-04-06 07:04:17.163277872,2025-04-06 10:08:17.163277872,2 - Alta,Rede,Sub C,lcem,CI-179,NOC N2,Manual,SIM,NAO,Falha de Rede,Ajuste de configuração,8897.163277874688
INC101065,2025-04-06 14:05:00,2025-04-06 15:25:55.419726666,2025-04-06 16:31:55.419726666,3 - Média,Infraestrutura,Sub B,lhco,CI-317,NOC N1,Monitoramento,SIM,NAO,Falha de Rede,Patch aplicado,4855.41972666869
INC101066,2025-04-06 15:17:00,2025-04-06 16:01:10.622305674,2025-04-06 18:01:10.622305674,4 - Baixa,Infraestrutura,Sub C,lhvp,CI-107,NOC N2,Monitoramento,NAO,NAO,Manutenção Programada,Ajuste de configuração,2650.6223056759577
INC101067,2025-04-06 16:33:00,2025-04-06 17:44:30.241264728,2025-04-06 20:35:30.241264728,2 - Alta,Rede,Sub B,lsin,CI-63,NOC N2,Monitoramento,SIM,NAO,Manutenção Programada,Patch aplicado,4290.241264725511
INC101068,2025-04-06 18:58:00,2025-04-06 20:17:04.996407138,2025-04-06 20:34:04.996407138,4 - Baixa,Aplicação,Sub C,lcem,CI-360,NOC N1,Monitoramento,NAO,NAO,Falha de Rede,Reinício de serviço,4744.996407135511
INC101069,2025-04-06 21:18:00,2025-04-06 22:43:28.373410470,2025-04-07 01:53:28.373410470,3 - Média,Aplicação,Sub C,lcem,CI-118,NOC N1,Monitoramento,SIM,NAO,Falha de Aplicação,Ajuste de configuração,5128.373410468535
INC101070,2025-04-06 21:35:00,2025-04-07 01:01:34.264258176,2025-04-07 03:54:34.264258176,3 - Média,Rede,Sub B,lhvp,CI-211,NOC N1,Monitoramento,SIM,NAO,Erro de Configuração,Patch aplicado,12394.26425817518
INC101071,2025-04-07 00:21:00,2025-04-07 02:52:45.957509916,2025-04-07 04:58:45.957509916,4 - Baixa,Banco de Dados,Sub C,lhvp,CI-345,NOC N2,Manual,NAO,NAO,Manutenção Programada,Patch aplicado,9105.957509914759
INC101072,2025-04-07 00:26:00,2025-04-07 01:08:44.814816882,2025-04-07 04:21:44.814816882,3 - Média,Rede,Sub C,lsin,CI-64,SRE,Monitoramento,SIM,NAO,Manutenção Programada,Ajuste de configuração,2564.814816881192
INC101073,2025-04-07 05:34:00,2025-04-07 07:06:30.084173442,2025-04-07 08:51:30.084173442,4 - Baixa,Banco de Dados,Sub A,lsin,CI-135,NOC N2,Monitoramento,NAO,NAO,Falha de Rede,Patch aplicado,5550.084173444274
INC101074,2025-04-07 15:51:00,2025-04-07 19:04:23.755434546,2025-04-07 20:30:23.755434546,2 - Alta,Infraestrutura,Sub B,lrev,CI-34,NOC N1,Monitoramento,SIM,NAO,Erro de Configuração,Ajuste de configuração,11603.755434547058
INC101075,2025-04-07 23:24:00,2025-04-08 02:27:32.305711236,2025-04-08 03:06:32.305711236,2 - Alta,Rede,Sub C,lhvp,CI-212,NOC N1,Monitoramento,SIM,NAO,Erro de Configuração,Ajuste de configuração,11012.305711236284
INC101076,2025-04-08 10:39:00,2025-04-08 13:23:05.288851278,2025-04-08 16:12:05.288851278,2 - Alta,Infraestrutura,Sub B,lhvp,CI-323,NOC N2,Monitoramento,SIM,NAO,Falha de Aplicação,Ajuste de configuração,9845.288851275336
INC101077,2025-04-08 13:47:00,2025-04-08 15:29:58.658600196,2025-04-08 16:40:58.658600196,3 - Média,Rede,Sub A,lhco,CI-232,Suporte N3,Monitoramento,SIM,NAO,Manutenção Programada,Patch aplicado,6178.658600197778
INC101078,2025-04-08 17:20:00,2025-04-08 20:51:53.356866024,2025-04-08 23:10:53.356866024,3 - Média,Infraestrutura,Sub C,lcem,CI-170,SRE,Monitoramento,SIM,NAO,Falha de Rede,Patch aplicado,12713.356866022716
INC101079,2025-04-08 18:33:00,2025-04-08 19:59:21.975814998,2025-04-08 21:01:21.975814998,3 - Média,Infraestrutura,Sub C,lhco,CI-332,SRE,Monitoramento,SIM,NAO,Falha de Aplicação,Ajuste de configuração,5181.975815000139
INC101080,2025-04-09 03:47:00,2025-04-09 06:14:30.051160830,2025-04-09 10:03:30.051160830,3 - Média,Rede,Sub A,lhco,CI-329,NOC N2,Manual,SIM,NAO,Erro de Configuração,Patch aplicado,8850.051160832829
INC101081,2025-04-09 04:00:00,2025-04-09 06:39:28.687753914,2025-04-09 10:24:28.687753914,2 - Alta,Aplicação,Sub B,lsin,CI-91,SRE,Monitoramento,SIM,NAO,Falha de Rede,Patch aplicado,9568.687753916905
INC101082,2025-04-09 07:48:00,2025-04-09 08:37:04.948850124,2025-04-09 08:45:04.948850124,4 - Baixa,Infraestrutura,Sub A,lhvp,CI-394,SRE,Monitoramento,NAO,NAO,Falha de Rede,Ajuste de configuração,2944.9488501242877
INC101083,2025-04-09 10:23:00,2025-04-09 12:29:54.533599446,2025-04-09 14:06:54.533599446,2 - Alta,Aplicação,Sub A,lhco,CI-396,NOC N2,Monitoramento,SIM,NAO,Falha de Rede,Ajuste de configuração,7614.533599443039
INC101084,2025-04-09 10:50:00,2025-04-09 11:31:48.893448762,2025-04-09 14:30:48.893448762,4 - Baixa,Infraestrutura,Sub A,lsin,CI-202,NOC N2,Monitoramento,NAO,NAO,Erro de Configuração,Ajuste de configuração,2508.893448764509
INC101085,2025-04-09 13:12:00,2025-04-09 13:36:52.631526426,2025-04-09 13:44:52.631526426,4 - Baixa,Rede,Sub C,lhvp,CI-127,NOC N2,Monitoramento,NAO,NAO,Falha de Aplicação,Ajuste de configuração,1492.6315264253756
INC101086,2025-04-09 13:58:00,2025-04-09 14:17:14.783093790,2025-04-09 17:28:14.783093790,2 - Alta,Infraestrutura,Sub C,lhco,CI-182,NOC N1,Monitoramento,SIM,NAO,Falha de Rede,Ajuste de configuração,1154.7830937899525
INC101087,2025-04-09 14:33:00,2025-04-09 14:38:29.909371776,2025-04-09 17:45:29.909371776,2 - Alta,Banco de Dados,Sub C,lhco,CI-231,NOC N1,Manual,SIM,NAO,Manutenção Programada,Patch aplicado,329.90937177439423
INC101088,2025-04-09 19:43:00,2025-04-09 22:36:02.338277256,2025-04-09 23:58:02.338277256,4 - Baixa,Infraestrutura,Sub A,lhco,CI-239,NOC N1,Monitoramento,NAO,NAO,Falha de Aplicação,Patch aplicado,10382.338277258146
INC101089,2025-04-09 21:46:00,2025-04-09 22:58:06.743840310,2025-04-10 01:15:06.743840310,4 - Baixa,Aplicação,Sub A,lsin,CI-48,NOC N1,Manual,NAO,NAO,Falha de Rede,Ajuste de configuração,4326.743840307538
INC101090,2025-04-09 22:09:00,2025-04-10 02:40:54.913372320,2025-04-10 06:37:54.913372320,3 - Média,Aplicação,Sub A,lsin,CI-286,NOC N1,Monitoramento,SIM,NAO,Falha de Aplicação,Ajuste de configuração,16314.913372318118
INC101091,2025-04-09 22:35:00,2025-04-09 23:45:42.095338428,2025-04-10 03:08:42.095338428,4 - Baixa,Banco de Dados,Sub A,lcem,CI-122,SRE,Monitoramento,NAO,NAO,Falha de Aplicação,Reinício de serviço,4242.09533842998
INC101092,2025-04-10 00:29:00,2025-04-10 02:22:37.572485460,2025-04-10 03:37:37.572485460,3 - Média,Infraestrutura,Sub B,lsin,CI-396,Suporte N3,Manual,SIM,NAO,Manutenção Programada,Reinício de serviço,6817.572485459376
INC101093,2025-04-10 06:55:00,2025-04-10 07:42:29.781538296,2025-04-10 08:39:29.781538296,4 - Baixa,Aplicação,Sub B,lsin,CI-302,NOC N1,Monitoramento,NAO,NAO,Erro de Configuração,Patch aplicado,2849.7815382984095
INC101094,2025-04-10 08:35:00,2025-04-10 09:07:15.004122342,2025-04-10 12:54:15.004122342,4 - Baixa,Infraestrutura,Sub A,lsin,CI-209,SRE,Monitoramento,NAO,NAO,Manutenção Programada,Ajuste de configuração,1935.0041223414557
INC101095,2025-04-10 11:04:00,2025-04-10 12:54:57.958942116,2025-04-10 14:21:57.958942116,3 - Média,Infraestrutura,Sub C,lhco,CI-225,Suporte N3,Monitoramento,SIM,NAO,Falha de Aplicação,Patch aplicado,6657.958942118581
INC101096,2025-04-10 15:19:00,2025-04-10 16:20:20.588276088,2025-04-10 17:27:20.588276088,4 - Baixa,Infraestrutura,Sub C,lhco,CI-321,Suporte N3,Monitoramento,NAO,NAO,Manutenção Programada,Patch aplicado,3680.5882760906306
INC101097,2025-04-10 18:05:00,2025-04-10 20:16:36.803683068,2025-04-10 23:08:36.803683068,2 - Alta,Banco de Dados,Sub B,lhco,CI-227,NOC N1,Monitoramento,SIM,NAO,Falha de Rede,Ajuste de configuração,7896.803683069377
INC101098,2025-04-10 18:14:00,2025-04-10 18:43:13.727292834,2025-04-10 22:38:13.727292834,3 - Média,Rede,Sub A,lhco,CI-185,SRE,Monitoramento,SIM,NAO,Falha de Rede,Ajuste de configuração,1753.7272928315726
INC101099,2025-04-10 20:04:00,2025-04-10 21:17:41.845423398,2025-04-11 00:48:41.845423398,3 - Média,Rede,Sub A,lhco,CI-115,Suporte N3,Monitoramento,SIM,NAO,Erro de Configuração,Ajuste de configuração,4421.845423397358
INC101100,2025-04-10 21:15:00,2025-04-10 22:19:33.979890828,2025-04-11 00:27:33.979890828,2 - Alta,Rede,Sub B,lsin,CI-377,Suporte N3,Monitoramento,SIM,NAO,Erro de Configuração,Reinício de serviço,3873.9798908262064
INC101101,2025-04-11 00:43:00,2025-04-11 01:49:18.154622400,2025-04-11 03:34:18.154622400,3 - Média,Banco de Dados,Sub A,lcem,CI-76,NOC N1,Monitoramento,SIM,NAO,Falha de Aplicação,Ajuste de configuração,3978.154622399711
INC101102,2025-04-11 02:09:00,2025-04-11 04:20:41.815739028,2025-04-11 06:20:41.815739028,3 - Média,Aplicação,Sub A,lcem,CI-14,Suporte N3,Monitoramento,SIM,NAO,Erro de Configuração,Patch aplicado,7901.815739028703
INC101103,2025-04-11 03:01:00,2025-04-11 04:50:28.384689024,2025-04-11 08:20:28.384689024,3 - Média,Rede,Sub C,lhco,CI-204,Suporte N3,Monitoramento,SIM,NAO,Manutenção Programada,Reinício de serviço,6568.384689026172
INC101104,2025-04-11 03:14:00,2025-04-11 04:46:19.648573146,2025-04-11 06:04:19.648573146,4 - Baixa,Rede,Sub B,lhco,CI-115,NOC N1,Monitoramento,NAO,NAO,Falha de Rede,Reinício de serviço,5539.648573144161
INC101105,2025-04-11 05:23:00,2025-04-11 06:11:04.658093256,2025-04-11 07:19:04.658093256,3 - Média,Rede,Sub C,lsin,CI-165,NOC N1,Monitoramento,SIM,NAO,Erro de Configuração,Ajuste de configuração,2884.6580932530933
INC101106,2025-04-11 08:35:00,2025-04-11 10:41:39.114813150,2025-04-11 11:01:39.114813150,3 - Média,Rede,Sub A,lsin,CI-333,NOC N2,Monitoramento,SIM,NAO,Manutenção Programada,Reinício de serviço,7599.114813148879
INC101107,2025-04-11 09:32:00,2025-04-11 10:54:00.939658530,2025-04-11 12:21:00.939658530,2 - Alta,Rede,Sub A,lhco,CI-192,NOC N1,Monitoramento,SIM,NAO,Erro de Configuração,Patch aplicado,4920.939658531337
INC101108,2025-04-11 09:44:00,2025-04-11 09:53:00.099138804,2025-04-11 11:05:00.099138804,2 - Alta,Rede,Sub A,lhco,CI-286,SRE,Manual,SIM,NAO,Manutenção Programada,Patch aplicado,540.0991388052039
INC101109,2025-04-11 11:11:00,2025-04-11 12:50:10.876406526,2025-04-11 13:21:10.876406526,3 - Média,Infraestrutura,Sub A,lsin,CI-159,NOC N2,Monitoramento,SIM,NAO,Manutenção Programada,Reinício de serviço,5950.876406526906
INC101110,2025-04-11 11:28:00,2025-04-11 11:46:20.832137436,2025-04-11 12:38:20.832137436,3 - Média,Banco de Dados,Sub A,lsin,CI-233,SRE,Monitoramento,SIM,NAO,Erro de Configuração,Reinício de serviço,1100.8321374349678
INC101111,2025-04-11 14:19:00,2025-04-11 15:06:11.592602496,2025-04-11 17:15:11.592602496,4 - Baixa,Rede,Sub C,lcem,CI-43,SRE,Monitoramento,NAO,NAO,Falha de Aplicação,Patch aplicado,2831.5926024976798
INC101112,2025-04-11 14:20:00,2025-04-11 15:26:38.233126020,2025-04-11 18:48:38.233126020,2 - Alta,Infraestrutura,Sub B,lsin,CI-183,NOC N2,Manual,SIM,NAO,Falha de Aplicação,Ajuste de configuração,3998.2331260204082
INC101113,2025-04-11 18:15:00,2025-04-11 22:37:15.298260918,2025-04-11 23:50:15.298260918,2 - Alta,Infraestrutura,Sub B,lsin,CI-89,NOC N1,Monitoramento,SIM,NAO,Falha de Rede,Patch aplicado,15735.298260918882
INC101114,2025-04-11 19:37:00,2025-04-11 21:08:57.876358896,2025-04-11 22:48:57.876358896,3 - Média,Aplicação,Sub A,lhco,CI-380,SRE,Monitoramento,SIM,NAO,Erro de Configuração,Ajuste de configuração,5517.876358893967
INC101115,2025-04-11 23:03:00,2025-04-11 23:45:16.425305934,2025-04-12 01:00:16.425305934,4 - Baixa,Aplicação,Sub B,lrev,CI-279,NOC N2,Monitoramento,NAO,NAO,Falha de Aplicação,Patch aplicado,2536.4253059349144
INC101116,2025-04-11 23:27:00,2025-04-12 01:21:08.568004368,2025-04-12 03:59:08.568004368,2 - Alta,Aplicação,Sub B,lhvp,CI-121,Suporte N3,Monitoramento,SIM,NAO,Falha de Rede,Patch aplicado,6848.568004366997
INC101117,2025-04-12 06:42:00,2025-04-12 08:20:45.485210046,2025-04-12 09:40:45.485210046,4 - Baixa,Rede,Sub B,lcem,CI-184,NOC N2,Monitoramento,NAO,NAO,Erro de Configuração,Reinício de serviço,5925.485210047898
INC101118,2025-04-12 09:16:00,2025-04-12 10:38:49.328863596,2025-04-12 11:48:49.328863596,2 - Alta,Aplicação,Sub B,lhco,CI-385,NOC N1,Monitoramento,SIM,NAO,Erro de Configuração,Ajuste de configuração,4969.328863596379
INC101119,2025-04-12 14:04:00,2025-04-12 15:00:01.475510190,2025-04-12 16:55:01.475510190,3 - Média,Infraestrutura,Sub B,lsin,CI-81,SRE,Monitoramento,SIM,NAO,Falha de Aplicação,Patch aplicado,3361.475510190284
INC101120,2025-04-12 14:54:00,2025-04-12 15:23:47.673274968,2025-04-12 16:16:47.673274968,3 - Média,Banco de Dados,Sub B,lsin,CI-185,Suporte N3,Manual,SIM,NAO,Falha de Rede,Ajuste de configuração,1787.6732749700886
INC101121,2025-04-12 16:48:00,2025-04-12 18:05:09.474507342,2025-04-12 20:14:09.474507342,4 - Baixa,Aplicação,Sub B,lrev,CI-219,Suporte N3,Monitoramento,NAO,NAO,Erro de Configuração,Ajuste de configuração,4629.474507340085
INC101122,2025-04-12 21:46:00,2025-04-12 22:42:02.008584407,2025-04-13 02:33:02.008584407,2 - Alta,Rede,Sub A,lsin,CI-132,NOC N1,Monitoramento,SIM,NAO,Falha de Aplicação,Reinício de serviço,3362.0085844060113
INC101123,2025-04-13 06:21:00,2025-04-13 06:59:59.128535724,2025-04-13 07:48:59.128535724,4 - Baixa,Aplicação,Sub A,lsin,CI-248,Suporte N3,Monitoramento,NAO,NAO,Erro de Configuração,Patch aplicado,2339.1285357229235
INC101124,2025-04-13 10:25:00,2025-04-13 12:45:13.513427142,2025-04-13 13:54:13.513427142,2 - Alta,Aplicação,Sub C,lcem,CI-87,Suporte N3,Monitoramento,SIM,NAO,Manutenção Programada,Patch aplicado,8413.513427144977
INC101125,2025-04-13 12:02:00,2025-04-13 15:18:50.537775882,2025-04-13 16:42:50.537775882,4 - Baixa,Aplicação,Sub A,lcem,CI-10,NOC N1,Monitoramento,NAO,NAO,Falha de Rede,Reinício de serviço,11810.537775882973
INC101126,2025-04-13 16:01:00,2025-04-13 17:49:42.275317590,2025-04-13 18:13:42.275317590,4 - Baixa,Rede,Sub A,lrev,CI-278,SRE,Monitoramento,NAO,NAO,Falha de Rede,Ajuste de configuração,6522.275317591193
INC101127,2025-04-13 16:11:00,2025-04-13 18:36:44.095706742,2025-04-13 21:54:44.095706742,3 - Média,Infraestrutura,Sub B,lsin,CI-73,Suporte N3,Monitoramento,SIM,NAO,Erro de Configuração,Patch aplicado,8744.095706744298
INC101128,2025-04-13 18:45:00,2025-04-13 20:08:35.842365012,2025-04-13 23:35:35.842365012,4 - Baixa,Rede,Sub C,lhco,CI-143,NOC N2,Monitoramento,NAO,NAO,Falha de Rede,Ajuste de configuração,5015.842365012557
INC101129,2025-04-13 19:50:00,2025-04-13 20:40:39.224455374,2025-04-13 21:44:39.224455374,3 - Média,Banco de Dados,Sub B,lhvp,CI-198,Suporte N3,Monitoramento,SIM,NAO,Falha de Aplicação,Reinício de serviço,3039.224455375991
INC101130,2025-04-14 01:49:00,2025-04-14 03:15:56.848504200,2025-04-14 05:32:56.848504200,3 - Média,Rede,Sub C,lcem,CI-59,NOC N2,Monitoramento,SIM,NAO,Falha de Rede,Reinício de serviço,5216.848504199614
INC101131,2025-04-14 04:43:00,2025-04-14 07:42:01.072812756,2025-04-14 10:06:01.072812756,4 - Baixa,Banco de Dados,Sub A,lcem,CI-333,NOC N1,Monitoramento,NAO,NAO,Erro de Configuração,Reinício de serviço,10741.07281275603
INC101132,2025-04-14 06:25:00,2025-04-14 06:56:31.311837408,2025-04-14 10:24:31.311837408,3 - Média,Infraestrutura,Sub B,lcem,CI-235,SRE,Monitoramento,SIM,NAO,Falha de Aplicação,Reinício de serviço,1891.3118374055744
INC101133,2025-04-14 07:33:00,2025-04-14 08:44:55.721018850,2025-04-14 11:43:55.721018850,2 - Alta,Aplicação,Sub C,lhco,CI-242,Suporte N3,Monitoramento,SIM,NAO,Manutenção Programada,Ajuste de configuração,4315.721018849604
INC101134,2025-04-14 07:46:00,2025-04-14 09:19:58.987475838,2025-04-14 12:21:58.987475838,3 - Média,Aplicação,Sub B,lhco,CI-189,NOC N1,Monitoramento,SIM,NAO,Falha de Aplicação,Patch aplicado,5638.987475835971
INC101135,2025-04-14 08:28:00,2025-04-14 08:33:01.621397202,2025-04-14 11:09:01.621397202,4 - Baixa,Rede,Sub A,lsin,CI-348,NOC N2,Monitoramento,NAO,NAO,Erro de Configuração,Patch aplicado,301.6213971999974
INC101136,2025-04-14 11:42:00,2025-04-14 12:26:51.676839000,2025-04-14 15:37:51.676839000,3 - Média,Infraestrutura,Sub B,lrev,CI-130,NOC N2,Monitoramento,SIM,NAO,Falha de Rede,Reinício de serviço,2691.6768389998347
INC101137,2025-04-14 12:40:00,2025-04-14 16:34:41.199030180,2025-04-14 18:30:41.199030180,3 - Média,Aplicação,Sub A,lhvp,CI-188,NOC N1,Monitoramento,SIM,NAO,Erro de Configuração,Ajuste de configuração,14081.199030179156
INC101138,2025-04-14 16:04:00,2025-04-14 16:50:19.767598878,2025-04-14 20:40:19.767598878,3 - Média,Infraestrutura,Sub B,lhco,CI-279,Suporte N3,Monitoramento,SIM,NAO,Falha de Rede,Patch aplicado,2779.7675988808564
INC101139,2025-04-14 17:33:00,2025-04-14 18:53:52.968945516,2025-04-14 20:20:52.968945516,3 - Média,Aplicação,Sub B,lcem,CI-147,NOC N2,Monitoramento,SIM,NAO,Falha de Rede,Patch aplicado,4852.968945516987
INC101140,2025-04-14 19:37:00,2025-04-14 19:48:27.435256026,2025-04-14 20:13:27.435256026,3 - Média,Banco de Dados,Sub B,lhco,CI-82,Suporte N3,Monitoramento,SIM,NAO,Falha de Aplicação,Reinício de serviço,687.4352560284733
INC101141,2025-04-14 19:45:00,2025-04-14 20:47:32.281812006,2025-04-14 21:02:32.281812006,3 - Média,Rede,Sub B,lcem,CI-341,NOC N2,Monitoramento,SIM,NAO,Falha de Rede,Reinício de serviço,3752.2818120085035
INC101142,2025-04-14 22:04:00,2025-04-14 23:00:05.241361794,2025-04-15 00:29:05.241361794,3 - Média,Infraestrutura,Sub A,lhco,CI-352,Suporte N3,Monitoramento,SIM,NAO,Falha de Rede,Ajuste de configuração,3365.2413617968095
INC101143,2025-04-15 06:08:00,2025-04-15 07:01:21.240209592,2025-04-15 07:31:21.240209592,2 - Alta,Aplicação,Sub C,lhvp,CI-376,Suporte N3,Monitoramento,SIM,NAO,Erro de Configuração,Reinício de serviço,3201.240209592071
INC101144,2025-04-15 10:31:00,2025-04-15 11:36:45.985745238,2025-04-15 14:53:45.985745238,3 - Média,Rede,Sub A,lrev,CI-227,NOC N1,Monitoramento,SIM,SIM,Erro de Configuração,Reinício de serviço,3945.985745237206
INC101145,2025-04-15 11:46:00,2025-04-15 12:43:35.977625952,2025-04-15 15:07:35.977625952,4 - Baixa,Infraestrutura,Sub C,lhco,CI-329,NOC N2,Monitoramento,NAO,NAO,Falha de Aplicação,Ajuste de configuração,3455.977625950298
INC101146,2025-04-15 15:07:00,2025-04-15 16:00:06.222243192,2025-04-15 19:26:06.222243192,2 - Alta,Infraestrutura,Sub B,lcem,CI-208,NOC N1,Monitoramento,SIM,NAO,Falha de Aplicação,Patch aplicado,3186.2222431937425
INC101147,2025-04-15 17:03:00,2025-04-15 17:35:50.430467244,2025-04-15 18:36:50.430467244,2 - Alta,Banco de Dados,Sub A,lsin,CI-335,Suporte N3,Monitoramento,SIM,NAO,Falha de Aplicação,Reinício de serviço,1970.4304672459057
INC101148,2025-04-15 19:06:00,2025-04-15 20:44:13.238837430,2025-04-15 23:04:13.238837430,3 - Média,Rede,Sub C,lhco,CI-76,SRE,Monitoramento,SIM,NAO,Manutenção Programada,Ajuste de configuração,5893.238837427831
INC101149,2025-04-15 20:59:00,2025-04-15 21:17:04.689960738,2025-04-16 00:28:04.689960738,2 - Alta,Infraestrutura,Sub A,lrev,CI-293,Suporte N3,Monitoramento,SIM,NAO,Erro de Configuração,Reinício de serviço,1084.6899607387804
INC101150,2025-04-16 02:36:00,2025-04-16 05:23:56.094398556,2025-04-16 09:00:56.094398556,2 - Alta,Infraestrutura,Sub A,lhco,CI-231,NOC N1,Monitoramento,SIM,NAO,Erro de Configuração,Patch aplicado,10076.094398553649
INC101151,2025-04-16 04:59:00,2025-04-16 06:02:50.413188780,2025-04-16 08:26:50.413188780,3 - Média,Infraestrutura,Sub A,lhco,CI-367,Suporte N3,Monitoramento,SIM,NAO,Erro de Configuração,Patch aplicado,3830.4131887810786
INC101152,2025-04-16 06:36:00,2025-04-16 10:21:30.147685392,2025-04-16 13:12:30.147685392,3 - Média,Infraestrutura,Sub B,lhco,CI-65,SRE,Manual,SIM,NAO,Falha de Rede,Ajuste de configuração,13530.1476853931
INC101153,2025-04-16 10:05:00,2025-04-16 11:34:26.090340792,2025-04-16 12:06:26.090340792,3 - Média,Banco de Dados,Sub A,lhco,CI-221,Suporte N3,Monitoramento,SIM,NAO,Manutenção Programada,Reinício de serviço,5366.090340791578
INC101154,2025-04-16 12:16:00,2025-04-16 12:49:45.264123966,2025-04-16 14:18:45.264123966,4 - Baixa,Rede,Sub A,lhco,CI-287,NOC N1,Monitoramento,NAO,NAO,Falha de Rede,Reinício de serviço,2025.2641239669397
INC101155,2025-04-16 14:34:00,2025-04-16 16:58:08.920337190,2025-04-16 20:43:08.920337190,3 - Média,Infraestrutura,Sub A,lhco,CI-371,SRE,Monitoramento,SIM,NAO,Manutenção Programada,Patch aplicado,8648.920337192441
INC101156,2025-04-16 20:16:00,2025-04-16 21:00:34.096651290,2025-04-16 22:20:34.096651290,3 - Média,Infraestrutura,Sub A,lhco,CI-181,NOC N2,Monitoramento,SIM,NAO,Falha de Aplicação,Reinício de serviço,2674.096651290189
INC101157,2025-04-16 20:38:00,2025-04-16 23:07:24.666738420,2025-04-17 02:37:24.666738420,2 - Alta,Banco de Dados,Sub A,lrev,CI-281,Suporte N3,Monitoramento,SIM,NAO,Falha de Aplicação,Reinício de serviço,8964.666738422835
INC101158,2025-04-16 23:28:00,2025-04-17 01:48:44.873043066,2025-04-17 05:43:44.873043066,4 - Baixa,Banco de Dados,Sub B,lsin,CI-252,NOC N1,Monitoramento,NAO,NAO,Falha de Aplicação,Patch aplicado,8444.873043065927
INC101159,2025-04-17 01:29:00,2025-04-17 01:53:08.082997272,2025-04-17 03:57:08.082997272,2 - Alta,Aplicação,Sub C,lsin,CI-242,SRE,Monitoramento,SIM,NAO,Manutenção Programada,Patch aplicado,1448.0829972717104
INC101160,2025-04-17 05:00:00,2025-04-17 06:37:06.550534650,2025-04-17 07:10:06.550534650,4 - Baixa,Banco de Dados,Sub A,lrev,CI-174,Suporte N3,Monitoramento,NAO,NAO,Manutenção Programada,Ajuste de configuração,5826.5505346528735
INC101161,2025-04-17 10:19:00,2025-04-17 10:48:47.045570610,2025-04-17 14:35:47.045570610,3 - Média,Aplicação,Sub C,lhco,CI-62,SRE,Monitoramento,SIM,NAO,Falha de Aplicação,Ajuste de configuração,1787.0455706128957
INC101162,2025-04-17 11:16:00,2025-04-17 12:21:29.752032816,2025-04-17 16:16:29.752032816,3 - Média,Rede,Sub C,lcem,CI-14,SRE,Monitoramento,SIM,NAO,Erro de Configuração,Ajuste de configuração,3929.752032816349
INC101163,2025-04-17 14:31:00,2025-04-17 16:31:43.639115034,2025-04-17 18:32:43.639115034,2 - Alta,Infraestrutura,Sub A,lsin,CI-25,Suporte N3,Manual,SIM,NAO,Falha de Aplicação,Reinício de serviço,7243.639115035509
INC101164,2025-04-17 17:23:00,2025-04-17 22:30:22.266380988,2025-04-18 00:10:22.266380988,2 - Alta,Rede,Sub B,lsin,CI-372,NOC N2,Monitoramento,SIM,NAO,Erro de Configuração,Ajuste de configuração,18442.266380985075
INC101165,2025-04-17 17:56:00,2025-04-17 19:25:26.656495590,2025-04-17 20:44:26.656495590,2 - Alta,Banco de Dados,Sub C,lcem,CI-62,NOC N1,Manual,SIM,NAO,Manutenção Programada,Patch aplicado,5366.656495591734
INC101166,2025-04-17 18:44:00,2025-04-17 19:26:54.636229764,2025-04-17 20:27:54.636229764,2 - Alta,Banco de Dados,Sub C,lcem,CI-393,Suporte N3,Monitoramento,SIM,NAO,Falha de Rede,Reinício de serviço,2574.636229765721
INC101167,2025-04-17 18:59:00,2025-04-17 20:27:06.141733320,2025-04-17 22:33:06.141733320,3 - Média,Banco de Dados,Sub A,lsin,CI-57,NOC N1,Monitoramento,SIM,NAO,Falha de Rede,Patch aplicado,5286.141733319922
INC101168,2025-04-17 20:04:00,2025-04-17 21:43:43.572817554,2025-04-18 01:16:43.572817554,4 - Baixa,Banco de Dados,Sub B,lhco,CI-168,NOC N1,Monitoramento,NAO,NAO,Falha de Rede,Patch aplicado,5983.572817552961
INC101169,2025-04-18 02:46:00,2025-04-18 04:55:25.776817668,2025-04-18 07:24:25.776817668,3 - Média,Infraestrutura,Sub A,lcem,CI-95,Suporte N3,Monitoramento,SIM,NAO,Erro de Configuração,Patch aplicado,7765.776817667085
INC101170,2025-04-18 09:52:00,2025-04-18 11:21:19.874204760,2025-04-18 13:45:19.874204760,3 - Média,Banco de Dados,Sub A,lhvp,CI-60,NOC N1,Monitoramento,SIM,NAO,Falha de Aplicação,Ajuste de configuração,5359.87420475961
INC101171,2025-04-18 15:47:00,2025-04-18 17:37:53.080876038,2025-04-18 18:12:53.080876038,4 - Baixa,Rede,Sub B,lcem,CI-335,Suporte N3,Monitoramento,NAO,NAO,Manutenção Programada,Ajuste de configuração,6653.080876040407
INC101172,2025-04-18 19:21:00,2025-04-18 22:46:45.431602254,2025-04-19 00:10:45.431602254,3 - Média,Rede,Sub C,lcem,CI-316,NOC N1,Monitoramento,SIM,NAO,Falha de Rede,Reinício de serviço,12345.431602254079
INC101173,2025-04-18 21:03:00,2025-04-18 21:56:13.404794388,2025-04-18 22:31:13.404794388,3 - Média,Aplicação,Sub C,lhco,CI-308,NOC N1,Monitoramento,SIM,NAO,Erro de Configuração,Ajuste de configuração,3193.4047943852183
INC101174,2025-04-18 21:48:00,2025-04-18 22:43:44.639232984,2025-04-18 23:57:44.639232984,3 - Média,Aplicação,Sub B,lhco,CI-314,NOC N2,Manual,SIM,NAO,Manutenção Programada,Patch aplicado,3344.6392329836153
INC101175,2025-04-18 23:37:00,2025-04-19 00:44:13.861581612,2025-04-19 01:39:13.861581612,2 - Alta,Banco de Dados,Sub A,lhvp,CI-336,NOC N2,Monitoramento,SIM,NAO,Falha de Aplicação,Reinício de serviço,4033.8615816136435
INC101176,2025-04-19 00:27:00,2025-04-19 01:06:33.760896264,2025-04-19 03:23:33.760896264,4 - Baixa,Infraestrutura,Sub B,lsin,CI-38,Suporte N3,Monitoramento,NAO,NAO,Falha de Aplicação,Ajuste de configuração,2373.7608962644617
INC101177,2025-04-19 06:56:00,2025-04-19 08:15:29.956228044,2025-04-19 11:05:29.956228044,4 - Baixa,Infraestrutura,Sub B,lsin,CI-210,Suporte N3,Monitoramento,NAO,NAO,Falha de Aplicação,Reinício de serviço,4769.956228046164
INC101178,2025-04-19 09:25:00,2025-04-19 09:55:37.581682326,2025-04-19 11:37:37.581682326,3 - Média,Banco de Dados,Sub C,lsin,CI-182,NOC N2,Monitoramento,SIM,NAO,Manutenção Programada,Patch aplicado,1837.5816823270275
INC101179,2025-04-19 12:42:00,2025-04-19 13:18:13.845876096,2025-04-19 15:16:13.845876096,3 - Média,Rede,Sub C,lsin,CI-115,NOC N1,Monitoramento,SIM,NAO,Erro de Configuração,Patch aplicado,2173.8458760967333
INC101180,2025-04-19 13:33:00,2025-04-19 14:06:29.171244978,2025-04-19 14:45:29.171244978,3 - Média,Aplicação,Sub A,lsin,CI-242,NOC N1,Monitoramento,SIM,NAO,Falha de Aplicação,Ajuste de configuração,2009.1712449757622
INC101181,2025-04-19 15:22:00,2025-04-19 17:07:24.654218538,2025-04-19 18:43:24.654218538,2 - Alta,Aplicação,Sub C,lsin,CI-237,NOC N1,Monitoramento,SIM,NAO,Falha de Aplicação,Reinício de serviço,6324.654218540409
INC101182,2025-04-19 15:24:00,2025-04-19 15:58:56.495954322,2025-04-19 16:48:56.495954322,3 - Média,Infraestrutura,Sub C,lhco,CI-386,Suporte N3,Monitoramento,SIM,NAO,Falha de Rede,Patch aplicado,2096.4959543218506
INC101183,2025-04-19 22:39:00,2025-04-20 00:15:13.978401498,2025-04-20 00:27:13.978401498,3 - Média,Aplicação,Sub A,lcem,CI-39,SRE,Monitoramento,SIM,NAO,Manutenção Programada,Reinício de serviço,5773.978401498774
INC101184,2025-04-19 23:14:00,2025-04-20 03:34:51.680443080,2025-04-20 06:55:51.680443080,2 - Alta,Rede,Sub C,lsin,CI-236,NOC N2,Monitoramento,SIM,NAO,Falha de Aplicação,Reinício de serviço,15651.680443078987
INC101185,2025-04-20 00:33:00,2025-04-20 06:43:03.354904002,2025-04-20 09:39:03.354904002,4 - Baixa,Banco de Dados,Sub B,lcem,CI-47,Suporte N3,Monitoramento,NAO,NAO,Manutenção Programada,Patch aplicado,22203.354904001815
INC101186,2025-04-20 01:54:00,2025-04-20 03:31:24.830763642,2025-04-20 03:41:24.830763642,2 - Alta,Aplicação,Sub A,lcem,CI-316,Suporte N3,Monitoramento,SIM,NAO,Falha de Aplicação,Patch aplicado,5844.83076363906
INC101187,2025-04-20 03:21:00,2025-04-20 04:04:12.784072812,2025-04-20 06:02:12.784072812,4 - Baixa,Infraestrutura,Sub C,lhco,CI-157,NOC N2,Monitoramento,NAO,NAO,Falha de Rede,Reinício de serviço,2592.784072813489
INC101188,2025-04-20 04:25:00,2025-04-20 05:23:31.574450628,2025-04-20 09:05:31.574450628,4 - Baixa,Rede,Sub A,lhvp,CI-277,NOC N2,Monitoramento,NAO,NAO,Erro de Configuração,Patch aplicado,3511.5744506273154
INC101189,2025-04-20 04:54:00,2025-04-20 05:13:25.493285574,2025-04-20 09:07:25.493285574,4 - Baixa,Infraestrutura,Sub A,lcem,CI-109,NOC N1,Monitoramento,NAO,NAO,Erro de Configuração,Patch aplicado,1165.4932855752859
INC101190,2025-04-20 09:26:00,2025-04-20 11:32:45.820086720,2025-04-20 11:37:45.820086720,3 - Média,Banco de Dados,Sub A,lrev,CI-235,Suporte N3,Monitoramento,SIM,NAO,Erro de Configuração,Reinício de serviço,7605.820086718377
INC101191,2025-04-20 10:57:00,2025-04-20 11:56:17.288241246,2025-04-20 14:45:17.288241246,3 - Média,Rede,Sub C,lhvp,CI-371,NOC N1,Manual,SIM,NAO,Manutenção Programada,Reinício de serviço,3557.2882412440995
INC101192,2025-04-20 12:13:00,2025-04-20 14:53:13.265150256,2025-04-20 15:20:13.265150256,2 - Alta,Rede,Sub C,lrev,CI-151,NOC N1,Monitoramento,SIM,NAO,Manutenção Programada,Ajuste de configuração,9613.265150253716
INC101193,2025-04-20 12:56:00,2025-04-20 14:29:37.624277208,2025-04-20 16:08:37.624277208,2 - Alta,Aplicação,Sub C,lcem,CI-126,SRE,Monitoramento,SIM,NAO,Falha de Rede,Ajuste de configuração,5617.624277207095
INC101194,2025-04-20 13:30:00,2025-04-20 15:47:47.810420556,2025-04-20 15:59:47.810420556,3 - Média,Infraestrutura,Sub A,lsin,CI-276,NOC N2,Monitoramento,SIM,NAO,Falha de Rede,Reinício de serviço,8267.810420558417
INC101195,2025-04-20 15:44:00,2025-04-20 16:33:56.791697934,2025-04-20 18:48:56.791697934,3 - Média,Aplicação,Sub A,lhco,CI-215,NOC N1,Monitoramento,SIM,NAO,Manutenção Programada,Ajuste de configuração,2996.7916979353868
INC101196,2025-04-20 16:23:00,2025-04-20 17:24:42.576626718,2025-04-20 20:13:42.576626718,2 - Alta,Infraestrutura,Sub B,lhvp,CI-185,SRE,Monitoramento,SIM,NAO,Erro de Configuração,Ajuste de configuração,3702.5766267160416
INC101197,2025-04-20 17:33:00,2025-04-20 17:44:17.635398276,2025-04-20 19:24:17.635398276,4 - Baixa,Infraestrutura,Sub A,lrev,CI-386,SRE,Monitoramento,NAO,NAO,Falha de Rede,Ajuste de configuração,677.6353982742376
INC101198,2025-04-20 18:56:00,2025-04-20 20:15:10.469940612,2025-04-20 21:11:10.469940612,4 - Baixa,Banco de Dados,Sub C,lsin,CI-220,Suporte N3,Manual,NAO,NAO,Falha de Rede,Reinício de serviço,4750.469940612509
INC101199,2025-04-20 19:35:00,2025-04-20 20:54:22.661941482,2025-04-20 20:57:22.661941482,3 - Média,Banco de Dados,Sub A,lhco,CI-71,NOC N1,Monitoramento,SIM,NAO,Manutenção Programada,Reinício de serviço,4762.661941481275
INC101200,2025-04-20 20:30:00,2025-04-20 21:01:04.103482656,2025-04-20 23:37:04.103482656,2 - Alta,Aplicação,Sub B,lhvp,CI-63,NOC N1,Manual,SIM,NAO,Erro de Configuração,Ajuste de configuração,1864.103482657683
INC101201,2025-04-20 22:45:00,2025-04-21 00:00:08.619643968,2025-04-21 00:41:08.619643968,3 - Média,Rede,Sub C,lhvp,CI-194,NOC N2,Monitoramento,SIM,NAO,Falha de Aplicação,Reinício de serviço,4508.619643965199
INC101202,2025-04-21 06:04:00,2025-04-21 06:56:44.449104306,2025-04-21 10:14:44.449104306,4 - Baixa,Rede,Sub B,lrev,CI-45,NOC N1,Manual,NAO,NAO,Erro de Configuração,Patch aplicado,3164.4491043049234
INC101203,2025-04-21 08:00:00,2025-04-21 09:15:26.564540400,2025-04-21 11:51:26.564540400,4 - Baixa,Aplicação,Sub A,lsin,CI-372,Suporte N3,Monitoramento,NAO,NAO,Falha de Rede,Reinício de serviço,4526.5645403999815
INC101204,2025-04-21 08:05:00,2025-04-21 09:09:59.241003834,2025-04-21 09:44:59.241003834,2 - Alta,Rede,Sub B,lrev,CI-395,NOC N2,Monitoramento,SIM,NAO,Falha de Aplicação,Patch aplicado,3899.241003831482
INC101205,2025-04-21 09:00:00,2025-04-21 10:53:33.984085691,2025-04-21 11:56:33.984085691,3 - Média,Infraestrutura,Sub A,lcem,CI-165,SRE,Monitoramento,SIM,NAO,Falha de Aplicação,Reinício de serviço,6813.984085690049
INC101206,2025-04-21 13:55:00,2025-04-21 15:39:18.444737274,2025-04-21 17:13:18.444737274,3 - Média,Banco de Dados,Sub C,lhco,CI-211,Suporte N3,Manual,SIM,NAO,Falha de Rede,Ajuste de configuração,6258.444737274681
INC101207,2025-04-21 14:58:00,2025-04-21 16:13:47.681706786,2025-04-21 17:38:47.681706786,2 - Alta,Infraestrutura,Sub C,lsin,CI-225,Suporte N3,Monitoramento,SIM,NAO,Falha de Aplicação,Ajuste de configuração,4547.681706787768
INC101208,2025-04-21 15:36:00,2025-04-21 16:02:17.482271514,2025-04-21 18:02:17.482271514,3 - Média,Aplicação,Sub A,lsin,CI-369,NOC N2,Monitoramento,SIM,NAO,Falha de Aplicação,Patch aplicado,1577.4822715113323
INC101209,2025-04-21 16:23:00,2025-04-21 19:46:54.035854590,2025-04-21 22:51:54.035854590,4 - Baixa,Infraestrutura,Sub B,lhco,CI-275,NOC N1,Monitoramento,NAO,NAO,Falha de Rede,Reinício de serviço,12234.035854589127
INC101210,2025-04-21 19:10:00,2025-04-21 19:29:32.224315320,2025-04-21 23:22:32.224315320,2 - Alta,Infraestrutura,Sub B,lsin,CI-73,NOC N1,Manual,SIM,NAO,Manutenção Programada,Ajuste de configuração,1172.2243153206086
INC101211,2025-04-22 06:13:00,2025-04-22 07:30:53.251268070,2025-04-22 07:37:53.251268070,3 - Média,Banco de Dados,Sub C,lsin,CI-169,SRE,Monitoramento,SIM,NAO,Falha de Aplicação,Patch aplicado,4673.25126806956
INC101212,2025-04-22 13:40:00,2025-04-22 15:47:30.493580466,2025-04-22 17:33:30.493580466,3 - Média,Rede,Sub A,lcem,CI-313,SRE,Monitoramento,SIM,NAO,Manutenção Programada,Ajuste de configuração,7650.493580465938
INC101213,2025-04-22 14:46:00,2025-04-22 17:02:44.917567320,2025-04-22 18:19:44.917567320,3 - Média,Infraestrutura,Sub A,lcem,CI-287,NOC N2,Monitoramento,SIM,NAO,Erro de Configuração,Reinício de serviço,8204.917567319018
INC101214,2025-04-22 15:31:00,2025-04-22 16:08:14.549006958,2025-04-22 19:39:14.549006958,4 - Baixa,Rede,Sub A,lrev,CI-323,Suporte N3,Monitoramento,NAO,NAO,Manutenção Programada,Ajuste de configuração,2234.549006959379
INC101215,2025-04-22 15:45:00,2025-04-22 16:52:08.261642712,2025-04-22 17:35:08.261642712,3 - Média,Infraestrutura,Sub C,lrev,CI-39,NOC N1,Monitoramento,SIM,NAO,Falha de Rede,Ajuste de configuração,4028.2616427136504
INC101216,2025-04-22 16:15:00,2025-04-22 17:55:26.825301300,2025-04-22 21:22:26.825301300,3 - Média,Infraestrutura,Sub A,lsin,CI-17,NOC N1,Monitoramento,SIM,NAO,Falha de Rede,Reinício de serviço,6026.825301297792
INC101217,2025-04-23 04:15:00,2025-04-23 04:50:21.939058956,2025-04-23 05:09:21.939058956,3 - Média,Banco de Dados,Sub A,lsin,CI-202,NOC N1,Monitoramento,SIM,NAO,Erro de Configuração,Reinício de serviço,2121.9390589572495
INC101218,2025-04-23 06:32:00,2025-04-23 07:13:44.674771542,2025-04-23 08:48:44.674771542,4 - Baixa,Banco de Dados,Sub C,lhco,CI-203,SRE,Monitoramento,NAO,NAO,Falha de Rede,Patch aplicado,2504.674771542734
INC101219,2025-04-23 10:12:00,2025-04-23 10:59:16.243224636,2025-04-23 13:31:16.243224636,4 - Baixa,Infraestrutura,Sub A,lhco,CI-365,SRE,Monitoramento,NAO,NAO,Falha de Rede,Ajuste de configuração,2836.243224636778
INC101220,2025-04-23 13:13:00,2025-04-23 13:47:22.644148032,2025-04-23 14:20:22.644148032,3 - Média,Rede,Sub B,lcem,CI-138,NOC N1,Monitoramento,SIM,NAO,Falha de Aplicação,Reinício de serviço,2062.6441480349417
INC101221,2025-04-23 13:18:00,2025-04-23 13:38:42.381395214,2025-04-23 14:06:42.381395214,4 - Baixa,Aplicação,Sub B,lcem,CI-368,SRE,Monitoramento,NAO,NAO,Manutenção Programada,Patch aplicado,1242.3813952138262
INC101222,2025-04-23 17:11:00,2025-04-23 18:12:08.711898228,2025-04-23 18:52:08.711898228,2 - Alta,Banco de Dados,Sub C,lsin,CI-377,NOC N2,Monitoramento,SIM,NAO,Falha de Aplicação,Ajuste de configuração,3668.7118982309908
INC101223,2025-04-23 18:59:00,2025-04-23 19:31:53.068518702,2025-04-23 22:26:53.068518702,3 - Média,Rede,Sub B,lsin,CI-374,NOC N2,Monitoramento,SIM,NAO,Falha de Rede,Reinício de serviço,1973.0685187024699
INC101224,2025-04-23 23:39:00,2025-04-24 00:14:32.441423694,2025-04-24 02:57:32.441423694,4 - Baixa,Rede,Sub B,lcem,CI-83,NOC N1,Monitoramento,NAO,NAO,Falha de Rede,Patch aplicado,2132.4414236966522
INC101225,2025-04-24 01:43:00,2025-04-24 02:17:34.092553650,2025-04-24 05:17:34.092553650,3 - Média,Infraestrutura,Sub B,lhco,CI-288,Suporte N3,Monitoramento,SIM,NAO,Falha de Rede,Reinício de serviço,2074.0925536518525
INC101226,2025-04-24 04:18:00,2025-04-24 05:32:03.017646588,2025-04-24 07:04:03.017646588,3 - Média,Rede,Sub A,lsin,CI-156,Suporte N3,Monitoramento,SIM,NAO,Falha de Rede,Patch aplicado,4443.017646585042
INC101227,2025-04-24 04:23:00,2025-04-24 06:21:03.281069946,2025-04-24 10:05:03.281069946,4 - Baixa,Banco de Dados,Sub A,lhco,CI-386,NOC N2,Monitoramento,NAO,NAO,Falha de Aplicação,Patch aplicado,7083.281069944585
INC101228,2025-04-24 07:13:00,2025-04-24 09:01:09.416127438,2025-04-24 12:27:09.416127438,4 - Baixa,Infraestrutura,Sub A,lsin,CI-391,NOC N1,Manual,NAO,NAO,Falha de Aplicação,Reinício de serviço,6489.416127439995
INC101229,2025-04-24 11:25:00,2025-04-24 14:26:44.137440714,2025-04-24 15:41:44.137440714,4 - Baixa,Rede,Sub B,lhco,CI-119,SRE,Monitoramento,NAO,NAO,Manutenção Programada,Ajuste de configuração,10904.137440716426
INC101230,2025-04-24 12:50:00,2025-04-24 14:16:49.742113872,2025-04-24 16:18:49.742113872,2 - Alta,Infraestrutura,Sub B,lsin,CI-371,NOC N2,Manual,SIM,NAO,Falha de Rede,Patch aplicado,5209.742113874828
INC101231,2025-04-24 12:53:00,2025-04-24 13:22:47.398863504,2025-04-24 16:09:47.398863504,4 - Baixa,Banco de Dados,Sub A,lsin,CI-249,SRE,Monitoramento,NAO,NAO,Falha de Aplicação,Patch aplicado,1787.3988635065086
INC101232,2025-04-24 15:21:00,2025-04-24 19:09:01.190121414,2025-04-24 22:58:01.190121414,2 - Alta,Aplicação,Sub A,lsin,CI-349,NOC N1,Monitoramento,SIM,NAO,Erro de Configuração,Patch aplicado,13681.190121411677
INC101233,2025-04-24 16:07:00,2025-04-24 17:38:13.128016866,2025-04-24 18:57:13.128016866,3 - Média,Rede,Sub A,lhco,CI-379,Suporte N3,Monitoramento,SIM,NAO,Falha de Rede,Ajuste de configuração,5473.128016863351
INC101234,2025-04-24 18:47:00,2025-04-24 19:05:42.188898192,2025-04-24 20:46:42.188898192,2 - Alta,Banco de Dados,Sub C,lhco,CI-60,NOC N1,Monitoramento,SIM,NAO,Falha de Rede,Reinício de serviço,1122.1888981922962
INC101235,2025-04-24 22:33:00,2025-04-24 23:21:19.116145386,2025-04-24 23:46:19.116145386,3 - Média,Rede,Sub A,lsin,CI-217,NOC N2,Monitoramento,SIM,NAO,Erro de Configuração,Patch aplicado,2899.1161453885293
INC101236,2025-04-24 23:00:00,2025-04-25 00:44:24.331044126,2025-04-25 02:57:24.331044126,3 - Média,Aplicação,Sub B,lhvp,CI-122,Suporte N3,Monitoramento,SIM,NAO,Falha de Aplicação,Reinício de serviço,6264.331044123513
INC101237,2025-04-24 23:26:00,2025-04-25 01:16:52.638734976,2025-04-25 02:24:52.638734976,2 - Alta,Rede,Sub A,lhvp,CI-44,NOC N2,Monitoramento,SIM,NAO,Erro de Configuração,Patch aplicado,6652.638734973825
INC101238,2025-04-25 00:10:00,2025-04-25 00:44:09.437723028,2025-04-25 01:33:09.437723028,3 - Média,Aplicação,Sub B,lhvp,CI-308,NOC N2,Monitoramento,SIM,NAO,Erro de Configuração,Ajuste de configuração,2049.4377230279683
INC101239,2025-04-25 03:34:00,2025-04-25 03:44:23.290455858,2025-04-25 04:35:23.290455858,3 - Média,Aplicação,Sub C,lhco,CI-75,SRE,Manual,SIM,NAO,Manutenção Programada,Reinício de serviço,623.2904558556794
INC101240,2025-04-25 05:57:00,2025-04-25 06:44:47.996618646,2025-04-25 07:48:47.996618646,2 - Alta,Banco de Dados,Sub B,lhco,CI-304,Suporte N3,Monitoramento,SIM,NAO,Manutenção Programada,Reinício de serviço,2867.996618647965
INC101241,2025-04-25 07:47:00,2025-04-25 10:18:00.646324776,2025-04-25 12:17:00.646324776,3 - Média,Aplicação,Sub B,lsin,CI-365,Suporte N3,Monitoramento,SIM,NAO,Falha de Rede,Patch aplicado,9060.646324775566
INC101242,2025-04-25 08:46:00,2025-04-25 10:30:38.308588842,2025-04-25 13:16:38.308588842,4 - Baixa,Infraestrutura,Sub C,lhco,CI-90,NOC N2,Monitoramento,NAO,NAO,Falha de Rede,Ajuste de configuração,6278.308588843294
INC101243,2025-04-25 09:54:00,2025-04-25 10:27:58.813063740,2025-04-25 11:20:58.813063740,4 - Baixa,Banco de Dados,Sub A,lhco,CI-119,NOC N1,Monitoramento,NAO,NAO,Manutenção Programada,Patch aplicado,2038.8130637394092
INC101244,2025-04-25 10:43:00,2025-04-25 11:20:26.036162610,2025-04-25 11:25:26.036162610,3 - Média,Infraestrutura,Sub B,lhco,CI-112,NOC N2,Monitoramento,SIM,NAO,Erro de Configuração,Ajuste de configuração,2246.0361626097665
INC101245,2025-04-25 11:06:00,2025-04-25 11:40:55.913083278,2025-04-25 13:43:55.913083278,3 - Média,Aplicação,Sub A,lsin,CI-88,SRE,Monitoramento,SIM,NAO,Manutenção Programada,Ajuste de configuração,2095.913083275196
INC101246,2025-04-25 12:13:00,2025-04-25 12:20:46.664478132,2025-04-25 14:22:46.664478132,3 - Média,Rede,Sub B,lhco,CI-371,Suporte N3,Monitoramento,SIM,NAO,Manutenção Programada,Patch aplicado,466.6644781315092
INC101247,2025-04-25 13:03:00,2025-04-25 13:20:33.791667726,2025-04-25 14:29:33.791667726,3 - Média,Rede,Sub B,lcem,CI-14,NOC N2,Monitoramento,SIM,NAO,Manutenção Programada,Patch aplicado,1053.7916677234502
INC101248,2025-04-25 17:27:00,2025-04-25 18:15:41.967480174,2025-04-25 18:59:41.967480174,4 - Baixa,Infraestrutura,Sub A,lrev,CI-175,NOC N2,Monitoramento,NAO,NAO,Erro de Configuração,Patch aplicado,2921.9674801730694
INC101249,2025-04-25 17:53:00,2025-04-25 18:55:15.220746054,2025-04-25 21:57:15.220746054,3 - Média,Banco de Dados,Sub C,lsin,CI-248,NOC N2,Monitoramento,SIM,NAO,Falha de Rede,Reinício de serviço,3735.2207460521036
INC101250,2025-04-25 20:14:00,2025-04-25 22:58:15.597653190,2025-04-26 02:28:15.597653190,4 - Baixa,Infraestrutura,Sub A,lsin,CI-127,NOC N1,Monitoramento,NAO,NAO,Falha de Aplicação,Reinício de serviço,9855.597653187819
INC101251,2025-04-26 04:52:00,2025-04-26 05:30:01.062223770,2025-04-26 08:28:01.062223770,3 - Média,Banco de Dados,Sub B,lsin,CI-266,NOC N1,Manual,SIM,NAO,Falha de Rede,Reinício de serviço,2281.0622237679368
INC101252,2025-04-26 08:12:00,2025-04-26 09:38:29.126508918,2025-04-26 09:48:29.126508918,3 - Média,Aplicação,Sub B,lsin,CI-1,NOC N2,Manual,SIM,NAO,Falha de Aplicação,Patch aplicado,5189.126508915016
INC101253,2025-04-26 08:43:00,2025-04-26 09:05:08.941545456,2025-04-26 11:41:08.941545456,3 - Média,Banco de Dados,Sub A,lcem,CI-6,SRE,Monitoramento,SIM,NAO,Manutenção Programada,Reinício de serviço,1328.9415454557325
INC101254,2025-04-26 08:51:00,2025-04-26 11:16:04.947490860,2025-04-26 13:07:04.947490860,3 - Média,Infraestrutura,Sub C,lcem,CI-296,SRE,Monitoramento,SIM,NAO,Manutenção Programada,Reinício de serviço,8704.947490860432
INC101255,2025-04-26 11:10:00,2025-04-26 12:30:53.325658290,2025-04-26 14:25:53.325658290,2 - Alta,Rede,Sub B,lhco,CI-282,NOC N1,Monitoramento,SIM,NAO,Manutenção Programada,Ajuste de configuração,4853.32565828951
INC101256,2025-04-26 14:30:00,2025-04-26 16:03:33.470767458,2025-04-26 18:19:33.470767458,4 - Baixa,Banco de Dados,Sub C,lsin,CI-356,Suporte N3,Monitoramento,NAO,NAO,Manutenção Programada,Patch aplicado,5613.470767456021
INC101257,2025-04-26 17:28:00,2025-04-26 20:28:13.815996090,2025-04-26 23:30:13.815996090,3 - Média,Infraestrutura,Sub A,lhco,CI-37,NOC N2,Monitoramento,SIM,NAO,Manutenção Programada,Ajuste de configuração,10813.81599609014
INC101258,2025-04-26 17:46:00,2025-04-26 21:28:54.960514680,2025-04-26 21:37:54.960514680,4 - Baixa,Infraestrutura,Sub A,lsin,CI-188,NOC N2,Monitoramento,NAO,NAO,Falha de Aplicação,Ajuste de configuração,13374.960514679226
INC101259,2025-04-26 18:50:00,2025-04-26 19:27:29.015056284,2025-04-26 20:30:29.015056284,4 - Baixa,Banco de Dados,Sub A,lsin,CI-108,NOC N2,Manual,NAO,NAO,Falha de Aplicação,Ajuste de configuração,2249.015056285678
INC101260,2025-04-26 21:26:00,2025-04-26 22:32:21.569824818,2025-04-27 00:12:21.569824818,3 - Média,Banco de Dados,Sub A,lhco,CI-239,SRE,Monitoramento,SIM,NAO,Manutenção Programada,Reinício de serviço,3981.569824820827
INC101261,2025-04-26 22:47:00,2025-04-27 02:37:01.553028900,2025-04-27 05:09:01.553028900,4 - Baixa,Infraestrutura,Sub C,lsin,CI-248,Suporte N3,Monitoramento,NAO,NAO,Manutenção Programada,Patch aplicado,13801.553028899376
INC101262,2025-04-26 23:32:00,2025-04-27 00:49:01.270969200,2025-04-27 01:13:01.270969200,4 - Baixa,Infraestrutura,Sub A,lcem,CI-1,Suporte N3,Monitoramento,NAO,NAO,Manutenção Programada,Reinício de serviço,4621.270969201578
INC101263,2025-04-27 00:20:00,2025-04-27 02:17:44.285289294,2025-04-27 03:47:44.285289294,3 - Média,Banco de Dados,Sub C,lcem,CI-347,SRE,Manual,SIM,NAO,Falha de Aplicação,Reinício de serviço,7064.285289295088
INC101264,2025-04-27 01:20:00,2025-04-27 02:05:07.710648629,2025-04-27 03:16:07.710648629,2 - Alta,Rede,Sub C,lhco,CI-309,Suporte N3,Monitoramento,SIM,NAO,Erro de Configuração,Ajuste de configuração,2707.710648628841
INC101265,2025-04-27 01:52:00,2025-04-27 03:38:58.266833802,2025-04-27 06:46:58.266833802,4 - Baixa,Rede,Sub A,lcem,CI-331,NOC N1,Monitoramento,NAO,NAO,Falha de Rede,Ajuste de configuração,6418.266833802889
INC101266,2025-04-27 03:38:00,2025-04-27 07:11:50.334350508,2025-04-27 08:27:50.334350508,4 - Baixa,Banco de Dados,Sub B,lhco,CI-67,NOC N2,Monitoramento,NAO,NAO,Falha de Rede,Ajuste de configuração,12830.334350510417
INC101267,2025-04-27 04:54:00,2025-04-27 05:39:19.154374884,2025-04-27 06:54:19.154374884,3 - Média,Rede,Sub B,lcem,CI-114,NOC N1,Monitoramento,SIM,NAO,Manutenção Programada,Reinício de serviço,2719.1543748830545
INC101268,2025-04-27 05:10:00,2025-04-27 05:31:02.716649358,2025-04-27 07:35:02.716649358,3 - Média,Banco de Dados,Sub C,lcem,CI-273,SRE,Monitoramento,SIM,NAO,Erro de Configuração,Reinício de serviço,1262.7166493574691
INC101269,2025-04-27 09:15:00,2025-04-27 09:44:07.636445484,2025-04-27 11:41:07.636445484,4 - Baixa,Rede,Sub B,lhco,CI-361,Suporte N3,Monitoramento,NAO,NAO,Erro de Configuração,Ajuste de configuração,1747.6364454842123
INC101270,2025-04-27 11:45:00,2025-04-27 12:41:22.270871748,2025-04-27 14:24:22.270871748,2 - Alta,Infraestrutura,Sub B,lsin,CI-382,Suporte N3,Manual,SIM,NAO,Falha de Aplicação,Patch aplicado,3382.2708717469877
INC101271,2025-04-27 12:31:00,2025-04-27 13:18:03.364456464,2025-04-27 16:29:03.364456464,4 - Baixa,Banco de Dados,Sub C,lrev,CI-127,SRE,Monitoramento,NAO,NAO,Falha de Aplicação,Reinício de serviço,2823.364456464081
INC101272,2025-04-27 17:39:00,2025-04-27 19:45:10.390672380,2025-04-27 22:19:10.390672380,3 - Média,Rede,Sub A,lhvp,CI-258,NOC N1,Monitoramento,SIM,NAO,Falha de Aplicação,Patch aplicado,7570.390672379992
INC101273,2025-04-27 19:55:00,2025-04-27 21:34:26.986405152,2025-04-27 22:43:26.986405152,2 - Alta,Banco de Dados,Sub B,lsin,CI-250,Suporte N3,Monitoramento,SIM,NAO,Manutenção Programada,Patch aplicado,5966.98640515378
INC101274,2025-04-27 20:40:00,2025-04-27 21:27:59.772478638,2025-04-27 23:09:59.772478638,2 - Alta,Infraestrutura,Sub C,lhco,CI-229,NOC N2,Monitoramento,SIM,NAO,Manutenção Programada,Reinício de serviço,2879.7724786373433
INC101275,2025-04-27 21:04:00,2025-04-27 21:32:18.789320988,2025-04-27 23:47:18.789320988,2 - Alta,Banco de Dados,Sub C,lhco,CI-138,Suporte N3,Monitoramento,SIM,NAO,Manutenção Programada,Ajuste de configuração,1698.7893209909257
INC101276,2025-04-28 00:11:00,2025-04-28 02:39:49.299111384,2025-04-28 02:46:49.299111384,4 - Baixa,Infraestrutura,Sub B,lsin,CI-295,SRE,Monitoramento,NAO,NAO,Falha de Aplicação,Reinício de serviço,8929.29911138352
INC101277,2025-04-28 00:55:00,2025-04-28 02:34:59.976218082,2025-04-28 06:16:59.976218082,4 - Baixa,Infraestrutura,Sub A,lhvp,CI-208,Suporte N3,Manual,NAO,NAO,Erro de Configuração,Patch aplicado,5999.976218080038
INC101278,2025-04-28 01:35:00,2025-04-28 03:07:04.299730338,2025-04-28 05:55:04.299730338,2 - Alta,Rede,Sub A,lhco,CI-330,NOC N2,Monitoramento,SIM,NAO,Falha de Aplicação,Patch aplicado,5524.299730336514
INC101279,2025-04-28 02:11:00,2025-04-28 04:11:14.293040082,2025-04-28 08:02:14.293040082,3 - Média,Rede,Sub C,lhco,CI-60,NOC N1,Monitoramento,SIM,NAO,Falha de Aplicação,Reinício de serviço,7214.293040081284
INC101280,2025-04-28 03:53:00,2025-04-28 05:37:06.835616844,2025-04-28 06:52:06.835616844,3 - Média,Banco de Dados,Sub C,lhco,CI-120,Suporte N3,Monitoramento,SIM,NAO,Falha de Aplicação,Patch aplicado,6246.8356168444725
INC101281,2025-04-28 13:32:00,2025-04-28 16:28:24.665550042,2025-04-28 18:25:24.665550042,4 - Baixa,Infraestrutura,Sub A,lcem,CI-263,SRE,Monitoramento,NAO,NAO,Erro de Configuração,Ajuste de configuração,10584.665550043632
INC101282,2025-04-28 19:25:00,2025-04-28 21:43:03.661564146,2025-04-29 00:25:03.661564146,4 - Baixa,Banco de Dados,Sub B,lsin,CI-16,Suporte N3,Monitoramento,NAO,NAO,Falha de Rede,Patch aplicado,8283.661564147558
INC101283,2025-04-28 21:39:00,2025-04-28 23:32:48.722178240,2025-04-29 02:41:48.722178240,4 - Baixa,Aplicação,Sub B,lsin,CI-99,NOC N1,Monitoramento,NAO,NAO,Manutenção Programada,Ajuste de configuração,6828.722178242601
INC101284,2025-04-28 22:35:00,2025-04-29 00:34:11.231521524,2025-04-29 04:27:11.231521524,3 - Média,Aplicação,Sub B,lhco,CI-183,Suporte N3,Monitoramento,SIM,NAO,Manutenção Programada,Patch aplicado,7151.23152152548
INC101285,2025-04-28 23:44:00,2025-04-29 00:46:30.465045240,2025-04-29 01:38:30.465045240,4 - Baixa,Rede,Sub C,lhco,CI-107,NOC N2,Monitoramento,NAO,NAO,Falha de Rede,Reinício de serviço,3750.4650452381925
INC101286,2025-04-28 23:51:00,2025-04-29 00:39:47.397685446,2025-04-29 01:28:47.397685446,3 - Média,Banco de Dados,Sub B,lhco,CI-197,Suporte N3,Monitoramento,SIM,NAO,Falha de Aplicação,Reinício de serviço,2927.3976854434345
INC101287,2025-04-29 02:21:00,2025-04-29 03:12:16.670480940,2025-04-29 04:59:16.670480940,3 - Média,Rede,Sub C,lsin,CI-107,SRE,Monitoramento,SIM,NAO,Erro de Configuração,Ajuste de configuração,3076.6704809372827
INC101288,2025-04-29 04:02:00,2025-04-29 04:55:00.219911994,2025-04-29 08:26:00.219911994,3 - Média,Banco de Dados,Sub C,lcem,CI-106,SRE,Monitoramento,SIM,NAO,Manutenção Programada,Reinício de serviço,3180.219911993604
INC101289,2025-04-29 05:57:00,2025-04-29 06:41:26.771230980,2025-04-29 06:55:26.771230980,3 - Média,Aplicação,Sub B,lsin,CI-139,NOC N2,Monitoramento,SIM,NAO,Erro de Configuração,Patch aplicado,2666.7712309793164
INC101290,2025-04-29 06:37:00,2025-04-29 07:29:09.233376456,2025-04-29 08:12:09.233376456,4 - Baixa,Rede,Sub A,lhvp,CI-54,SRE,Monitoramento,NAO,NAO,Falha de Rede,Reinício de serviço,3129.2333764578384
INC101291,2025-04-29 07:24:00,2025-04-29 10:08:55.735978590,2025-04-29 12:32:55.735978590,3 - Média,Infraestrutura,Sub C,lcem,CI-166,SRE,Monitoramento,SIM,NAO,Manutenção Programada,Patch aplicado,9895.735978587552
INC101292,2025-04-29 08:08:00,2025-04-29 09:50:49.183944828,2025-04-29 10:31:49.183944828,3 - Média,Aplicação,Sub C,lhvp,CI-321,NOC N1,Monitoramento,SIM,SIM,Falha de Aplicação,Patch aplicado,6169.183944826247
INC101293,2025-04-29 08:12:00,2025-04-29 08:56:17.843609304,2025-04-29 11:36:17.843609304,3 - Média,Banco de Dados,Sub C,lsin,CI-319,Suporte N3,Monitoramento,SIM,NAO,Falha de Rede,Patch aplicado,2657.843609304533
INC101294,2025-04-29 10:52:00,2025-04-29 11:33:11.356464798,2025-04-29 13:12:11.356464798,2 - Alta,Infraestrutura,Sub C,lhco,CI-121,NOC N2,Monitoramento,SIM,NAO,Falha de Rede,Reinício de serviço,2471.3564647993758
INC101295,2025-04-29 15:41:00,2025-04-29 17:00:51.728659926,2025-04-29 18:15:51.728659926,3 - Média,Banco de Dados,Sub B,lhco,CI-152,SRE,Manual,SIM,NAO,Manutenção Programada,Patch aplicado,4791.72865992304
INC101296,2025-04-29 19:23:00,2025-04-29 20:09:18.428676288,2025-04-29 21:28:18.428676288,2 - Alta,Rede,Sub C,lhco,CI-84,NOC N2,Monitoramento,SIM,NAO,Manutenção Programada,Ajuste de configuração,2778.4286762875677
INC101297,2025-04-29 19:35:00,2025-04-29 20:25:45.161764500,2025-04-29 21:50:45.161764500,2 - Alta,Rede,Sub C,lsin,CI-251,SRE,Monitoramento,SIM,NAO,Falha de Aplicação,Patch aplicado,3045.1617645019737
INC101298,2025-04-29 20:02:00,2025-04-29 21:06:24.043062936,2025-04-29 21:35:24.043062936,2 - Alta,Aplicação,Sub B,lsin,CI-291,NOC N1,Manual,SIM,NAO,Erro de Configuração,Patch aplicado,3864.0430629341145
INC101299,2025-04-29 20:37:00,2025-04-29 21:00:28.048675566,2025-04-29 23:54:28.048675566,4 - Baixa,Aplicação,Sub C,lrev,CI-308,NOC N1,Monitoramento,NAO,NAO,Falha de Rede,Reinício de serviço,1408.0486755649506
INC101300,2025-04-29 20:42:00,2025-04-29 21:39:37.674146412,2025-04-29 22:42:37.674146412,3 - Média,Banco de Dados,Sub B,lsin,CI-352,Suporte N3,Manual,SIM,NAO,Falha de Aplicação,Patch aplicado,3457.674146412056
INC101301,2025-04-29 22:03:00,2025-04-30 00:50:59.356776042,2025-04-30 03:55:59.356776042,2 - Alta,Banco de Dados,Sub B,lsin,CI-264,NOC N1,Monitoramento,SIM,NAO,Falha de Rede,Patch aplicado,10079.356776043162
INC101302,2025-04-30 02:25:00,2025-04-30 03:24:51.068269260,2025-04-30 04:45:51.068269260,3 - Média,Banco de Dados,Sub A,lcem,CI-90,SRE,Monitoramento,SIM,NAO,Manutenção Programada,Patch aplicado,3591.0682692586333
INC101303,2025-04-30 04:02:00,2025-04-30 05:08:14.157493554,2025-04-30 06:23:14.157493554,4 - Baixa,Aplicação,Sub B,lsin,CI-147,NOC N1,Monitoramento,NAO,NAO,Falha de Rede,Ajuste de configuração,3974.1574935515696
INC101304,2025-04-30 05:26:00,2025-04-30 06:28:50.134610088,2025-04-30 10:05:50.134610088,3 - Média,Rede,Sub A,lrev,CI-50,NOC N2,Monitoramento,SIM,NAO,Erro de Configuração,Reinício de serviço,3770.1346100881315
INC101305,2025-04-30 06:17:00,2025-04-30 06:29:05.197534914,2025-04-30 07:56:05.197534914,3 - Média,Infraestrutura,Sub C,lhco,CI-342,NOC N1,Monitoramento,SIM,NAO,Falha de Rede,Ajuste de configuração,725.1975349112536
INC101306,2025-04-30 11:17:00,2025-04-30 12:58:07.494281778,2025-04-30 14:18:07.494281778,4 - Baixa,Rede,Sub B,lrev,CI-278,SRE,Monitoramento,NAO,NAO,Erro de Configuração,Patch aplicado,6067.494281776251
INC101307,2025-04-30 11:37:00,2025-04-30 12:43:39.839588418,2025-04-30 13:11:39.839588418,3 - Média,Aplicação,Sub B,lhco,CI-286,NOC N1,Monitoramento,SIM,NAO,Falha de Rede,Ajuste de configuração,3999.839588416112
INC101308,2025-04-30 15:43:00,2025-04-30 16:37:42.288692844,2025-04-30 18:22:42.288692844,2 - Alta,Infraestrutura,Sub B,lcem,CI-245,NOC N1,Monitoramento,SIM,NAO,Erro de Configuração,Reinício de serviço,3282.288692843505
INC101309,2025-04-30 17:55:00,2025-04-30 21:02:04.858393854,2025-04-30 22:38:04.858393854,3 - Média,Infraestrutura,Sub A,lsin,CI-153,NOC N1,Monitoramento,SIM,NAO,Falha de Rede,Patch aplicado,11224.858393852372
INC101310,2025-05-01 00:58:00,2025-05-01 03:32:34.654495464,2025-05-01 05:21:34.654495464,3 - Média,Aplicação,Sub A,lsin,CI-122,SRE,Monitoramento,SIM,NAO,Falha de Aplicação,Patch aplicado,9274.654495461185
INC101311,2025-05-01 06:57:00,2025-05-01 08:34:52.551870834,2025-05-01 11:50:52.551870834,3 - Média,Aplicação,Sub A,lrev,CI-361,NOC N2,Monitoramento,SIM,NAO,Falha de Rede,Reinício de serviço,5872.551870832214
INC101312,2025-05-01 10:37:00,2025-05-01 11:08:48.616569888,2025-05-01 13:50:48.616569888,3 - Média,Rede,Sub C,lcem,CI-380,NOC N2,Monitoramento,SIM,NAO,Manutenção Programada,Patch aplicado,1908.616569888121
INC101313,2025-05-01 10:40:00,2025-05-01 13:47:43.642720692,2025-05-01 17:16:43.642720692,3 - Média,Aplicação,Sub B,lhvp,CI-292,SRE,Monitoramento,SIM,NAO,Erro de Configuração,Reinício de serviço,11263.642720693359
INC101314,2025-05-01 10:43:00,2025-05-01 12:06:43.063269864,2025-05-01 13:34:43.063269864,3 - Média,Infraestrutura,Sub B,lrev,CI-214,NOC N1,Monitoramento,SIM,NAO,Falha de Rede,Ajuste de configuração,5023.063269866968
INC101315,2025-05-01 12:12:00,2025-05-01 13:00:25.095054180,2025-05-01 16:56:25.095054180,3 - Média,Aplicação,Sub C,lhco,CI-50,NOC N1,Monitoramento,SIM,NAO,Erro de Configuração,Ajuste de configuração,2905.0950541806983
INC101316,2025-05-01 14:47:00,2025-05-01 16:52:12.728972352,2025-05-01 17:59:12.728972352,3 - Média,Rede,Sub B,lsin,CI-187,NOC N2,Monitoramento,SIM,NAO,Manutenção Programada,Patch aplicado,7512.728972349687
INC101317,2025-05-01 17:47:00,2025-05-01 18:18:54.601872432,2025-05-01 18:30:54.601872432,2 - Alta,Infraestrutura,Sub A,lhco,CI-6,NOC N2,Monitoramento,SIM,NAO,Falha de Aplicação,Patch aplicado,1914.6018724309329
INC101318,2025-05-01 17:47:00,2025-05-01 17:55:32.227411128,2025-05-01 21:00:32.227411128,3 - Média,Infraestrutura,Sub A,lrev,CI-154,SRE,Monitoramento,SIM,NAO,Falha de Rede,Reinício de serviço,512.2274111285251
INC101319,2025-05-01 18:43:00,2025-05-01 18:58:58.085133636,2025-05-01 22:43:58.085133636,3 - Média,Rede,Sub A,lhvp,CI-329,NOC N1,Monitoramento,SIM,NAO,Manutenção Programada,Patch aplicado,958.0851336332813
INC101320,2025-05-01 20:41:00,2025-05-01 22:10:05.603080482,2025-05-01 22:13:05.603080482,3 - Média,Banco de Dados,Sub B,lcem,CI-352,NOC N1,Monitoramento,SIM,NAO,Manutenção Programada,Patch aplicado,5345.60308047993
INC101321,2025-05-01 21:48:00,2025-05-01 23:33:29.105140944,2025-05-02 02:59:29.105140944,4 - Baixa,Rede,Sub C,lhco,CI-307,SRE,Monitoramento,NAO,NAO,Falha de Aplicação,Patch aplicado,6329.105140946336
INC101322,2025-05-01 22:17:00,2025-05-02 01:04:45.746684142,2025-05-02 04:57:45.746684142,3 - Média,Banco de Dados,Sub C,lsin,CI-99,NOC N1,Monitoramento,SIM,NAO,Falha de Rede,Patch aplicado,10065.746684139185
INC101323,2025-05-01 23:54:00,2025-05-02 08:43:47.013913656,2025-05-02 09:25:47.013913656,4 - Baixa,Rede,Sub C,lrev,CI-216,Suporte N3,Manual,NAO,NAO,Manutenção Programada,Ajuste de configuração,31787.013913656367
INC101324,2025-05-02 00:17:00,2025-05-02 02:02:36.214907664,2025-05-02 02:29:36.214907664,3 - Média,Infraestrutura,Sub B,lhco,CI-17,SRE,Monitoramento,SIM,NAO,Falha de Rede,Reinício de serviço,6336.2149076651
INC101325,2025-05-02 00:25:00,2025-05-02 03:23:37.795434714,2025-05-02 06:23:37.795434714,4 - Baixa,Banco de Dados,Sub A,lsin,CI-209,Suporte N3,Manual,NAO,NAO,Falha de Rede,Ajuste de configuração,10717.795434711243
INC101326,2025-05-02 00:32:00,2025-05-02 01:53:10.615000026,2025-05-02 02:12:10.615000026,2 - Alta,Rede,Sub A,lsin,CI-176,NOC N1,Monitoramento,SIM,NAO,Falha de Rede,Reinício de serviço,4870.615000023608
INC101327,2025-05-02 03:08:00,2025-05-02 04:34:28.845370590,2025-05-02 06:32:28.845370590,2 - Alta,Aplicação,Sub B,lhco,CI-180,NOC N2,Monitoramento,SIM,NAO,Falha de Aplicação,Ajuste de configuração,5188.845370588682
INC101328,2025-05-02 04:28:00,2025-05-02 05:16:23.448661428,2025-05-02 08:34:23.448661428,3 - Média,Banco de Dados,Sub C,lsin,CI-42,Suporte N3,Monitoramento,SIM,NAO,Erro de Configuração,Patch aplicado,2903.4486614252055
INC101329,2025-05-02 04:40:00,2025-05-02 05:12:12.806023422,2025-05-02 08:08:12.806023422,3 - Média,Infraestrutura,Sub B,lrev,CI-134,Suporte N3,Monitoramento,SIM,NAO,Manutenção Programada,Patch aplicado,1932.806023424277
INC101330,2025-05-02 06:50:00,2025-05-02 08:34:31.226957717,2025-05-02 10:02:31.226957717,2 - Alta,Infraestrutura,Sub B,lhvp,CI-324,NOC N1,Monitoramento,SIM,NAO,Manutenção Programada,Ajuste de configuração,6271.226957715511
INC101331,2025-05-02 12:06:00,2025-05-02 14:34:31.790488122,2025-05-02 16:53:31.790488122,3 - Média,Rede,Sub B,lhco,CI-77,Suporte N3,Monitoramento,SIM,NAO,Manutenção Programada,Ajuste de configuração,8911.790488123173
INC101332,2025-05-02 12:46:00,2025-05-02 14:03:43.407192750,2025-05-02 17:48:43.407192750,4 - Baixa,Aplicação,Sub B,lhco,CI-253,SRE,Monitoramento,NAO,NAO,Falha de Aplicação,Patch aplicado,4663.407192751931
INC101333,2025-05-02 12:52:00,2025-05-02 13:27:02.731906746,2025-05-02 16:11:02.731906746,3 - Média,Rede,Sub A,lhco,CI-43,NOC N2,Monitoramento,SIM,NAO,Falha de Aplicação,Reinício de serviço,2102.7319067475933
INC101334,2025-05-02 14:30:00,2025-05-02 15:55:49.618556802,2025-05-02 18:09:49.618556802,2 - Alta,Infraestrutura,Sub B,lcem,CI-284,SRE,Manual,SIM,NAO,Manutenção Programada,Ajuste de configuração,5149.618556801233
INC101335,2025-05-02 16:32:00,2025-05-02 17:53:18.254935104,2025-05-02 19:49:18.254935104,3 - Média,Banco de Dados,Sub B,lhco,CI-395,NOC N2,Monitoramento,SIM,NAO,Manutenção Programada,Reinício de serviço,4878.254935106027
INC101336,2025-05-03 01:49:00,2025-05-03 03:12:22.385133996,2025-05-03 06:44:22.385133996,4 - Baixa,Banco de Dados,Sub A,lrev,CI-343,SRE,Monitoramento,NAO,NAO,Falha de Rede,Reinício de serviço,5002.385133993294
INC101337,2025-05-03 02:23:00,2025-05-03 03:23:14.666516622,2025-05-03 03:32:14.666516622,3 - Média,Infraestrutura,Sub A,lhvp,CI-114,NOC N1,Monitoramento,SIM,NAO,Erro de Configuração,Ajuste de configuração,3614.6665166230837
INC101338,2025-05-03 03:39:00,2025-05-03 06:20:12.949901640,2025-05-03 07:16:12.949901640,3 - Média,Aplicação,Sub C,lhco,CI-19,Suporte N3,Manual,SIM,NAO,Falha de Rede,Patch aplicado,9672.949901637496
INC101339,2025-05-03 05:26:00,2025-05-03 07:52:24.977122878,2025-05-03 10:33:24.977122878,3 - Média,Rede,Sub B,lhco,CI-166,NOC N2,Monitoramento,SIM,NAO,Erro de Configuração,Ajuste de configuração,8784.977122878026
INC101340,2025-05-03 07:38:00,2025-05-03 10:08:33.332148252,2025-05-03 12:19:33.332148252,3 - Média,Rede,Sub A,lhco,CI-268,NOC N1,Manual,SIM,NAO,Falha de Aplicação,Reinício de serviço,9033.332148252397
INC101341,2025-05-03 07:51:00,2025-05-03 09:32:50.706308664,2025-05-03 10:22:50.706308664,3 - Média,Rede,Sub C,lhco,CI-323,SRE,Monitoramento,SIM,NAO,Erro de Configuração,Patch aplicado,6110.706308662573
INC101342,2025-05-03 08:14:00,2025-05-03 09:14:38.070752514,2025-05-03 11:25:38.070752514,4 - Baixa,Aplicação,Sub C,lcem,CI-287,SRE,Monitoramento,NAO,NAO,Manutenção Programada,Ajuste de configuração,3638.070752515635
INC101343,2025-05-03 09:57:00,2025-05-03 11:54:22.336424970,2025-05-03 12:27:22.336424970,2 - Alta,Banco de Dados,Sub A,lhco,CI-215,NOC N2,Monitoramento,SIM,NAO,Falha de Rede,Reinício de serviço,7042.3364249678425
INC101344,2025-05-03 12:49:00,2025-05-03 13:24:59.345626734,2025-05-03 14:13:59.345626734,2 - Alta,Infraestrutura,Sub A,lhvp,CI-336,Suporte N3,Monitoramento,SIM,NAO,Manutenção Programada,Reinício de serviço,2159.3456267339534
INC101345,2025-05-03 14:10:00,2025-05-03 15:02:45.145560564,2025-05-03 16:17:45.145560564,4 - Baixa,Aplicação,Sub B,lsin,CI-62,NOC N2,Monitoramento,NAO,NAO,Manutenção Programada,Reinício de serviço,3165.145560564523
INC101346,2025-05-03 15:56:00,2025-05-03 19:44:46.736792142,2025-05-03 21:56:46.736792142,3 - Média,Aplicação,Sub C,lsin,CI-155,NOC N1,Monitoramento,SIM,NAO,Falha de Aplicação,Reinício de serviço,13726.73679214135
INC101347,2025-05-03 17:19:00,2025-05-03 18:26:50.613944580,2025-05-03 20:21:50.613944580,4 - Baixa,Infraestrutura,Sub B,lhvp,CI-148,Suporte N3,Monitoramento,NAO,NAO,Manutenção Programada,Reinício de serviço,4070.613944580219
INC101348,2025-05-03 19:38:00,2025-05-03 20:18:54.978815592,2025-05-03 20:29:54.978815592,4 - Baixa,Infraestrutura,Sub B,lhvp,CI-399,NOC N2,Monitoramento,NAO,NAO,Falha de Rede,Patch aplicado,2454.978815590999
INC101349,2025-05-03 22:32:00,2025-05-03 23:38:42.342471240,2025-05-03 23:51:42.342471240,3 - Média,Banco de Dados,Sub A,lhco,CI-286,NOC N2,Monitoramento,SIM,NAO,Manutenção Programada,Patch aplicado,4002.342471241196
INC101350,2025-05-04 00:07:00,2025-05-04 01:55:59.604051756,2025-05-04 03:56:59.604051756,3 - Média,Banco de Dados,Sub A,lsin,CI-194,Suporte N3,Monitoramento,SIM,NAO,Falha de Aplicação,Reinício de serviço,6539.6040517538895
INC101351,2025-05-04 02:26:00,2025-05-04 02:46:21.515088102,2025-05-04 04:53:21.515088102,3 - Média,Banco de Dados,Sub B,lcem,CI-240,SRE,Monitoramento,SIM,NAO,Falha de Rede,Ajuste de configuração,1221.515088102441
INC101352,2025-05-04 02:33:00,2025-05-04 03:41:29.842271472,2025-05-04 06:39:29.842271472,3 - Média,Rede,Sub A,lhco,CI-92,Suporte N3,Monitoramento,SIM,NAO,Erro de Configuração,Ajuste de configuração,4109.842271469968
INC101353,2025-05-04 05:04:00,2025-05-04 07:08:43.278410658,2025-05-04 09:23:43.278410658,3 - Média,Aplicação,Sub A,lhco,CI-289,SRE,Monitoramento,SIM,NAO,Manutenção Programada,Reinício de serviço,7483.278410659436
INC101354,2025-05-04 07:37:00,2025-05-04 08:39:43.903119210,2025-05-04 10:06:43.903119210,2 - Alta,Aplicação,Sub C,lsin,CI-83,SRE,Monitoramento,SIM,NAO,Manutenção Programada,Reinício de serviço,3763.90311921294
INC101355,2025-05-04 09:55:00,2025-05-04 12:32:08.328192714,2025-05-04 13:26:08.328192714,2 - Alta,Infraestrutura,Sub A,lcem,CI-184,NOC N2,Monitoramento,SIM,NAO,Falha de Aplicação,Patch aplicado,9428.328192716941
INC101356,2025-05-04 11:37:00,2025-05-04 12:57:46.903015530,2025-05-04 14:24:46.903015530,4 - Baixa,Banco de Dados,Sub A,lhvp,CI-247,SRE,Monitoramento,NAO,NAO,Falha de Aplicação,Ajuste de configuração,4846.903015532083
INC101357,2025-05-04 12:40:00,2025-05-04 13:53:51.122374782,2025-05-04 14:09:51.122374782,3 - Média,Aplicação,Sub C,lcem,CI-353,SRE,Monitoramento,SIM,NAO,Falha de Aplicação,Ajuste de configuração,4431.122374782714
INC101358,2025-05-04 16:55:00,2025-05-04 17:27:01.639161720,2025-05-04 19:33:01.639161720,4 - Baixa,Banco de Dados,Sub C,lcem,CI-60,Suporte N3,Monitoramento,NAO,NAO,Falha de Rede,Patch aplicado,1921.6391617194206
INC101359,2025-05-05 01:05:00,2025-05-05 02:09:50.484886626,2025-05-05 02:18:50.484886626,3 - Média,Banco de Dados,Sub A,lsin,CI-171,SRE,Monitoramento,SIM,NAO,Falha de Rede,Reinício de serviço,3890.4848866274
INC101360,2025-05-05 01:50:00,2025-05-05 03:21:33.415123416,2025-05-05 04:05:33.415123416,3 - Média,Rede,Sub C,lcem,CI-335,Suporte N3,Monitoramento,SIM,NAO,Falha de Aplicação,Ajuste de configuração,5493.415123414874
INC101361,2025-05-05 02:14:00,2025-05-05 02:48:38.310759840,2025-05-05 04:39:38.310759840,3 - Média,Infraestrutura,Sub A,lhco,CI-326,NOC N1,Manual,SIM,NAO,Erro de Configuração,Ajuste de configuração,2078.3107598424126
INC101362,2025-05-05 04:30:00,2025-05-05 06:00:35.150436630,2025-05-05 07:59:35.150436630,3 - Média,Aplicação,Sub B,lsin,CI-40,NOC N2,Monitoramento,SIM,NAO,Erro de Configuração,Ajuste de configuração,5435.150436630082
INC101363,2025-05-05 04:51:00,2025-05-05 05:28:13.836931752,2025-05-05 06:48:13.836931752,3 - Média,Rede,Sub C,lhvp,CI-392,NOC N2,Monitoramento,SIM,NAO,Erro de Configuração,Reinício de serviço,2233.8369317539364
INC101364,2025-05-05 08:41:00,2025-05-05 09:38:51.360986916,2025-05-05 13:03:51.360986916,3 - Média,Banco de Dados,Sub B,lsin,CI-166,NOC N1,Monitoramento,SIM,NAO,Manutenção Programada,Reinício de serviço,3471.3609869131974
INC101365,2025-05-05 09:01:00,2025-05-05 09:20:28.557820386,2025-05-05 09:32:28.557820386,2 - Alta,Banco de Dados,Sub A,lcem,CI-362,Suporte N3,Manual,SIM,NAO,Manutenção Programada,Reinício de serviço,1168.5578203843977
INC101366,2025-05-05 09:55:00,2025-05-05 10:45:54.495163488,2025-05-05 11:02:54.495163488,3 - Média,Aplicação,Sub C,lhvp,CI-48,SRE,Manual,SIM,NAO,Falha de Aplicação,Reinício de serviço,3054.4951634852873
INC101367,2025-05-05 10:31:00,2025-05-05 12:20:10.357496046,2025-05-05 15:11:10.357496046,3 - Média,Banco de Dados,Sub A,lcem,CI-76,NOC N2,Monitoramento,SIM,NAO,Erro de Configuração,Ajuste de configuração,6550.357496043696
INC101368,2025-05-05 13:53:00,2025-05-05 14:38:14.196100416,2025-05-05 17:55:14.196100416,3 - Média,Infraestrutura,Sub B,lrev,CI-275,NOC N2,Manual,SIM,NAO,Falha de Rede,Patch aplicado,2714.1961004161763
INC101369,2025-05-05 14:45:00,2025-05-05 15:30:51.264493458,2025-05-05 16:12:51.264493458,3 - Média,Aplicação,Sub B,lhco,CI-250,Suporte N3,Monitoramento,SIM,NAO,Falha de Aplicação,Ajuste de configuração,2751.2644934604455
INC101370,2025-05-05 19:14:00,2025-05-05 21:00:10.119816354,2025-05-05 23:57:10.119816354,3 - Média,Banco de Dados,Sub A,lsin,CI-219,Suporte N3,Monitoramento,SIM,NAO,Falha de Aplicação,Patch aplicado,6370.119816356506
INC101371,2025-05-05 20:29:00,2025-05-05 20:38:30.110905997,2025-05-05 23:30:30.110905997,3 - Média,Infraestrutura,Sub A,lhvp,CI-352,NOC N2,Monitoramento,SIM,NAO,Erro de Configuração,Patch aplicado,570.1109059975635
INC101372,2025-05-05 23:39:00,2025-05-06 00:28:46.667856762,2025-05-06 04:05:46.667856762,3 - Média,Infraestrutura,Sub B,lcem,CI-296,NOC N1,Monitoramento,SIM,NAO,Manutenção Programada,Reinício de serviço,2986.6678567592535
INC101373,2025-05-06 00:22:00,2025-05-06 00:30:55.529217186,2025-05-06 02:21:55.529217186,3 - Média,Rede,Sub A,lsin,CI-9,NOC N1,Monitoramento,SIM,NAO,Falha de Aplicação,Reinício de serviço,535.5292171852745
INC101374,2025-05-06 03:26:00,2025-05-06 04:58:15.915838007,2025-05-06 06:30:15.915838007,4 - Baixa,Rede,Sub C,lrev,CI-5,NOC N2,Monitoramento,NAO,NAO,Manutenção Programada,Patch aplicado,5535.9158380103145
INC101375,2025-05-06 07:05:00,2025-05-06 07:52:14.211879408,2025-05-06 10:19:14.211879408,3 - Média,Banco de Dados,Sub A,lsin,CI-170,NOC N1,Manual,SIM,NAO,Erro de Configuração,Ajuste de configuração,2834.2118794055214
INC101376,2025-05-06 07:27:00,2025-05-06 08:54:06.099792084,2025-05-06 11:50:06.099792084,3 - Média,Infraestrutura,Sub B,lsin,CI-241,Suporte N3,Monitoramento,SIM,NAO,Falha de Aplicação,Reinício de serviço,5226.099792083802
INC101377,2025-05-06 08:13:00,2025-05-06 08:50:01.357492626,2025-05-06 09:50:01.357492626,3 - Média,Rede,Sub C,lsin,CI-233,Suporte N3,Manual,SIM,NAO,Manutenção Programada,Ajuste de configuração,2221.357492627903
INC101378,2025-05-06 08:34:00,2025-05-06 10:55:15.604935426,2025-05-06 12:11:15.604935426,4 - Baixa,Aplicação,Sub A,lhvp,CI-150,NOC N1,Monitoramento,NAO,NAO,Manutenção Programada,Ajuste de configuração,8475.604935428619
INC101379,2025-05-06 12:56:00,2025-05-06 14:50:25.274964120,2025-05-06 15:31:25.274964120,4 - Baixa,Rede,Sub C,lhvp,CI-356,Suporte N3,Monitoramento,NAO,NAO,Manutenção Programada,Reinício de serviço,6865.2749641227765
INC101380,2025-05-06 14:12:00,2025-05-06 16:54:53.563640610,2025-05-06 20:22:53.563640610,4 - Baixa,Banco de Dados,Sub B,lcem,CI-73,SRE,Monitoramento,NAO,NAO,Falha de Aplicação,Patch aplicado,9773.563640611022
INC101381,2025-05-06 15:16:00,2025-05-06 15:40:09.821841900,2025-05-06 16:15:09.821841900,2 - Alta,Rede,Sub C,lsin,CI-320,Suporte N3,Monitoramento,SIM,NAO,Falha de Aplicação,Ajuste de configuração,1449.8218419008842
INC101382,2025-05-06 18:18:00,2025-05-06 20:39:17.232827082,2025-05-06 21:07:17.232827082,3 - Média,Infraestrutura,Sub C,lhco,CI-151,SRE,Monitoramento,SIM,NAO,Erro de Configuração,Patch aplicado,8477.232827081523
INC101383,2025-05-06 20:25:00,2025-05-06 21:16:39.543923616,2025-05-06 23:18:39.543923616,2 - Alta,Infraestrutura,Sub A,lsin,CI-167,Suporte N3,Monitoramento,SIM,NAO,Falha de Aplicação,Ajuste de configuração,3099.5439236167717
INC101384,2025-05-06 21:37:00,2025-05-06 22:01:34.657009452,2025-05-06 22:29:34.657009452,3 - Média,Infraestrutura,Sub C,lhco,CI-144,NOC N1,Monitoramento,SIM,NAO,Manutenção Programada,Reinício de serviço,1474.65700945059
INC101385,2025-05-06 23:00:00,2025-05-06 23:28:58.836879696,2025-05-06 23:37:58.836879696,2 - Alta,Infraestrutura,Sub C,lsin,CI-75,NOC N1,Monitoramento,SIM,NAO,Erro de Configuração,Reinício de serviço,1738.8368796989532
INC101386,2025-05-06 23:42:00,2025-05-07 00:04:57.766953342,2025-05-07 00:18:57.766953342,3 - Média,Rede,Sub C,lhvp,CI-97,Suporte N3,Manual,SIM,NAO,Falha de Rede,Patch aplicado,1377.7669533426065
INC101387,2025-05-07 02:47:00,2025-05-07 04:56:43.384659888,2025-05-07 06:15:43.384659888,3 - Média,Aplicação,Sub A,lrev,CI-255,Suporte N3,Manual,SIM,NAO,Falha de Aplicação,Patch aplicado,7783.3846598853315
INC101388,2025-05-07 06:36:00,2025-05-07 08:09:41.559568968,2025-05-07 08:25:41.559568968,3 - Média,Banco de Dados,Sub B,lsin,CI-147,NOC N1,Monitoramento,SIM,NAO,Falha de Aplicação,Ajuste de configuração,5621.559568969949
INC101389,2025-05-07 07:51:00,2025-05-07 09:21:38.228191170,2025-05-07 10:18:38.228191170,2 - Alta,Aplicação,Sub B,lhco,CI-32,NOC N2,Monitoramento,SIM,NAO,Falha de Aplicação,Ajuste de configuração,5438.228191169047
INC101390,2025-05-07 08:39:00,2025-05-07 08:42:19.840667478,2025-05-07 09:36:19.840667478,3 - Média,Banco de Dados,Sub A,lsin,CI-87,NOC N1,Monitoramento,SIM,NAO,Manutenção Programada,Ajuste de configuração,199.84066747554988
INC101391,2025-05-07 19:08:00,2025-05-07 20:35:24.403798164,2025-05-07 22:31:24.403798164,2 - Alta,Infraestrutura,Sub C,lhco,CI-259,Suporte N3,Monitoramento,SIM,NAO,Erro de Configuração,Reinício de serviço,5244.403798161118
INC101392,2025-05-07 21:24:00,2025-05-07 23:08:03.565404012,2025-05-08 02:47:03.565404012,3 - Média,Banco de Dados,Sub A,lcem,CI-355,SRE,Monitoramento,SIM,NAO,Manutenção Programada,Ajuste de configuração,6243.56540401069
INC101393,2025-05-07 23:07:00,2025-05-08 01:12:25.544223552,2025-05-08 03:35:25.544223552,4 - Baixa,Aplicação,Sub A,lhvp,CI-111,Suporte N3,Monitoramento,NAO,NAO,Falha de Rede,Patch aplicado,7525.544223552296
INC101394,2025-05-07 23:28:00,2025-05-08 00:53:18.606150918,2025-05-08 01:11:18.606150918,3 - Média,Infraestrutura,Sub C,lhvp,CI-335,SRE,Monitoramento,SIM,NAO,Manutenção Programada,Ajuste de configuração,5118.606150916454
INC101395,2025-05-08 01:51:00,2025-05-08 05:06:23.978850528,2025-05-08 06:48:23.978850528,2 - Alta,Rede,Sub B,lhvp,CI-98,NOC N1,Manual,SIM,NAO,Manutenção Programada,Patch aplicado,11723.9788505302
INC101396,2025-05-08 02:52:00,2025-05-08 04:21:59.483837166,2025-05-08 07:39:59.483837166,3 - Média,Rede,Sub C,lhco,CI-203,Suporte N3,Monitoramento,SIM,NAO,Falha de Rede,Patch aplicado,5399.483837165099
INC101397,2025-05-08 03:38:00,2025-05-08 04:32:27.494675172,2025-05-08 04:53:27.494675172,2 - Alta,Infraestrutura,Sub C,lcem,CI-209,NOC N2,Monitoramento,SIM,NAO,Erro de Configuração,Patch aplicado,3267.4946751711277
INC101398,2025-05-08 08:52:00,2025-05-08 09:13:00.526169873,2025-05-08 12:27:00.526169873,4 - Baixa,Infraestrutura,Sub C,lsin,CI-322,Suporte N3,Monitoramento,NAO,NAO,Falha de Rede,Patch aplicado,1260.5261698753773
INC101399,2025-05-08 09:45:00,2025-05-08 13:21:29.594317764,2025-05-08 15:43:29.594317764,3 - Média,Rede,Sub B,lrev,CI-353,Suporte N3,Monitoramento,SIM,NAO,Manutenção Programada,Patch aplicado,12989.594317761668
INC101400,2025-05-08 09:49:00,2025-05-08 12:12:22.599137784,2025-05-08 13:55:22.599137784,2 - Alta,Banco de Dados,Sub A,lhco,CI-362,NOC N2,Monitoramento,SIM,NAO,Manutenção Programada,Patch aplicado,8602.599137785346
INC101401,2025-05-08 11:54:00,2025-05-08 12:40:31.157871756,2025-05-08 14:29:31.157871756,4 - Baixa,Banco de Dados,Sub C,lcem,CI-162,SRE,Monitoramento,NAO,NAO,Falha de Aplicação,Ajuste de configuração,2791.1578717546918
INC101402,2025-05-08 12:18:00,2025-05-08 14:16:24.791937450,2025-05-08 15:01:24.791937450,4 - Baixa,Infraestrutura,Sub B,lsin,CI-87,NOC N2,Monitoramento,NAO,NAO,Erro de Configuração,Patch aplicado,7104.791937450167
INC101403,2025-05-08 14:16:00,2025-05-08 16:21:01.090574766,2025-05-08 18:06:01.090574766,3 - Média,Rede,Sub A,lsin,CI-318,SRE,Monitoramento,SIM,NAO,Falha de Aplicação,Patch aplicado,7501.090574764585
INC101404,2025-05-08 14:29:00,2025-05-08 14:57:39.897105336,2025-05-08 18:00:39.897105336,4 - Baixa,Aplicação,Sub B,lrev,CI-254,Suporte N3,Monitoramento,NAO,NAO,Manutenção Programada,Reinício de serviço,1719.8971053353005
INC101405,2025-05-08 15:22:00,2025-05-08 18:44:19.598270574,2025-05-08 19:03:19.598270574,2 - Alta,Aplicação,Sub B,lhco,CI-36,NOC N1,Monitoramento,SIM,NAO,Manutenção Programada,Ajuste de configuração,12139.598270575487
INC101406,2025-05-08 19:54:00,2025-05-08 21:25:43.406040144,2025-05-08 21:46:43.406040144,2 - Alta,Rede,Sub C,lsin,CI-130,Suporte N3,Monitoramento,SIM,NAO,Manutenção Programada,Patch aplicado,5503.406040142961
INC101407,2025-05-08 21:57:00,2025-05-09 01:21:09.537063366,2025-05-09 01:54:09.537063366,4 - Baixa,Infraestrutura,Sub B,lsin,CI-386,NOC N1,Monitoramento,NAO,NAO,Erro de Configuração,Ajuste de configuração,12249.537063364176
INC101408,2025-05-08 23:33:00,2025-05-09 01:46:30.617743403,2025-05-09 03:51:30.617743403,2 - Alta,Aplicação,Sub C,lsin,CI-268,Suporte N3,Monitoramento,SIM,NAO,Erro de Configuração,Reinício de serviço,8010.617743401736
INC101409,2025-05-09 02:54:00,2025-05-09 03:00:31.132010165,2025-05-09 03:32:31.132010165,4 - Baixa,Rede,Sub C,lhco,CI-320,NOC N1,Monitoramento,NAO,NAO,Manutenção Programada,Reinício de serviço,391.1320101635333
INC101410,2025-05-09 04:09:00,2025-05-09 05:23:13.908696102,2025-05-09 05:50:13.908696102,4 - Baixa,Rede,Sub B,lcem,CI-31,SRE,Monitoramento,NAO,NAO,Falha de Aplicação,Ajuste de configuração,4453.908696099382
INC101411,2025-05-09 04:36:00,2025-05-09 04:39:38.393122152,2025-05-09 07:45:38.393122152,3 - Média,Aplicação,Sub A,lsin,CI-298,SRE,Monitoramento,SIM,NAO,Falha de Aplicação,Reinício de serviço,218.393122154886
INC101412,2025-05-09 06:31:00,2025-05-09 07:13:20.860276728,2025-05-09 08:00:20.860276728,3 - Média,Infraestrutura,Sub B,lhco,CI-263,Suporte N3,Monitoramento,SIM,NAO,Erro de Configuração,Patch aplicado,2540.8602767299867
INC101413,2025-05-09 09:36:00,2025-05-09 10:21:03.852249624,2025-05-09 12:13:03.852249624,2 - Alta,Banco de Dados,Sub C,lsin,CI-279,NOC N1,Manual,SIM,NAO,Falha de Aplicação,Patch aplicado,2703.8522496248424
INC101414,2025-05-09 11:11:00,2025-05-09 12:00:07.315736484,2025-05-09 13:31:07.315736484,3 - Média,Infraestrutura,Sub B,lrev,CI-379,SRE,Monitoramento,SIM,NAO,Manutenção Programada,Reinício de serviço,2947.3157364856584
INC101415,2025-05-09 11:38:00,2025-05-09 12:56:10.320135954,2025-05-09 16:04:10.320135954,4 - Baixa,Aplicação,Sub C,lrev,CI-218,Suporte N3,Monitoramento,NAO,NAO,Falha de Aplicação,Ajuste de configuração,4690.320135956052
INC101416,2025-05-09 13:55:00,2025-05-09 15:01:10.646564490,2025-05-09 16:27:10.646564490,3 - Média,Rede,Sub B,lcem,CI-192,SRE,Monitoramento,SIM,NAO,Erro de Configuração,Reinício de serviço,3970.646564491377
INC101417,2025-05-09 15:02:00,2025-05-09 17:45:53.060395698,2025-05-09 17:50:53.060395698,2 - Alta,Rede,Sub A,lsin,CI-189,NOC N2,Monitoramento,SIM,NAO,Manutenção Programada,Ajuste de configuração,9833.060395698929
INC101418,2025-05-09 16:05:00,2025-05-09 18:05:44.025715950,2025-05-09 21:42:44.025715950,3 - Média,Aplicação,Sub B,lhco,CI-77,NOC N2,Manual,SIM,NAO,Falha de Aplicação,Patch aplicado,7244.025715948184
INC101419,2025-05-09 17:35:00,2025-05-09 18:28:50.372644200,2025-05-09 18:33:50.372644200,4 - Baixa,Aplicação,Sub B,lcem,CI-159,Suporte N3,Monitoramento,NAO,NAO,Falha de Rede,Reinício de serviço,3230.3726442021516
INC101420,2025-05-09 17:56:00,2025-05-09 18:16:25.691620740,2025-05-09 19:07:25.691620740,2 - Alta,Banco de Dados,Sub B,lrev,CI-390,SRE,Monitoramento,SIM,NAO,Erro de Configuração,Reinício de serviço,1225.6916207411782
INC101421,2025-05-09 18:50:00,2025-05-09 19:32:41.244408972,2025-05-09 22:15:41.244408972,2 - Alta,Aplicação,Sub C,lcem,CI-283,NOC N2,Manual,SIM,NAO,Falha de Rede,Reinício de serviço,2561.244408974317
INC101422,2025-05-09 22:53:00,2025-05-09 23:14:40.123913112,2025-05-09 23:37:40.123913112,2 - Alta,Banco de Dados,Sub C,lsin,CI-81,NOC N2,Monitoramento,SIM,NAO,Erro de Configuração,Reinício de serviço,1300.1239131146388
INC101423,2025-05-10 05:14:00,2025-05-10 05:36:20.483860464,2025-05-10 06:32:20.483860464,3 - Média,Rede,Sub B,lhco,CI-375,NOC N2,Monitoramento,SIM,NAO,Falha de Aplicação,Ajuste de configuração,1340.4838604652973
INC101424,2025-05-10 06:17:00,2025-05-10 07:50:55.173771642,2025-05-10 08:24:55.173771642,3 - Média,Infraestrutura,Sub C,lhco,CI-289,SRE,Monitoramento,SIM,NAO,Falha de Rede,Ajuste de configuração,5635.17377164405
INC101425,2025-05-10 08:52:00,2025-05-10 13:09:50.130959454,2025-05-10 14:45:50.130959454,4 - Baixa,Infraestrutura,Sub B,lrev,CI-341,NOC N1,Monitoramento,NAO,SIM,Falha de Aplicação,Patch aplicado,15470.130959452556
INC101426,2025-05-10 09:21:00,2025-05-10 09:32:20.905357872,2025-05-10 09:53:20.905357872,3 - Média,Rede,Sub C,lhco,CI-60,SRE,Monitoramento,SIM,NAO,Manutenção Programada,Reinício de serviço,680.9053578693143
INC101427,2025-05-10 09:28:00,2025-05-10 11:24:01.207336296,2025-05-10 12:35:01.207336296,4 - Baixa,Rede,Sub C,lcem,CI-189,NOC N1,Monitoramento,NAO,NAO,Falha de Rede,Ajuste de configuração,6961.207336298323
INC101428,2025-05-10 09:44:00,2025-05-10 10:59:00.404142282,2025-05-10 12:12:00.404142282,3 - Média,Aplicação,Sub B,lsin,CI-170,SRE,Monitoramento,SIM,NAO,Erro de Configuração,Ajuste de configuração,4500.404142279079
INC101429,2025-05-10 10:08:00,2025-05-10 10:44:27.086057772,2025-05-10 11:37:27.086057772,4 - Baixa,Rede,Sub B,lhco,CI-174,NOC N2,Monitoramento,NAO,NAO,Manutenção Programada,Reinício de serviço,2187.0860577745098
INC101430,2025-05-10 14:22:00,2025-05-10 17:28:14.026013682,2025-05-10 17:33:14.026013682,3 - Média,Banco de Dados,Sub C,lcem,CI-130,Suporte N3,Manual,SIM,NAO,Manutenção Programada,Patch aplicado,11174.026013682871
INC101431,2025-05-10 17:31:00,2025-05-10 18:33:41.861241492,2025-05-10 20:47:41.861241492,3 - Média,Infraestrutura,Sub A,lsin,CI-134,NOC N2,Monitoramento,SIM,NAO,Erro de Configuração,Patch aplicado,3761.8612414903337
INC101432,2025-05-10 21:23:00,2025-05-10 22:00:27.504822150,2025-05-11 01:26:27.504822150,4 - Baixa,Rede,Sub B,lrev,CI-365,Suporte N3,Monitoramento,NAO,NAO,Erro de Configuração,Patch aplicado,2247.50482214967
INC101433,2025-05-10 22:10:00,2025-05-11 01:21:38.673635268,2025-05-11 04:23:38.673635268,4 - Baixa,Aplicação,Sub A,lhco,CI-345,NOC N1,Monitoramento,NAO,NAO,Manutenção Programada,Patch aplicado,11498.673635265712
INC101434,2025-05-10 22:58:00,2025-05-11 00:26:51.381934488,2025-05-11 01:38:51.381934488,2 - Alta,Rede,Sub A,lhvp,CI-247,SRE,Monitoramento,SIM,NAO,Falha de Rede,Reinício de serviço,5331.381934488421
INC101435,2025-05-11 00:17:00,2025-05-11 00:57:53.689148322,2025-05-11 02:14:53.689148322,3 - Média,Rede,Sub B,lsin,CI-198,SRE,Monitoramento,SIM,NAO,Erro de Configuração,Reinício de serviço,2453.6891483220684
INC101436,2025-05-11 01:04:00,2025-05-11 04:15:09.548429850,2025-05-11 04:26:09.548429850,3 - Média,Aplicação,Sub B,lhvp,CI-1,Suporte N3,Monitoramento,SIM,NAO,Falha de Rede,Patch aplicado,11469.548429848164
INC101437,2025-05-11 03:33:00,2025-05-11 05:24:09.972591480,2025-05-11 08:37:09.972591480,3 - Média,Infraestrutura,Sub C,lcem,CI-23,NOC N1,Monitoramento,SIM,NAO,Erro de Configuração,Ajuste de configuração,6669.972591478624
INC101438,2025-05-11 03:54:00,2025-05-11 04:25:01.369490766,2025-05-11 04:44:01.369490766,2 - Alta,Infraestrutura,Sub A,lrev,CI-183,SRE,Monitoramento,SIM,NAO,Falha de Rede,Reinício de serviço,1861.3694907633267
INC101439,2025-05-11 04:24:00,2025-05-11 05:18:44.763135972,2025-05-11 05:59:44.763135972,2 - Alta,Banco de Dados,Sub C,lsin,CI-328,NOC N2,Manual,SIM,NAO,Falha de Rede,Patch aplicado,3284.763135974569
INC101440,2025-05-11 05:05:00,2025-05-11 06:32:14.928912168,2025-05-11 08:27:14.928912168,3 - Média,Banco de Dados,Sub B,lcem,CI-199,SRE,Monitoramento,SIM,NAO,Falha de Aplicação,Patch aplicado,5234.9289121655365
INC101441,2025-05-11 06:10:00,2025-05-11 07:14:04.641030240,2025-05-11 08:05:04.641030240,4 - Baixa,Banco de Dados,Sub A,lsin,CI-97,NOC N1,Monitoramento,NAO,NAO,Falha de Rede,Ajuste de configuração,3844.6410302424392
INC101442,2025-05-11 08:53:00,2025-05-11 09:51:00.044316960,2025-05-11 11:11:00.044316960,3 - Média,Banco de Dados,Sub C,lhvp,CI-132,NOC N1,Manual,SIM,NAO,Erro de Configuração,Reinício de serviço,3480.04431695749
INC101443,2025-05-11 09:46:00,2025-05-11 14:07:25.986358842,2025-05-11 17:58:25.986358842,3 - Média,Aplicação,Sub A,lhco,CI-13,Suporte N3,Manual,SIM,NAO,Manutenção Programada,Ajuste de configuração,15685.98635884285
INC101444,2025-05-11 09:50:00,2025-05-11 12:11:49.810747056,2025-05-11 15:36:49.810747056,4 - Baixa,Aplicação,Sub A,lhvp,CI-202,Suporte N3,Monitoramento,NAO,NAO,Falha de Rede,Reinício de serviço,8509.810747056516
INC101445,2025-05-11 12:33:00,2025-05-11 14:17:07.935089724,2025-05-11 17:18:07.935089724,2 - Alta,Infraestrutura,Sub B,lhco,CI-317,NOC N1,Monitoramento,SIM,NAO,Falha de Rede,Patch aplicado,6247.935089724799
INC101446,2025-05-11 15:37:00,2025-05-11 16:41:59.818549032,2025-05-11 17:39:59.818549032,3 - Média,Aplicação,Sub C,lsin,CI-33,Suporte N3,Monitoramento,SIM,NAO,Erro de Configuração,Ajuste de configuração,3899.818549030273
INC101447,2025-05-11 15:51:00,2025-05-11 15:59:16.684147625,2025-05-11 16:02:16.684147625,3 - Média,Rede,Sub C,lcem,CI-375,Suporte N3,Monitoramento,SIM,NAO,Falha de Rede,Reinício de serviço,496.68414762498804
INC101448,2025-05-11 15:54:00,2025-05-11 17:14:59.883456456,2025-05-11 17:45:59.883456456,2 - Alta,Banco de Dados,Sub B,lsin,CI-290,NOC N1,Monitoramento,SIM,NAO,Falha de Rede,Patch aplicado,4859.883456455802
INC101449,2025-05-11 16:39:00,2025-05-11 17:28:00.673782618,2025-05-11 19:09:00.673782618,3 - Média,Rede,Sub C,lsin,CI-378,NOC N2,Monitoramento,SIM,NAO,Manutenção Programada,Reinício de serviço,2940.6737826181193
INC101450,2025-05-11 17:23:00,2025-05-11 18:00:30.282403769,2025-05-11 18:31:30.282403769,3 - Média,Infraestrutura,Sub A,lcem,CI-69,NOC N2,Monitoramento,SIM,NAO,Falha de Aplicação,Ajuste de configuração,2250.2824037691576
INC101451,2025-05-11 22:19:00,2025-05-11 23:07:54.063479538,2025-05-12 00:16:54.063479538,3 - Média,Rede,Sub B,lhco,CI-336,Suporte N3,Monitoramento,SIM,NAO,Falha de Aplicação,Patch aplicado,2934.0634795387623
INC101452,2025-05-12 00:14:00,2025-05-12 00:42:45.924679050,2025-05-12 01:52:45.924679050,2 - Alta,Rede,Sub B,lcem,CI-171,NOC N1,Monitoramento,SIM,NAO,Manutenção Programada,Reinício de serviço,1725.9246790520144
INC101453,2025-05-12 04:45:00,2025-05-12 07:25:26.836177206,2025-05-12 07:37:26.836177206,3 - Média,Rede,Sub A,lcem,CI-364,NOC N1,Monitoramento,SIM,NAO,Manutenção Programada,Patch aplicado,9626.836177204026
INC101454,2025-05-12 07:29:00,2025-05-12 09:30:22.763022066,2025-05-12 12:28:22.763022066,2 - Alta,Infraestrutura,Sub C,lhco,CI-311,NOC N1,Manual,SIM,NAO,Erro de Configuração,Ajuste de configuração,7282.763022063368
INC101455,2025-05-12 08:54:00,2025-05-12 09:00:53.237853318,2025-05-12 11:16:53.237853318,2 - Alta,Rede,Sub B,lhco,CI-305,NOC N2,Monitoramento,SIM,NAO,Falha de Rede,Reinício de serviço,413.2378533158757
INC101456,2025-05-12 16:15:00,2025-05-12 16:45:34.410250986,2025-05-12 18:24:34.410250986,3 - Média,Banco de Dados,Sub C,lhco,CI-104,NOC N2,Manual,SIM,NAO,Manutenção Programada,Patch aplicado,1834.4102509860484
INC101457,2025-05-12 16:36:00,2025-05-12 17:18:08.974162950,2025-05-12 18:53:08.974162950,3 - Média,Infraestrutura,Sub B,lrev,CI-147,Suporte N3,Monitoramento,SIM,NAO,Falha de Aplicação,Patch aplicado,2528.9741629528826
INC101458,2025-05-12 21:34:00,2025-05-12 23:23:16.051417937,2025-05-12 23:49:16.051417937,3 - Média,Aplicação,Sub C,lhco,CI-266,NOC N2,Monitoramento,SIM,NAO,Manutenção Programada,Reinício de serviço,6556.051417936225
INC101459,2025-05-12 22:18:00,2025-05-12 22:55:56.533952250,2025-05-13 01:41:56.533952250,3 - Média,Rede,Sub C,lhvp,CI-6,Suporte N3,Monitoramento,SIM,NAO,Erro de Configuração,Patch aplicado,2276.5339522520194
INC101460,2025-05-12 23:12:00,2025-05-13 00:41:05.709967092,2025-05-13 01:16:05.709967092,3 - Média,Aplicação,Sub B,lhco,CI-218,NOC N1,Manual,SIM,NAO,Falha de Rede,Patch aplicado,5345.709967094303
INC101461,2025-05-13 01:38:00,2025-05-13 01:43:15.057525858,2025-05-13 04:19:15.057525858,2 - Alta,Infraestrutura,Sub C,lhvp,CI-59,Suporte N3,Monitoramento,SIM,NAO,Erro de Configuração,Reinício de serviço,315.05752585686616
INC101462,2025-05-13 02:54:00,2025-05-13 03:15:40.045176354,2025-05-13 04:15:40.045176354,4 - Baixa,Aplicação,Sub A,lsin,CI-319,NOC N1,Monitoramento,NAO,NAO,Erro de Configuração,Patch aplicado,1300.0451763567091
INC101463,2025-05-13 03:45:00,2025-05-13 04:37:27.866437356,2025-05-13 06:49:27.866437356,3 - Média,Infraestrutura,Sub B,lsin,CI-287,NOC N2,Monitoramento,SIM,NAO,Falha de Rede,Patch aplicado,3147.8664373557417
INC101464,2025-05-13 04:42:00,2025-05-13 05:44:43.035167190,2025-05-13 08:22:43.035167190,4 - Baixa,Rede,Sub A,lsin,CI-350,NOC N1,Monitoramento,NAO,NAO,Manutenção Programada,Patch aplicado,3763.0351671873736
INC101465,2025-05-13 05:38:00,2025-05-13 07:36:39.257795496,2025-05-13 07:57:39.257795496,4 - Baixa,Banco de Dados,Sub B,lsin,CI-331,SRE,Monitoramento,NAO,NAO,Erro de Configuração,Patch aplicado,7119.25779549368
INC101466,2025-05-13 08:43:00,2025-05-13 09:48:30.539190996,2025-05-13 10:52:30.539190996,4 - Baixa,Infraestrutura,Sub A,lsin,CI-1,SRE,Manual,NAO,NAO,Falha de Rede,Patch aplicado,3930.539190996552
INC101467,2025-05-13 08:47:00,2025-05-13 10:01:19.906429584,2025-05-13 13:40:19.906429584,4 - Baixa,Aplicação,Sub C,lsin,CI-360,NOC N1,Monitoramento,NAO,NAO,Falha de Aplicação,Ajuste de configuração,4459.906429581536
INC101468,2025-05-13 11:16:00,2025-05-13 11:47:58.687691082,2025-05-13 13:23:58.687691082,4 - Baixa,Aplicação,Sub B,lsin,CI-33,NOC N2,Manual,NAO,NAO,Manutenção Programada,Reinício de serviço,1918.6876910811573
INC101469,2025-05-13 14:00:00,2025-05-13 15:02:26.823819258,2025-05-13 15:44:26.823819258,3 - Média,Banco de Dados,Sub B,lcem,CI-224,NOC N2,Monitoramento,SIM,NAO,Erro de Configuração,Patch aplicado,3746.823819259303
INC101470,2025-05-13 16:49:00,2025-05-13 17:20:47.619376068,2025-05-13 20:04:47.619376068,4 - Baixa,Banco de Dados,Sub A,lsin,CI-283,NOC N1,Monitoramento,NAO,NAO,Falha de Rede,Ajuste de configuração,1907.619376067872
INC101471,2025-05-13 19:45:00,2025-05-13 23:43:49.010553396,2025-05-14 01:14:49.010553396,3 - Média,Aplicação,Sub A,lsin,CI-145,Suporte N3,Monitoramento,SIM,NAO,Erro de Configuração,Ajuste de configuração,14329.010553394106
INC101472,2025-05-13 20:49:00,2025-05-13 21:28:46.418309058,2025-05-14 00:26:46.418309058,3 - Média,Rede,Sub B,lhco,CI-52,NOC N2,Monitoramento,SIM,NAO,Falha de Aplicação,Reinício de serviço,2386.418309056611
INC101473,2025-05-13 22:51:00,2025-05-13 23:45:33.230570274,2025-05-14 01:36:33.230570274,4 - Baixa,Aplicação,Sub B,lhco,CI-126,Suporte N3,Monitoramento,NAO,NAO,Falha de Rede,Ajuste de configuração,3273.230570275876
INC101474,2025-05-13 22:57:00,2025-05-14 00:32:58.087257768,2025-05-14 01:47:58.087257768,3 - Média,Aplicação,Sub B,lhco,CI-126,NOC N2,Monitoramento,SIM,NAO,Manutenção Programada,Patch aplicado,5758.08725776569
INC101475,2025-05-13 23:36:00,2025-05-14 02:09:24.969069732,2025-05-14 05:40:24.969069732,2 - Alta,Rede,Sub C,lhco,CI-234,SRE,Monitoramento,SIM,NAO,Falha de Aplicação,Reinício de serviço,9204.969069730078
INC101476,2025-05-14 00:30:00,2025-05-14 01:26:09.618291684,2025-05-14 03:03:09.618291684,3 - Média,Banco de Dados,Sub B,lhco,CI-84,NOC N1,Monitoramento,SIM,NAO,Manutenção Programada,Ajuste de configuração,3369.618291682646
INC101477,2025-05-14 02:51:00,2025-05-14 05:11:48.643433826,2025-05-14 07:49:48.643433826,2 - Alta,Rede,Sub C,lsin,CI-223,SRE,Monitoramento,SIM,NAO,Manutenção Programada,Patch aplicado,8448.643433825215
INC101478,2025-05-14 08:03:00,2025-05-14 08:58:29.375202540,2025-05-14 10:13:29.375202540,3 - Média,Infraestrutura,Sub B,lhco,CI-317,NOC N2,Monitoramento,SIM,NAO,Erro de Configuração,Patch aplicado,3329.375202537204
INC101479,2025-05-14 08:46:00,2025-05-14 09:31:58.472704674,2025-05-14 13:00:58.472704674,3 - Média,Aplicação,Sub A,lsin,CI-250,NOC N1,Monitoramento,SIM,NAO,Falha de Rede,Reinício de serviço,2758.47270467185
INC101480,2025-05-14 10:29:00,2025-05-14 11:10:22.658967234,2025-05-14 14:18:22.658967234,2 - Alta,Rede,Sub B,lhco,CI-315,Suporte N3,Monitoramento,SIM,NAO,Manutenção Programada,Patch aplicado,2482.658967235447
INC101481,2025-05-14 10:33:00,2025-05-14 11:35:38.492775588,2025-05-14 13:39:38.492775588,3 - Média,Aplicação,Sub B,lhvp,CI-264,NOC N1,Monitoramento,SIM,NAO,Erro de Configuração,Patch aplicado,3758.4927755857575
INC101482,2025-05-14 11:55:00,2025-05-14 12:24:09.663538800,2025-05-14 12:44:09.663538800,3 - Média,Infraestrutura,Sub C,lrev,CI-49,NOC N2,Monitoramento,SIM,NAO,Manutenção Programada,Reinício de serviço,1749.6635388019868
INC101483,2025-05-14 12:55:00,2025-05-14 13:31:43.029660024,2025-05-14 13:36:43.029660024,4 - Baixa,Aplicação,Sub B,lhco,CI-261,Suporte N3,Monitoramento,NAO,NAO,Falha de Aplicação,Reinício de serviço,2203.029660021505
INC101484,2025-05-14 12:57:00,2025-05-14 13:49:16.771624962,2025-05-14 15:46:16.771624962,2 - Alta,Aplicação,Sub A,lsin,CI-198,Suporte N3,Monitoramento,SIM,NAO,Manutenção Programada,Patch aplicado,3136.771624959542
INC101485,2025-05-14 17:12:00,2025-05-14 17:54:05.301619842,2025-05-14 18:42:05.301619842,3 - Média,Rede,Sub C,lsin,CI-268,Suporte N3,Monitoramento,SIM,NAO,Erro de Configuração,Reinício de serviço,2525.301619840104
INC101486,2025-05-14 20:52:00,2025-05-14 21:45:55.707120570,2025-05-14 22:25:55.707120570,2 - Alta,Rede,Sub C,lhvp,CI-33,Suporte N3,Monitoramento,SIM,NAO,Erro de Configuração,Ajuste de configuração,3235.7071205693132
INC101487,2025-05-14 21:19:00,2025-05-14 22:14:53.303243484,2025-05-15 00:37:53.303243484,3 - Média,Infraestrutura,Sub B,lhco,CI-108,NOC N1,Monitoramento,SIM,NAO,Falha de Aplicação,Reinício de serviço,3353.303243484286
INC101488,2025-05-15 00:36:00,2025-05-15 01:42:30.054861666,2025-05-15 04:12:30.054861666,2 - Alta,Aplicação,Sub C,lcem,CI-365,NOC N1,Monitoramento,SIM,NAO,Erro de Configuração,Ajuste de configuração,3990.0548616673354
INC101489,2025-05-15 01:50:00,2025-05-15 04:46:45.009360984,2025-05-15 05:29:45.009360984,3 - Média,Rede,Sub A,lhco,CI-12,NOC N1,Manual,SIM,NAO,Erro de Configuração,Patch aplicado,10605.00936098359
INC101490,2025-05-15 02:36:00,2025-05-15 06:24:00.214190016,2025-05-15 08:40:00.214190016,3 - Média,Rede,Sub C,lhvp,CI-215,SRE,Monitoramento,SIM,NAO,Falha de Aplicação,Ajuste de configuração,13680.21419001582
INC101491,2025-05-15 03:05:00,2025-05-15 05:10:00.101175450,2025-05-15 08:31:00.101175450,4 - Baixa,Banco de Dados,Sub C,lcem,CI-43,SRE,Manual,NAO,NAO,Falha de Aplicação,Patch aplicado,7500.101175450268
INC101492,2025-05-15 06:49:00,2025-05-15 07:04:48.509599386,2025-05-15 10:34:48.509599386,3 - Média,Banco de Dados,Sub A,lsin,CI-247,NOC N1,Monitoramento,SIM,NAO,Erro de Configuração,Ajuste de configuração,948.5095993858891
INC101493,2025-05-15 07:38:00,2025-05-15 08:42:53.192835456,2025-05-15 12:19:53.192835456,3 - Média,Rede,Sub A,lsin,CI-337,NOC N2,Monitoramento,SIM,NAO,Manutenção Programada,Ajuste de configuração,3893.192835454664
INC101494,2025-05-15 10:57:00,2025-05-15 13:59:05.779493556,2025-05-15 15:03:05.779493556,3 - Média,Infraestrutura,Sub B,lhco,CI-302,Suporte N3,Monitoramento,SIM,NAO,Falha de Rede,Patch aplicado,10925.779493556856
INC101495,2025-05-15 13:44:00,2025-05-15 18:15:33.321879786,2025-05-15 18:26:33.321879786,4 - Baixa,Rede,Sub A,lsin,CI-182,SRE,Monitoramento,NAO,NAO,Erro de Configuração,Patch aplicado,16293.32187978729
INC101496,2025-05-15 14:48:00,2025-05-15 15:00:17.218076988,2025-05-15 15:42:17.218076988,3 - Média,Banco de Dados,Sub B,lhco,CI-110,Suporte N3,Monitoramento,SIM,NAO,Manutenção Programada,Reinício de serviço,737.2180769895976
INC101497,2025-05-15 18:24:00,2025-05-15 19:03:15.448363542,2025-05-15 22:56:15.448363542,3 - Média,Infraestrutura,Sub C,lhco,CI-244,NOC N1,Manual,SIM,NAO,Erro de Configuração,Patch aplicado,2355.4483635432766
INC101498,2025-05-15 19:51:00,2025-05-15 21:57:13.652745084,2025-05-15 23:40:13.652745084,3 - Média,Infraestrutura,Sub C,lhco,CI-12,Suporte N3,Monitoramento,SIM,NAO,Falha de Rede,Ajuste de configuração,7573.652745086123
INC101499,2025-05-15 22:57:00,2025-05-16 00:34:13.039012440,2025-05-16 02:50:13.039012440,2 - Alta,Aplicação,Sub B,lcem,CI-178,NOC N2,Monitoramento,SIM,NAO,Erro de Configuração,Reinício de serviço,5833.039012442439
INC101500,2025-05-16 03:19:00,2025-05-16 04:18:27.614851482,2025-05-16 04:44:27.614851482,3 - Média,Banco de Dados,Sub B,lsin,CI-390,SRE,Monitoramento,SIM,NAO,Falha de Aplicação,Ajuste de configuração,3567.614851482671
INC101501,2025-05-16 05:53:00,2025-05-16 12:01:08.317376280,2025-05-16 13:22:08.317376280,2 - Alta,Infraestrutura,Sub A,lsin,CI-18,NOC N2,Monitoramento,SIM,NAO,Manutenção Programada,Patch aplicado,22088.317376282168
INC101502,2025-05-16 07:09:00,2025-05-16 07:59:46.734657804,2025-05-16 08:06:46.734657804,3 - Média,Aplicação,Sub B,lhco,CI-303,NOC N2,Monitoramento,SIM,NAO,Falha de Aplicação,Ajuste de configuração,3046.7346578025217
INC101503,2025-05-16 08:11:00,2025-05-16 11:20:22.689324540,2025-05-16 12:22:22.689324540,4 - Baixa,Infraestrutura,Sub A,lrev,CI-177,NOC N1,Monitoramento,NAO,NAO,Falha de Rede,Reinício de serviço,11362.689324539406
INC101504,2025-05-16 09:48:00,2025-05-16 10:43:56.270701128,2025-05-16 11:30:56.270701128,4 - Baixa,Aplicação,Sub B,lsin,CI-176,SRE,Manual,NAO,NAO,Falha de Rede,Reinício de serviço,3356.270701129464
INC101505,2025-05-16 12:48:00,2025-05-16 13:40:11.140410210,2025-05-16 14:25:11.140410210,3 - Média,Infraestrutura,Sub A,lsin,CI-274,NOC N2,Manual,SIM,NAO,Erro de Configuração,Ajuste de configuração,3131.140410211647
INC101506,2025-05-16 14:16:00,2025-05-16 14:43:29.855461860,2025-05-16 16:06:29.855461860,2 - Alta,Banco de Dados,Sub B,lhvp,CI-242,NOC N1,Monitoramento,SIM,NAO,Falha de Rede,Patch aplicado,1649.8554618613082
INC101507,2025-05-16 17:12:00,2025-05-16 17:27:35.576998392,2025-05-16 19:27:35.576998392,4 - Baixa,Banco de Dados,Sub C,lsin,CI-312,Suporte N3,Monitoramento,NAO,NAO,Manutenção Programada,Patch aplicado,935.5769983915606
INC101508,2025-05-16 17:37:00,2025-05-16 19:20:44.437859448,2025-05-16 21:31:44.437859448,3 - Média,Aplicação,Sub C,lsin,CI-302,NOC N1,Monitoramento,SIM,NAO,Falha de Aplicação,Reinício de serviço,6224.437859450143
INC101509,2025-05-16 18:14:00,2025-05-16 19:06:07.384276404,2025-05-16 19:43:07.384276404,2 - Alta,Aplicação,Sub C,lsin,CI-133,SRE,Monitoramento,SIM,NAO,Falha de Aplicação,Reinício de serviço,3127.3842764033143
INC101510,2025-05-16 18:43:00,2025-05-16 20:19:03.987630810,2025-05-17 00:12:03.987630810,4 - Baixa,Rede,Sub C,lhco,CI-92,NOC N2,Manual,NAO,NAO,Erro de Configuração,Patch aplicado,5763.98763080971
INC101511,2025-05-16 21:52:00,2025-05-17 00:14:30.649732337,2025-05-17 03:01:30.649732337,2 - Alta,Aplicação,Sub B,lhco,CI-111,NOC N1,Monitoramento,SIM,NAO,Manutenção Programada,Ajuste de configuração,8550.649732339072
INC101512,2025-05-17 02:40:00,2025-05-17 03:47:02.709917904,2025-05-17 04:53:02.709917904,3 - Média,Banco de Dados,Sub B,lcem,CI-343,NOC N2,Monitoramento,SIM,NAO,Manutenção Programada,Patch aplicado,4022.709917902957
INC101513,2025-05-17 04:26:00,2025-05-17 05:36:02.457684066,2025-05-17 08:31:02.457684066,2 - Alta,Infraestrutura,Sub C,lhco,CI-127,NOC N2,Monitoramento,SIM,NAO,Erro de Configuração,Reinício de serviço,4202.457684065121
INC101514,2025-05-17 06:27:00,2025-05-17 07:22:07.223194668,2025-05-17 10:33:07.223194668,4 - Baixa,Aplicação,Sub C,lrev,CI-231,NOC N2,Monitoramento,NAO,NAO,Falha de Aplicação,Patch aplicado,3307.223194668237
INC101515,2025-05-17 13:52:00,2025-05-17 16:23:18.342597822,2025-05-17 17:46:18.342597822,2 - Alta,Banco de Dados,Sub A,lcem,CI-29,SRE,Monitoramento,SIM,NAO,Falha de Rede,Reinício de serviço,9078.342597823641
INC101516,2025-05-17 15:27:00,2025-05-17 15:51:29.919959508,2025-05-17 16:54:29.919959508,3 - Média,Infraestrutura,Sub C,lhco,CI-254,SRE,Monitoramento,SIM,NAO,Falha de Rede,Reinício de serviço,1469.919959507294
INC101517,2025-05-17 18:08:00,2025-05-17 18:11:42.579610356,2025-05-17 19:57:42.579610356,3 - Média,Banco de Dados,Sub B,lhvp,CI-245,NOC N1,Monitoramento,SIM,NAO,Erro de Configuração,Reinício de serviço,222.57961035813096
INC101518,2025-05-17 20:40:00,2025-05-17 21:36:22.684264788,2025-05-17 22:03:22.684264788,2 - Alta,Rede,Sub A,lhco,CI-138,Suporte N3,Monitoramento,SIM,NAO,Erro de Configuração,Ajuste de configuração,3382.684264790542
INC101519,2025-05-18 00:10:00,2025-05-18 01:13:46.496288772,2025-05-18 04:25:46.496288772,2 - Alta,Banco de Dados,Sub A,lhco,CI-184,NOC N1,Monitoramento,SIM,NAO,Erro de Configuração,Reinício de serviço,3826.4962887692454
INC101520,2025-05-18 02:26:00,2025-05-18 03:51:38.166422616,2025-05-18 04:01:38.166422616,4 - Baixa,Banco de Dados,Sub A,lhco,CI-272,SRE,Monitoramento,NAO,NAO,Falha de Rede,Reinício de serviço,5138.166422618309
INC101521,2025-05-18 06:37:00,2025-05-18 07:54:00.508845180,2025-05-18 08:36:00.508845180,2 - Alta,Banco de Dados,Sub C,lhco,CI-355,SRE,Monitoramento,SIM,NAO,Falha de Rede,Reinício de serviço,4620.508845179607
INC101522,2025-05-18 07:39:00,2025-05-18 09:05:35.085674388,2025-05-18 10:52:35.085674388,3 - Média,Infraestrutura,Sub B,lsin,CI-131,Suporte N3,Monitoramento,SIM,NAO,Manutenção Programada,Reinício de serviço,5195.08567438859
INC101523,2025-05-18 08:03:00,2025-05-18 09:59:59.023463694,2025-05-18 12:34:59.023463694,2 - Alta,Rede,Sub A,lsin,CI-311,NOC N2,Monitoramento,SIM,NAO,Falha de Rede,Patch aplicado,7019.023463695489
INC101524,2025-05-18 10:28:00,2025-05-18 13:01:30.119750916,2025-05-18 14:05:30.119750916,3 - Média,Aplicação,Sub B,lhco,CI-89,SRE,Monitoramento,SIM,NAO,Manutenção Programada,Ajuste de configuração,9210.119750918313
INC101525,2025-05-18 11:28:00,2025-05-18 12:08:52.980645834,2025-05-18 14:04:52.980645834,3 - Média,Rede,Sub A,lhco,CI-260,Suporte N3,Monitoramento,SIM,NAO,Manutenção Programada,Reinício de serviço,2452.9806458342237
INC101526,2025-05-18 12:47:00,2025-05-18 15:01:53.164276578,2025-05-18 17:08:53.164276578,4 - Baixa,Infraestrutura,Sub A,lsin,CI-219,NOC N1,Monitoramento,NAO,NAO,Falha de Aplicação,Reinício de serviço,8093.164276578086
INC101527,2025-05-18 14:41:00,2025-05-18 16:30:21.200772582,2025-05-18 18:16:21.200772582,4 - Baixa,Aplicação,Sub A,lsin,CI-256,NOC N1,Monitoramento,NAO,NAO,Manutenção Programada,Patch aplicado,6561.200772580456
INC101528,2025-05-18 14:58:00,2025-05-18 15:45:17.811439218,2025-05-18 17:48:17.811439218,2 - Alta,Infraestrutura,Sub C,lsin,CI-329,NOC N2,Monitoramento,SIM,NAO,Falha de Aplicação,Patch aplicado,2837.81143921696
INC101529,2025-05-18 15:01:00,2025-05-18 15:51:12.710842584,2025-05-18 17:47:12.710842584,2 - Alta,Banco de Dados,Sub C,lhvp,CI-254,NOC N1,Monitoramento,SIM,NAO,Falha de Rede,Reinício de serviço,3012.7108425862193
INC101530,2025-05-18 15:02:00,2025-05-18 15:53:43.100649564,2025-05-18 19:43:43.100649564,3 - Média,Rede,Sub C,lhco,CI-131,SRE,Manual,SIM,NAO,Manutenção Programada,Reinício de serviço,3103.1006495658917
INC101531,2025-05-18 15:16:00,2025-05-18 16:20:40.149268938,2025-05-18 18:49:40.149268938,3 - Média,Rede,Sub B,lrev,CI-275,NOC N2,Monitoramento,SIM,NAO,Falha de Rede,Ajuste de configuração,3880.1492689376573
INC101532,2025-05-18 15:18:00,2025-05-18 16:10:52.795894284,2025-05-18 19:51:52.795894284,3 - Média,Rede,Sub B,lrev,CI-276,Suporte N3,Monitoramento,SIM,SIM,Falha de Aplicação,Patch aplicado,3172.795894283937
INC101533,2025-05-18 15:41:00,2025-05-18 16:57:36.341471604,2025-05-18 17:18:36.341471604,3 - Média,Aplicação,Sub C,lhco,CI-172,SRE,Monitoramento,SIM,NAO,Falha de Aplicação,Patch aplicado,4596.341471601693
INC101534,2025-05-18 16:26:00,2025-05-18 17:03:31.099722180,2025-05-18 20:53:31.099722180,2 - Alta,Aplicação,Sub A,lhco,CI-232,SRE,Monitoramento,SIM,NAO,Falha de Aplicação,Ajuste de configuração,2251.0997221788184
INC101535,2025-05-19 04:09:00,2025-05-19 06:30:33.491573310,2025-05-19 09:51:33.491573310,3 - Média,Banco de Dados,Sub A,lcem,CI-288,NOC N1,Monitoramento,SIM,NAO,Falha de Rede,Patch aplicado,8493.491573307803
INC101536,2025-05-19 06:14:00,2025-05-19 07:00:42.477897108,2025-05-19 07:38:42.477897108,2 - Alta,Rede,Sub C,lcem,CI-156,NOC N2,Monitoramento,SIM,NAO,Manutenção Programada,Reinício de serviço,2802.477897110624
INC101537,2025-05-19 06:19:00,2025-05-19 06:42:56.369925162,2025-05-19 07:45:56.369925162,3 - Média,Aplicação,Sub B,lsin,CI-327,Suporte N3,Monitoramento,SIM,NAO,Falha de Aplicação,Ajuste de configuração,1436.369925160742
INC101538,2025-05-19 09:55:00,2025-05-19 12:35:47.067469200,2025-05-19 12:42:47.067469200,3 - Média,Banco de Dados,Sub B,lcem,CI-340,SRE,Monitoramento,SIM,NAO,Falha de Aplicação,Reinício de serviço,9647.067469201658
INC101539,2025-05-19 11:23:00,2025-05-19 13:23:13.496293410,2025-05-19 17:19:13.496293410,4 - Baixa,Aplicação,Sub A,lhvp,CI-201,Suporte N3,Manual,NAO,NAO,Falha de Aplicação,Patch aplicado,7213.496293409024
INC101540,2025-05-19 11:52:00,2025-05-19 12:17:35.935855434,2025-05-19 12:53:35.935855434,3 - Média,Rede,Sub A,lhco,CI-256,SRE,Monitoramento,SIM,NAO,Falha de Aplicação,Patch aplicado,1535.9358554318596
INC101541,2025-05-19 11:52:00,2025-05-19 14:40:12.055888848,2025-05-19 17:30:12.055888848,3 - Média,Infraestrutura,Sub A,lhvp,CI-162,Suporte N3,Monitoramento,SIM,NAO,Falha de Aplicação,Patch aplicado,10092.055888845487
INC101542,2025-05-19 12:59:00,2025-05-19 14:00:36.064531422,2025-05-19 14:40:36.064531422,2 - Alta,Banco de Dados,Sub C,lcem,CI-348,Suporte N3,Manual,SIM,NAO,Falha de Rede,Patch aplicado,3696.06453142165
INC101543,2025-05-19 13:57:00,2025-05-19 15:55:06.090179526,2025-05-19 19:43:06.090179526,3 - Média,Rede,Sub C,lsin,CI-362,NOC N2,Manual,SIM,NAO,Manutenção Programada,Ajuste de configuração,7086.0901795258305
INC101544,2025-05-19 14:47:00,2025-05-19 15:56:02.964871674,2025-05-19 18:55:02.964871674,2 - Alta,Aplicação,Sub B,lsin,CI-17,SRE,Monitoramento,SIM,NAO,Falha de Aplicação,Ajuste de configuração,4142.964871676395
INC101545,2025-05-19 14:55:00,2025-05-19 17:22:50.813273706,2025-05-19 18:08:50.813273706,3 - Média,Banco de Dados,Sub B,lhco,CI-62,NOC N1,Monitoramento,SIM,NAO,Manutenção Programada,Ajuste de configuração,8870.813273704667
INC101546,2025-05-19 16:49:00,2025-05-19 18:50:59.372077686,2025-05-19 21:41:59.372077686,3 - Média,Aplicação,Sub A,lrev,CI-68,NOC N2,Monitoramento,SIM,NAO,Manutenção Programada,Ajuste de configuração,7319.372077684364
INC101547,2025-05-19 17:02:00,2025-05-19 18:26:19.430791188,2025-05-19 19:53:19.430791188,2 - Alta,Rede,Sub B,lcem,CI-189,SRE,Monitoramento,SIM,NAO,Erro de Configuração,Patch aplicado,5059.430791190922
INC101548,2025-05-19 20:52:00,2025-05-19 21:51:18.999585252,2025-05-20 01:08:18.999585252,2 - Alta,Rede,Sub A,lhco,CI-152,NOC N2,Monitoramento,SIM,NAO,Falha de Rede,Ajuste de configuração,3558.9995852526763
INC101549,2025-05-20 05:12:00,2025-05-20 07:30:36.158019294,2025-05-20 11:17:36.158019294,3 - Média,Banco de Dados,Sub A,lsin,CI-106,SRE,Monitoramento,SIM,NAO,Manutenção Programada,Patch aplicado,8316.15801929486
INC101550,2025-05-20 07:50:00,2025-05-20 09:39:26.768535072,2025-05-20 10:25:26.768535072,2 - Alta,Rede,Sub B,lsin,CI-78,NOC N1,Monitoramento,SIM,NAO,Erro de Configuração,Patch aplicado,6566.768535071788
INC101551,2025-05-20 09:17:00,2025-05-20 09:47:16.597993512,2025-05-20 09:59:16.597993512,4 - Baixa,Aplicação,Sub C,lsin,CI-213,SRE,Monitoramento,NAO,NAO,Erro de Configuração,Ajuste de configuração,1816.5979935090584
INC101552,2025-05-20 10:24:00,2025-05-20 11:36:52.652615616,2025-05-20 12:15:52.652615616,3 - Média,Rede,Sub A,lhco,CI-181,SRE,Monitoramento,SIM,NAO,Falha de Aplicação,Patch aplicado,4372.652615613725
INC101553,2025-05-20 13:55:00,2025-05-20 15:00:38.737365678,2025-05-20 15:56:38.737365678,4 - Baixa,Banco de Dados,Sub A,lsin,CI-257,NOC N1,Manual,NAO,NAO,Falha de Rede,Patch aplicado,3938.7373656763734
INC101554,2025-05-20 15:43:00,2025-05-20 16:01:58.726732728,2025-05-20 16:53:58.726732728,4 - Baixa,Rede,Sub A,lsin,CI-322,Suporte N3,Monitoramento,NAO,NAO,Falha de Rede,Patch aplicado,1138.7267327258223
INC101555,2025-05-20 16:13:00,2025-05-20 18:01:00.838847334,2025-05-20 21:09:00.838847334,3 - Média,Banco de Dados,Sub A,lsin,CI-5,SRE,Monitoramento,SIM,NAO,Falha de Rede,Reinício de serviço,6480.838847334961
INC101556,2025-05-20 21:34:00,2025-05-21 00:12:03.253834086,2025-05-21 00:41:03.253834086,3 - Média,Infraestrutura,Sub A,lhco,CI-374,Suporte N3,Monitoramento,SIM,NAO,Falha de Aplicação,Patch aplicado,9483.253834083116
INC101557,2025-05-20 23:14:00,2025-05-21 01:26:17.751053046,2025-05-21 01:57:17.751053046,4 - Baixa,Rede,Sub A,lcem,CI-142,SRE,Monitoramento,NAO,NAO,Manutenção Programada,Ajuste de configuração,7937.751053047239
INC101558,2025-05-20 23:39:00,2025-05-21 01:13:15.276837030,2025-05-21 04:21:15.276837030,3 - Média,Banco de Dados,Sub C,lsin,CI-154,NOC N1,Monitoramento,SIM,NAO,Erro de Configuração,Patch aplicado,5655.276837031019
INC101559,2025-05-21 01:38:00,2025-05-21 02:44:10.793896812,2025-05-21 05:18:10.793896812,3 - Média,Aplicação,Sub B,lsin,CI-272,NOC N2,Monitoramento,SIM,NAO,Falha de Rede,Ajuste de configuração,3970.793896813104
INC101560,2025-05-21 02:01:00,2025-05-21 04:35:12.527232636,2025-05-21 05:52:12.527232636,4 - Baixa,Rede,Sub A,lcem,CI-372,NOC N1,Monitoramento,NAO,NAO,Manutenção Programada,Reinício de serviço,9252.52723263727
INC101561,2025-05-21 02:15:00,2025-05-21 03:13:23.029586646,2025-05-21 03:55:23.029586646,2 - Alta,Banco de Dados,Sub B,lhvp,CI-199,Suporte N3,Monitoramento,SIM,NAO,Erro de Configuração,Patch aplicado,3503.0295866437627
INC101562,2025-05-21 04:54:00,2025-05-21 07:10:49.921168008,2025-05-21 08:41:49.921168008,4 - Baixa,Banco de Dados,Sub B,lcem,CI-275,NOC N1,Monitoramento,NAO,NAO,Manutenção Programada,Patch aplicado,8209.921168009745
INC101563,2025-05-21 08:28:00,2025-05-21 11:15:02.733769332,2025-05-21 13:45:02.733769332,2 - Alta,Banco de Dados,Sub B,lsin,CI-323,NOC N2,Manual,SIM,NAO,Manutenção Programada,Reinício de serviço,10022.733769329086
INC101564,2025-05-21 10:09:00,2025-05-21 11:05:00.430900986,2025-05-21 13:53:00.430900986,3 - Média,Banco de Dados,Sub A,lhvp,CI-99,NOC N2,Monitoramento,SIM,NAO,Falha de Aplicação,Reinício de serviço,3360.4309009866474
INC101565,2025-05-21 13:00:00,2025-05-21 13:03:01.940117922,2025-05-21 16:54:01.940117922,2 - Alta,Infraestrutura,Sub B,lhco,CI-35,SRE,Monitoramento,SIM,NAO,Manutenção Programada,Ajuste de configuração,181.94011792449976
INC101566,2025-05-21 13:59:00,2025-05-21 15:44:49.466311218,2025-05-21 16:16:49.466311218,3 - Média,Infraestrutura,Sub C,lcem,CI-392,Suporte N3,Monitoramento,SIM,NAO,Manutenção Programada,Ajuste de configuração,6349.466311217159
INC101567,2025-05-21 14:56:00,2025-05-21 15:45:43.388308392,2025-05-21 15:59:43.388308392,2 - Alta,Infraestrutura,Sub C,lhvp,CI-319,NOC N2,Monitoramento,SIM,NAO,Manutenção Programada,Ajuste de configuração,2983.3883083941764
INC101568,2025-05-21 16:04:00,2025-05-21 17:57:57.415920870,2025-05-21 19:32:57.415920870,3 - Média,Rede,Sub C,lhvp,CI-374,Suporte N3,Monitoramento,SIM,NAO,Erro de Configuração,Ajuste de configuração,6837.41592087126
INC101569,2025-05-21 17:12:00,2025-05-21 18:39:50.241704454,2025-05-21 21:55:50.241704454,2 - Alta,Rede,Sub B,lsin,CI-283,NOC N1,Monitoramento,SIM,NAO,Manutenção Programada,Ajuste de configuração,5270.241704456488
INC101570,2025-05-21 18:07:00,2025-05-21 19:26:49.043566128,2025-05-21 23:10:49.043566128,2 - Alta,Rede,Sub A,lhco,CI-110,NOC N1,Monitoramento,SIM,NAO,Falha de Aplicação,Patch aplicado,4789.043566126641
INC101571,2025-05-21 18:36:00,2025-05-21 21:16:29.590481418,2025-05-21 21:47:29.590481418,3 - Média,Aplicação,Sub C,lsin,CI-82,Suporte N3,Monitoramento,SIM,NAO,Falha de Aplicação,Ajuste de configuração,9629.590481415316
INC101572,2025-05-21 20:25:00,2025-05-21 22:52:42.011598816,2025-05-22 00:50:42.011598816,3 - Média,Rede,Sub A,lhco,CI-372,NOC N2,Monitoramento,SIM,NAO,Manutenção Programada,Ajuste de configuração,8862.011598817378
INC101573,2025-05-21 22:03:00,2025-05-22 01:46:20.124169902,2025-05-22 04:49:20.124169902,3 - Média,Rede,Sub A,lsin,CI-113,SRE,Monitoramento,SIM,NAO,Falha de Aplicação,Patch aplicado,13400.124169900751
INC101574,2025-05-21 22:50:00,2025-05-22 00:02:55.591311468,2025-05-22 03:44:55.591311468,3 - Média,Infraestrutura,Sub B,lsin,CI-87,NOC N1,Manual,SIM,NAO,Manutenção Programada,Patch aplicado,4375.5913114708
INC101575,2025-05-22 02:16:00,2025-05-22 05:17:46.262226558,2025-05-22 07:58:46.262226558,4 - Baixa,Aplicação,Sub A,lcem,CI-322,NOC N1,Monitoramento,NAO,NAO,Manutenção Programada,Patch aplicado,10906.26222655532
INC101576,2025-05-22 05:26:00,2025-05-22 06:36:57.650940396,2025-05-22 08:56:57.650940396,3 - Média,Aplicação,Sub A,lsin,CI-81,NOC N2,Monitoramento,SIM,NAO,Falha de Rede,Ajuste de configuração,4257.650940393104
INC101577,2025-05-22 09:11:00,2025-05-22 09:57:50.461417302,2025-05-22 11:39:50.461417302,2 - Alta,Rede,Sub C,lcem,CI-333,Suporte N3,Monitoramento,SIM,NAO,Falha de Aplicação,Patch aplicado,2810.461417301764
INC101578,2025-05-22 12:08:00,2025-05-22 13:32:22.255545576,2025-05-22 14:53:22.255545576,4 - Baixa,Rede,Sub C,lhco,CI-92,Suporte N3,Monitoramento,NAO,NAO,Erro de Configuração,Patch aplicado,5062.255545574159
INC101579,2025-05-22 13:11:00,2025-05-22 14:39:16.683156864,2025-05-22 16:14:16.683156864,2 - Alta,Aplicação,Sub B,lsin,CI-257,Suporte N3,Monitoramento,SIM,NAO,Manutenção Programada,Reinício de serviço,5296.683156865916
INC101580,2025-05-22 13:49:00,2025-05-22 17:02:28.718531070,2025-05-22 19:03:28.718531070,3 - Média,Infraestrutura,Sub B,lsin,CI-382,SRE,Monitoramento,SIM,NAO,Manutenção Programada,Ajuste de configuração,11608.718531070966
INC101581,2025-05-22 13:53:00,2025-05-22 15:18:40.453298424,2025-05-22 15:26:40.453298424,2 - Alta,Banco de Dados,Sub A,lrev,CI-295,NOC N2,Monitoramento,SIM,NAO,Falha de Rede,Patch aplicado,5140.45329842105
INC101582,2025-05-22 14:21:00,2025-05-22 18:19:51.198245112,2025-05-22 20:08:51.198245112,3 - Média,Aplicação,Sub A,lhco,CI-238,SRE,Monitoramento,SIM,NAO,Falha de Rede,Reinício de serviço,14331.198245112477
INC101583,2025-05-22 14:41:00,2025-05-22 15:38:20.794793184,2025-05-22 17:11:20.794793184,4 - Baixa,Rede,Sub C,lhvp,CI-23,NOC N2,Monitoramento,NAO,NAO,Manutenção Programada,Ajuste de configuração,3440.7947931837225
INC101584,2025-05-22 15:02:00,2025-05-22 16:34:37.568620320,2025-05-22 16:41:37.568620320,3 - Média,Infraestrutura,Sub A,lcem,CI-165,Suporte N3,Monitoramento,SIM,NAO,Erro de Configuração,Patch aplicado,5557.568620319023
INC101585,2025-05-22 15:58:00,2025-05-22 16:09:23.247847116,2025-05-22 19:30:23.247847116,3 - Média,Infraestrutura,Sub B,lsin,CI-297,SRE,Monitoramento,SIM,NAO,Manutenção Programada,Ajuste de configuração,683.2478471173259
INC101586,2025-05-23 00:06:00,2025-05-23 01:45:06.201670434,2025-05-23 02:17:06.201670434,4 - Baixa,Rede,Sub B,lhvp,CI-85,NOC N2,Manual,NAO,NAO,Falha de Rede,Reinício de serviço,5946.201670435477
INC101587,2025-05-23 00:31:00,2025-05-23 01:30:22.104762630,2025-05-23 03:04:22.104762630,3 - Média,Rede,Sub C,lsin,CI-89,SRE,Monitoramento,SIM,NAO,Falha de Rede,Ajuste de configuração,3562.1047626271466
INC101588,2025-05-23 01:23:00,2025-05-23 01:25:05.795774622,2025-05-23 05:06:05.795774622,4 - Baixa,Infraestrutura,Sub C,lhco,CI-326,NOC N2,Monitoramento,NAO,NAO,Manutenção Programada,Reinício de serviço,125.79577462474704
INC101589,2025-05-23 06:07:00,2025-05-23 06:09:44.915713794,2025-05-23 07:17:44.915713794,3 - Média,Infraestrutura,Sub A,lhco,CI-371,SRE,Monitoramento,SIM,NAO,Falha de Aplicação,Reinício de serviço,164.91571379582206
INC101590,2025-05-23 10:42:00,2025-05-23 13:02:23.881872996,2025-05-23 16:48:23.881872996,3 - Média,Infraestrutura,Sub C,lhco,CI-125,Suporte N3,Monitoramento,SIM,NAO,Manutenção Programada,Ajuste de configuração,8423.88187299526
INC101591,2025-05-23 12:43:00,2025-05-23 13:11:33.133864223,2025-05-23 14:45:33.133864223,3 - Média,Rede,Sub A,lcem,CI-352,NOC N1,Monitoramento,SIM,NAO,Falha de Rede,Ajuste de configuração,1713.1338642235926
INC101592,2025-05-23 13:11:00,2025-05-23 16:38:37.443969840,2025-05-23 20:02:37.443969840,4 - Baixa,Infraestrutura,Sub B,lhco,CI-145,NOC N1,Monitoramento,NAO,NAO,Falha de Rede,Reinício de serviço,12457.443969838305
INC101593,2025-05-23 13:59:00,2025-05-23 15:20:10.539017028,2025-05-23 17:53:10.539017028,4 - Baixa,Aplicação,Sub C,lcem,CI-285,Suporte N3,Monitoramento,NAO,NAO,Falha de Aplicação,Ajuste de configuração,4870.53901702959
INC101594,2025-05-24 04:32:00,2025-05-24 06:11:40.041864402,2025-05-24 10:03:40.041864402,3 - Média,Rede,Sub A,lcem,CI-228,SRE,Monitoramento,SIM,NAO,Falha de Aplicação,Patch aplicado,5980.041864399075
INC101595,2025-05-24 04:35:00,2025-05-24 06:36:58.290171816,2025-05-24 07:32:58.290171816,3 - Média,Aplicação,Sub A,lrev,CI-289,NOC N1,Monitoramento,SIM,NAO,Falha de Rede,Patch aplicado,7318.290171817737
INC101596,2025-05-24 09:25:00,2025-05-24 09:54:25.494183198,2025-05-24 11:52:25.494183198,2 - Alta,Infraestrutura,Sub C,lsin,CI-184,Suporte N3,Monitoramento,SIM,NAO,Falha de Rede,Reinício de serviço,1765.494183196128
INC101597,2025-05-24 10:18:00,2025-05-24 11:21:14.045385228,2025-05-24 12:17:14.045385228,2 - Alta,Rede,Sub A,lsin,CI-370,SRE,Monitoramento,SIM,NAO,Manutenção Programada,Reinício de serviço,3794.0453852277647
INC101598,2025-05-24 11:41:00,2025-05-24 14:33:24.708414426,2025-05-24 17:07:24.708414426,3 - Média,Infraestrutura,Sub B,lsin,CI-63,Suporte N3,Monitoramento,SIM,NAO,Erro de Configuração,Reinício de serviço,10344.70841442378
INC101599,2025-05-24 14:58:00,2025-05-24 16:57:32.395737468,2025-05-24 20:19:32.395737468,4 - Baixa,Rede,Sub A,lcem,CI-134,SRE,Monitoramento,NAO,NAO,Manutenção Programada,Reinício de serviço,7172.395737465297
INC101600,2025-05-24 16:18:00,2025-05-24 17:32:47.458258260,2025-05-24 19:41:47.458258260,3 - Média,Rede,Sub C,lhco,CI-309,NOC N2,Monitoramento,SIM,NAO,Manutenção Programada,Reinício de serviço,4487.458258259195
INC101601,2025-05-24 16:30:00,2025-05-24 17:10:22.004139018,2025-05-24 20:06:22.004139018,4 - Baixa,Infraestrutura,Sub B,lrev,CI-78,NOC N2,Monitoramento,NAO,NAO,Manutenção Programada,Reinício de serviço,2422.0041390163765
INC101602,2025-05-24 17:15:00,2025-05-24 19:25:21.323620284,2025-05-24 21:55:21.323620284,4 - Baixa,Infraestrutura,Sub B,lhco,CI-150,SRE,Monitoramento,NAO,NAO,Erro de Configuração,Ajuste de configuração,7821.323620281847
INC101603,2025-05-24 20:17:00,2025-05-24 21:42:52.197400428,2025-05-24 23:07:52.197400428,3 - Média,Infraestrutura,Sub A,lcem,CI-373,NOC N1,Monitoramento,SIM,NAO,Erro de Configuração,Reinício de serviço,5152.197400425475
INC101604,2025-05-24 20:24:00,2025-05-24 21:41:35.382981252,2025-05-24 22:53:35.382981252,3 - Média,Banco de Dados,Sub B,lhco,CI-77,SRE,Monitoramento,SIM,NAO,Falha de Rede,Patch aplicado,4655.38298125171
INC101605,2025-05-24 21:55:00,2025-05-24 23:44:00.942435288,2025-05-25 02:59:00.942435288,4 - Baixa,Banco de Dados,Sub C,lhco,CI-348,NOC N2,Monitoramento,NAO,NAO,Manutenção Programada,Patch aplicado,6540.942435290536
INC101606,2025-05-25 06:32:00,2025-05-25 08:22:20.648192508,2025-05-25 09:28:20.648192508,2 - Alta,Infraestrutura,Sub C,lsin,CI-378,NOC N1,Monitoramento,SIM,NAO,Manutenção Programada,Patch aplicado,6620.648192506772
INC101607,2025-05-25 08:09:00,2025-05-25 08:37:41.131992984,2025-05-25 11:10:41.131992984,4 - Baixa,Aplicação,Sub B,lsin,CI-272,SRE,Monitoramento,NAO,NAO,Manutenção Programada,Reinício de serviço,1721.1319929831511
INC101608,2025-05-25 09:09:00,2025-05-25 12:00:02.105224199,2025-05-25 13:02:02.105224199,3 - Média,Rede,Sub C,lsin,CI-129,SRE,Monitoramento,SIM,NAO,Falha de Aplicação,Reinício de serviço,10262.105224201881
INC101609,2025-05-25 12:05:00,2025-05-25 14:46:50.652979200,2025-05-25 16:45:50.652979200,3 - Média,Infraestrutura,Sub C,lsin,CI-44,SRE,Monitoramento,SIM,NAO,Falha de Aplicação,Reinício de serviço,9710.652979201937
INC101610,2025-05-25 14:13:00,2025-05-25 16:31:51.933388302,2025-05-25 17:23:51.933388302,4 - Baixa,Aplicação,Sub A,lsin,CI-227,NOC N1,Monitoramento,NAO,NAO,Falha de Aplicação,Reinício de serviço,8331.933388299429
INC101611,2025-05-25 14:31:00,2025-05-25 16:07:51.060104736,2025-05-25 17:24:51.060104736,3 - Média,Infraestrutura,Sub B,lrev,CI-342,NOC N1,Monitoramento,SIM,NAO,Falha de Aplicação,Reinício de serviço,5811.060104733782
INC101612,2025-05-25 14:36:00,2025-05-25 15:47:23.540833830,2025-05-25 18:43:23.540833830,4 - Baixa,Infraestrutura,Sub B,lsin,CI-301,Suporte N3,Manual,NAO,NAO,Falha de Aplicação,Ajuste de configuração,4283.54083383004
INC101613,2025-05-25 18:59:00,2025-05-25 21:20:10.100318538,2025-05-25 23:26:10.100318538,2 - Alta,Banco de Dados,Sub A,lhco,CI-35,NOC N2,Monitoramento,SIM,NAO,Falha de Aplicação,Ajuste de configuração,8470.100318536355
INC101614,2025-05-25 21:12:00,2025-05-25 21:55:10.168699710,2025-05-26 01:13:10.168699710,3 - Média,Rede,Sub B,lhco,CI-391,Suporte N3,Monitoramento,SIM,NAO,Falha de Rede,Reinício de serviço,2590.168699712174
INC101615,2025-05-25 22:32:00,2025-05-25 22:56:01.358058258,2025-05-25 23:02:01.358058258,4 - Baixa,Rede,Sub C,lsin,CI-84,NOC N1,Monitoramento,NAO,NAO,Falha de Aplicação,Patch aplicado,1441.3580582580562
INC101616,2025-05-25 23:56:00,2025-05-26 00:41:06.310140684,2025-05-26 03:47:06.310140684,3 - Média,Infraestrutura,Sub C,lsin,CI-337,NOC N1,Monitoramento,SIM,NAO,Erro de Configuração,Patch aplicado,2706.3101406834303
INC101617,2025-05-26 05:42:00,2025-05-26 06:19:14.632395648,2025-05-26 10:18:14.632395648,3 - Média,Banco de Dados,Sub A,lsin,CI-249,SRE,Monitoramento,SIM,NAO,Erro de Configuração,Reinício de serviço,2234.6323956475467
INC101618,2025-05-26 08:52:00,2025-05-26 09:59:32.536263048,2025-05-26 12:40:32.536263048,3 - Média,Infraestrutura,Sub B,lhvp,CI-368,SRE,Monitoramento,SIM,NAO,Erro de Configuração,Ajuste de configuração,4052.536263049946
INC101619,2025-05-26 11:50:00,2025-05-26 12:13:06.487691136,2025-05-26 15:26:06.487691136,2 - Alta,Banco de Dados,Sub B,lhvp,CI-129,Suporte N3,Monitoramento,SIM,NAO,Manutenção Programada,Ajuste de configuração,1386.4876911336248
INC101620,2025-05-26 13:44:00,2025-05-26 16:04:31.101024906,2025-05-26 18:37:31.101024906,3 - Média,Banco de Dados,Sub B,lsin,CI-202,SRE,Monitoramento,SIM,NAO,Falha de Rede,Reinício de serviço,8431.101024906577
INC101621,2025-05-26 14:53:00,2025-05-26 15:27:58.032937068,2025-05-26 17:28:58.032937068,2 - Alta,Banco de Dados,Sub B,lhco,CI-143,NOC N1,Monitoramento,SIM,NAO,Falha de Rede,Reinício de serviço,2098.032937069037
INC101622,2025-05-26 17:28:00,2025-05-26 19:33:31.082478263,2025-05-26 20:43:31.082478263,3 - Média,Rede,Sub A,lsin,CI-198,NOC N2,Manual,SIM,NAO,Falha de Rede,Ajuste de configuração,7531.082478264458
INC101623,2025-05-26 20:03:00,2025-05-26 20:32:12.536175948,2025-05-26 21:50:12.536175948,2 - Alta,Banco de Dados,Sub A,lhvp,CI-220,Suporte N3,Monitoramento,SIM,NAO,Manutenção Programada,Reinício de serviço,1752.5361759456205
INC101624,2025-05-27 01:47:00,2025-05-27 03:24:13.058174982,2025-05-27 05:00:13.058174982,2 - Alta,Aplicação,Sub B,lsin,CI-227,NOC N2,Monitoramento,SIM,NAO,Falha de Aplicação,Patch aplicado,5833.058174981215
INC101625,2025-05-27 02:48:00,2025-05-27 03:25:54.108777216,2025-05-27 04:23:54.108777216,4 - Baixa,Banco de Dados,Sub C,lhco,CI-336,Suporte N3,Monitoramento,NAO,SIM,Falha de Rede,Ajuste de configuração,2274.108777214513
INC101626,2025-05-27 08:04:00,2025-05-27 10:49:22.062776502,2025-05-27 13:22:22.062776502,3 - Média,Rede,Sub C,lhco,CI-147,SRE,Monitoramento,SIM,NAO,Falha de Aplicação,Patch aplicado,9922.062776499502
INC101627,2025-05-27 09:29:00,2025-05-27 10:56:25.987434816,2025-05-27 11:20:25.987434816,4 - Baixa,Aplicação,Sub C,lhco,CI-307,Suporte N3,Monitoramento,NAO,NAO,Erro de Configuração,Patch aplicado,5245.987434818146
INC101628,2025-05-27 11:44:00,2025-05-27 12:20:34.440560574,2025-05-27 14:42:34.440560574,3 - Média,Banco de Dados,Sub C,lhvp,CI-322,SRE,Monitoramento,SIM,NAO,Manutenção Programada,Patch aplicado,2194.4405605766233
INC101629,2025-05-27 13:38:00,2025-05-27 14:53:14.017931958,2025-05-27 16:33:14.017931958,3 - Média,Infraestrutura,Sub B,lrev,CI-84,NOC N1,Monitoramento,SIM,NAO,Erro de Configuração,Reinício de serviço,4514.017931955796
INC101630,2025-05-27 14:45:00,2025-05-27 16:31:34.897221000,2025-05-27 16:35:34.897221000,2 - Alta,Rede,Sub C,lhvp,CI-395,SRE,Monitoramento,SIM,NAO,Falha de Rede,Patch aplicado,6394.897221001447
INC101631,2025-05-27 22:32:00,2025-05-27 23:46:14.275784106,2025-05-28 03:42:14.275784106,4 - Baixa,Rede,Sub C,lcem,CI-52,SRE,Monitoramento,NAO,NAO,Falha de Rede,Ajuste de configuração,4454.275784106228
INC101632,2025-05-27 22:43:00,2025-05-27 22:56:32.218273326,2025-05-27 23:28:32.218273326,4 - Baixa,Rede,Sub B,lhco,CI-84,NOC N1,Monitoramento,NAO,NAO,Erro de Configuração,Reinício de serviço,812.2182733274277
INC101633,2025-05-28 00:17:00,2025-05-28 01:44:32.537355300,2025-05-28 04:50:32.537355300,3 - Média,Rede,Sub A,lrev,CI-281,NOC N2,Manual,SIM,NAO,Falha de Aplicação,Ajuste de configuração,5252.537355298906
INC101634,2025-05-28 02:04:00,2025-05-28 03:20:04.931891190,2025-05-28 03:35:04.931891190,4 - Baixa,Infraestrutura,Sub C,lcem,CI-192,SRE,Monitoramento,NAO,NAO,Erro de Configuração,Reinício de serviço,4564.9318911912
INC101635,2025-05-28 02:30:00,2025-05-28 03:52:18.450484080,2025-05-28 07:03:18.450484080,4 - Baixa,Aplicação,Sub C,lcem,CI-302,NOC N1,Monitoramento,NAO,NAO,Erro de Configuração,Reinício de serviço,4938.450484080096
INC101636,2025-05-28 02:48:00,2025-05-28 05:13:22.616131500,2025-05-28 07:14:22.616131500,3 - Média,Infraestrutura,Sub A,lhvp,CI-78,NOC N2,Monitoramento,SIM,NAO,Falha de Aplicação,Patch aplicado,8722.616131500912
INC101637,2025-05-28 06:31:00,2025-05-28 08:51:29.798754522,2025-05-28 11:51:29.798754522,4 - Baixa,Aplicação,Sub B,lrev,CI-360,SRE,Monitoramento,NAO,NAO,Falha de Rede,Ajuste de configuração,8429.798754520465
INC101638,2025-05-28 07:48:00,2025-05-28 08:42:57.579063678,2025-05-28 11:06:57.579063678,3 - Média,Banco de Dados,Sub B,lhvp,CI-258,NOC N1,Monitoramento,SIM,NAO,Manutenção Programada,Reinício de serviço,3297.579063677708
INC101639,2025-05-28 09:08:00,2025-05-28 10:09:02.090135556,2025-05-28 13:57:02.090135556,4 - Baixa,Banco de Dados,Sub A,lsin,CI-87,Suporte N3,Monitoramento,NAO,NAO,Falha de Aplicação,Reinício de serviço,3662.0901355573615
INC101640,2025-05-28 13:26:00,2025-05-28 14:36:48.682433382,2025-05-28 14:44:48.682433382,2 - Alta,Aplicação,Sub B,lhvp,CI-256,Suporte N3,Manual,SIM,NAO,Erro de Configuração,Ajuste de configuração,4248.682433382438
INC101641,2025-05-28 14:22:00,2025-05-28 14:48:47.397102744,2025-05-28 15:39:47.397102744,2 - Alta,Rede,Sub B,lsin,CI-75,NOC N2,Monitoramento,SIM,NAO,Erro de Configuração,Ajuste de configuração,1607.397102745018
INC101642,2025-05-28 19:02:00,2025-05-28 22:01:04.674635646,2025-05-29 01:13:04.674635646,3 - Média,Aplicação,Sub B,lhvp,CI-296,Suporte N3,Monitoramento,SIM,NAO,Falha de Aplicação,Ajuste de configuração,10744.674635646537
INC101643,2025-05-28 21:45:00,2025-05-28 22:07:39.787794078,2025-05-28 22:25:39.787794078,2 - Alta,Banco de Dados,Sub A,lsin,CI-202,SRE,Monitoramento,SIM,NAO,Falha de Aplicação,Ajuste de configuração,1359.7877940792973
INC101644,2025-05-28 23:22:00,2025-05-29 00:02:30.162573780,2025-05-29 02:11:30.162573780,4 - Baixa,Banco de Dados,Sub B,lhco,CI-156,NOC N1,Monitoramento,NAO,NAO,Erro de Configuração,Patch aplicado,2430.162573779165
INC101645,2025-05-29 04:49:00,2025-05-29 06:15:48.038042352,2025-05-29 08:20:48.038042352,4 - Baixa,Aplicação,Sub C,lsin,CI-74,Suporte N3,Monitoramento,NAO,NAO,Erro de Configuração,Reinício de serviço,5208.0380423518
INC101646,2025-05-29 05:43:00,2025-05-29 06:33:52.594752180,2025-05-29 09:53:52.594752180,3 - Média,Banco de Dados,Sub C,lhco,CI-353,SRE,Manual,SIM,NAO,Falha de Rede,Reinício de serviço,3052.5947521809117
INC101647,2025-05-29 07:33:00,2025-05-29 08:49:28.431408000,2025-05-29 12:20:28.431408000,2 - Alta,Aplicação,Sub A,lhco,CI-86,NOC N2,Monitoramento,SIM,NAO,Manutenção Programada,Patch aplicado,4588.431408000401
INC101648,2025-05-29 13:46:00,2025-05-29 15:27:31.580010929,2025-05-29 17:09:31.580010929,4 - Baixa,Infraestrutura,Sub A,lrev,CI-301,Suporte N3,Monitoramento,NAO,NAO,Manutenção Programada,Patch aplicado,6091.58001093195
INC101649,2025-05-29 16:00:00,2025-05-29 17:59:57.675538536,2025-05-29 18:03:57.675538536,3 - Média,Banco de Dados,Sub B,lcem,CI-198,SRE,Monitoramento,SIM,NAO,Falha de Rede,Patch aplicado,7197.675538534434
INC101650,2025-05-29 17:39:00,2025-05-29 19:11:58.389755658,2025-05-29 21:45:58.389755658,3 - Média,Rede,Sub C,lsin,CI-390,NOC N1,Monitoramento,SIM,NAO,Falha de Aplicação,Reinício de serviço,5578.389755657191
INC101651,2025-05-29 20:40:00,2025-05-29 20:58:59.322107964,2025-05-29 23:40:59.322107964,3 - Média,Aplicação,Sub C,lsin,CI-283,NOC N1,Monitoramento,SIM,NAO,Falha de Aplicação,Ajuste de configuração,1139.322107965114
INC101652,2025-05-30 02:04:00,2025-05-30 04:12:28.327402614,2025-05-30 05:55:28.327402614,3 - Média,Aplicação,Sub C,lcem,CI-136,Suporte N3,Manual,SIM,NAO,Falha de Aplicação,Reinício de serviço,7708.327402612555
INC101653,2025-05-30 03:46:00,2025-05-30 03:46:33.790949808,2025-05-30 05:46:33.790949808,3 - Média,Rede,Sub C,lsin,CI-310,SRE,Manual,SIM,NAO,Falha de Aplicação,Reinício de serviço,33.79094980964949
INC101654,2025-05-30 04:31:00,2025-05-30 05:05:54.669826848,2025-05-30 07:27:54.669826848,3 - Média,Infraestrutura,Sub A,lsin,CI-111,NOC N2,Monitoramento,SIM,NAO,Falha de Rede,Patch aplicado,2094.66982684683
INC101655,2025-05-30 07:21:00,2025-05-30 08:51:21.190694280,2025-05-30 12:40:21.190694280,3 - Média,Aplicação,Sub B,lcem,CI-104,NOC N1,Monitoramento,SIM,NAO,Erro de Configuração,Reinício de serviço,5421.190694279906
INC101656,2025-05-30 09:40:00,2025-05-30 11:34:57.618208770,2025-05-30 14:41:57.618208770,3 - Média,Banco de Dados,Sub C,lsin,CI-326,NOC N2,Monitoramento,SIM,NAO,Falha de Rede,Ajuste de configuração,6897.618208772667
INC101657,2025-05-30 10:19:00,2025-05-30 12:01:31.807179198,2025-05-30 15:22:31.807179198,4 - Baixa,Aplicação,Sub A,lhco,CI-78,Suporte N3,Monitoramento,NAO,NAO,Manutenção Programada,Ajuste de configuração,6151.807179195525
INC101658,2025-05-30 12:24:00,2025-05-30 14:01:46.521737628,2025-05-30 16:13:46.521737628,4 - Baixa,Aplicação,Sub B,lsin,CI-240,NOC N2,Monitoramento,NAO,NAO,Erro de Configuração,Patch aplicado,5866.521737630932
INC101659,2025-05-30 13:05:00,2025-05-30 13:28:22.425557700,2025-05-30 16:57:22.425557700,4 - Baixa,Rede,Sub C,lhco,CI-190,Suporte N3,Manual,NAO,SIM,Erro de Configuração,Patch aplicado,1402.4255576980815
INC101660,2025-05-30 17:27:00,2025-05-30 19:38:02.363967204,2025-05-30 21:24:02.363967204,2 - Alta,Banco de Dados,Sub C,lhco,CI-397,Suporte N3,Monitoramento,SIM,NAO,Falha de Rede,Patch aplicado,7862.363967204452
INC101661,2025-05-30 21:56:00,2025-05-30 22:56:25.200203166,2025-05-31 00:23:25.200203166,4 - Baixa,Aplicação,Sub A,lsin,CI-306,Suporte N3,Monitoramento,NAO,NAO,Falha de Rede,Patch aplicado,3625.200203163308
INC101662,2025-05-30 22:27:00,2025-05-30 22:38:22.137069714,2025-05-31 01:31:22.137069714,4 - Baixa,Banco de Dados,Sub C,lhco,CI-149,NOC N1,Monitoramento,NAO,NAO,Falha de Aplicação,Patch aplicado,682.1370697132498
INC101663,2025-05-31 01:06:00,2025-05-31 03:03:40.304152626,2025-05-31 05:44:40.304152626,3 - Média,Aplicação,Sub C,lhco,CI-226,Suporte N3,Monitoramento,SIM,NAO,Falha de Rede,Patch aplicado,7060.304152623064
INC101664,2025-05-31 03:01:00,2025-05-31 04:43:13.729651794,2025-05-31 08:26:13.729651794,2 - Alta,Rede,Sub C,lrev,CI-157,SRE,Manual,SIM,NAO,Erro de Configuração,Ajuste de configuração,6133.729651792635
INC101665,2025-05-31 06:34:00,2025-05-31 06:47:20.926741368,2025-05-31 09:47:20.926741368,4 - Baixa,Banco de Dados,Sub A,lsin,CI-133,SRE,Monitoramento,NAO,NAO,Manutenção Programada,Ajuste de configuração,800.9267413679808
INC101666,2025-05-31 11:16:00,2025-05-31 11:59:50.121727722,2025-05-31 14:54:50.121727722,3 - Média,Aplicação,Sub A,lhvp,CI-220,NOC N1,Monitoramento,SIM,NAO,Erro de Configuração,Patch aplicado,2630.1217277193605
INC101667,2025-05-31 11:53:00,2025-05-31 14:11:16.632825630,2025-05-31 18:00:16.632825630,3 - Média,Aplicação,Sub C,lrev,CI-283,Suporte N3,Monitoramento,SIM,NAO,Falha de Rede,Reinício de serviço,8296.632825628321
INC101668,2025-05-31 12:33:00,2025-05-31 12:49:44.273622858,2025-05-31 13:14:44.273622858,4 - Baixa,Rede,Sub B,lhvp,CI-212,NOC N2,Monitoramento,NAO,NAO,Falha de Aplicação,Ajuste de configuração,1004.2736228576393
INC101669,2025-05-31 21:36:00,2025-05-31 22:11:54.400522284,2025-06-01 00:21:54.400522284,3 - Média,Aplicação,Sub B,lsin,CI-113,Suporte N3,Monitoramento,SIM,NAO,Falha de Rede,Reinício de serviço,2154.400522286279
INC101670,2025-05-31 23:39:00,2025-06-01 00:39:22.843728546,2025-06-01 03:18:22.843728546,4 - Baixa,Rede,Sub C,lhco,CI-297,SRE,Manual,NAO,NAO,Manutenção Programada,Patch aplicado,3622.843728548925
INC101671,2025-06-01 00:30:00,2025-06-01 02:43:58.565433870,2025-06-01 05:51:58.565433870,4 - Baixa,Infraestrutura,Sub C,lsin,CI-41,NOC N1,Manual,NAO,NAO,Falha de Rede,Patch aplicado,8038.565433871886
INC101672,2025-06-01 01:01:00,2025-06-01 01:18:21.816274008,2025-06-01 03:42:21.816274008,4 - Baixa,Aplicação,Sub A,lcem,CI-115,SRE,Monitoramento,NAO,NAO,Falha de Aplicação,Patch aplicado,1041.8162740106995
INC101673,2025-06-01 04:15:00,2025-06-01 06:04:07.722226320,2025-06-01 08:07:07.722226320,2 - Alta,Banco de Dados,Sub B,lhco,CI-69,NOC N2,Monitoramento,SIM,NAO,Erro de Configuração,Reinício de serviço,6547.722226320274
INC101674,2025-06-01 14:51:00,2025-06-01 16:27:54.750401646,2025-06-01 20:05:54.750401646,4 - Baixa,Rede,Sub A,lsin,CI-340,NOC N1,Monitoramento,NAO,NAO,Erro de Configuração,Patch aplicado,5814.750401645745
INC101675,2025-06-01 17:52:00,2025-06-01 20:09:21.601801074,2025-06-01 22:22:21.601801074,3 - Média,Infraestrutura,Sub A,lsin,CI-332,NOC N1,Monitoramento,SIM,NAO,Falha de Aplicação,Ajuste de configuração,8241.601801071898
INC101676,2025-06-01 19:09:00,2025-06-01 19:33:54.088240530,2025-06-01 19:51:54.088240530,3 - Média,Aplicação,Sub B,lrev,CI-399,NOC N1,Monitoramento,SIM,NAO,Falha de Rede,Reinício de serviço,1494.0882405311784
INC101677,2025-06-01 19:54:00,2025-06-01 20:22:50.840643426,2025-06-01 23:04:50.840643426,3 - Média,Banco de Dados,Sub C,lsin,CI-289,NOC N2,Monitoramento,SIM,NAO,Erro de Configuração,Patch aplicado,1730.840643428052
INC101678,2025-06-01 20:18:00,2025-06-01 20:51:48.740001498,2025-06-01 23:29:48.740001498,3 - Média,Aplicação,Sub C,lsin,CI-342,SRE,Monitoramento,SIM,NAO,Falha de Rede,Patch aplicado,2028.7400014985483
INC101679,2025-06-01 23:53:00,2025-06-02 00:31:38.399235756,2025-06-02 04:12:38.399235756,4 - Baixa,Aplicação,Sub A,lhco,CI-3,NOC N1,Monitoramento,NAO,NAO,Falha de Rede,Reinício de serviço,2318.3992357551256
INC101680,2025-06-02 02:36:00,2025-06-02 03:58:53.521571814,2025-06-02 07:41:53.521571814,4 - Baixa,Infraestrutura,Sub A,lsin,CI-257,NOC N1,Manual,NAO,NAO,Falha de Aplicação,Ajuste de configuração,4973.521571815462
INC101681,2025-06-02 02:48:00,2025-06-02 04:55:01.369651524,2025-06-02 05:47:01.369651524,4 - Baixa,Banco de Dados,Sub B,lsin,CI-343,Suporte N3,Manual,NAO,NAO,Falha de Rede,Reinício de serviço,7621.36965152267
INC101682,2025-06-02 04:00:00,2025-06-02 05:21:28.870166286,2025-06-02 08:55:28.870166286,3 - Média,Infraestrutura,Sub B,lhvp,CI-86,Suporte N3,Monitoramento,SIM,NAO,Erro de Configuração,Reinício de serviço,4888.870166283485
INC101683,2025-06-02 05:18:00,2025-06-02 06:39:05.040573888,2025-06-02 06:51:05.040573888,3 - Média,Infraestrutura,Sub C,lsin,CI-144,NOC N1,Monitoramento,SIM,NAO,Manutenção Programada,Patch aplicado,4865.040573889626
INC101684,2025-06-02 08:23:00,2025-06-02 09:33:03.646361094,2025-06-02 11:47:03.646361094,4 - Baixa,Infraestrutura,Sub C,lhvp,CI-64,SRE,Monitoramento,NAO,NAO,Falha de Aplicação,Patch aplicado,4203.6463610964665
INC101685,2025-06-02 09:10:00,2025-06-02 11:18:33.147456348,2025-06-02 11:48:33.147456348,3 - Média,Infraestrutura,Sub B,lrev,CI-87,NOC N2,Monitoramento,SIM,NAO,Falha de Rede,Reinício de serviço,7713.147456349026
INC101686,2025-06-02 10:16:00,2025-06-02 11:36:56.999736822,2025-06-02 13:15:56.999736822,4 - Baixa,Banco de Dados,Sub A,lrev,CI-106,Suporte N3,Monitoramento,NAO,NAO,Erro de Configuração,Ajuste de configuração,4856.999736819128
INC101687,2025-06-02 11:01:00,2025-06-02 12:05:22.309129800,2025-06-02 16:03:22.309129800,3 - Média,Aplicação,Sub B,lhco,CI-53,NOC N1,Monitoramento,SIM,NAO,Falha de Rede,Patch aplicado,3862.3091298016707
INC101688,2025-06-02 12:02:00,2025-06-02 12:44:17.488138992,2025-06-02 13:51:17.488138992,4 - Baixa,Infraestrutura,Sub C,lhco,CI-23,NOC N1,Monitoramento,NAO,NAO,Falha de Rede,Ajuste de configuração,2537.4881389902193
INC101689,2025-06-02 16:37:00,2025-06-02 19:28:52.597880904,2025-06-02 21:13:52.597880904,2 - Alta,Infraestrutura,Sub C,lhvp,CI-96,NOC N2,Monitoramento,SIM,NAO,Erro de Configuração,Patch aplicado,10312.597880903795
INC101690,2025-06-02 20:07:00,2025-06-02 20:56:01.499529192,2025-06-02 23:09:01.499529192,4 - Baixa,Aplicação,Sub B,lhco,CI-63,NOC N1,Monitoramento,NAO,NAO,Erro de Configuração,Reinício de serviço,2941.4995291913347
INC101691,2025-06-02 21:32:00,2025-06-03 00:03:54.344009490,2025-06-03 00:42:54.344009490,3 - Média,Infraestrutura,Sub A,lhco,CI-140,NOC N1,Monitoramento,SIM,NAO,Erro de Configuração,Patch aplicado,9114.34400949298
INC101692,2025-06-03 04:05:00,2025-06-03 04:22:25.159755474,2025-06-03 06:53:25.159755474,3 - Média,Aplicação,Sub B,lrev,CI-144,NOC N2,Manual,SIM,NAO,Falha de Rede,Ajuste de configuração,1045.1597554767259
INC101693,2025-06-03 04:38:00,2025-06-03 06:40:27.596551836,2025-06-03 08:09:27.596551836,3 - Média,Banco de Dados,Sub C,lsin,CI-184,Suporte N3,Monitoramento,SIM,NAO,Erro de Configuração,Ajuste de configuração,7347.596551838639
INC101694,2025-06-03 06:18:00,2025-06-03 07:51:44.192919222,2025-06-03 08:45:44.192919222,3 - Média,Rede,Sub C,lhco,CI-263,SRE,Manual,SIM,NAO,Falha de Aplicação,Reinício de serviço,5624.1929192226125
INC101695,2025-06-03 06:58:00,2025-06-03 07:52:44.694628902,2025-06-03 09:53:44.694628902,2 - Alta,Rede,Sub B,lhco,CI-205,Suporte N3,Monitoramento,SIM,NAO,Falha de Rede,Ajuste de configuração,3284.694628901813
INC101696,2025-06-03 08:14:00,2025-06-03 09:11:43.488304968,2025-06-03 10:48:43.488304968,2 - Alta,Aplicação,Sub B,lrev,CI-95,NOC N1,Monitoramento,SIM,NAO,Falha de Aplicação,Ajuste de configuração,3463.4883049689706
INC101697,2025-06-03 14:19:00,2025-06-03 14:55:52.455732648,2025-06-03 17:28:52.455732648,4 - Baixa,Banco de Dados,Sub C,lsin,CI-41,NOC N1,Monitoramento,NAO,NAO,Erro de Configuração,Reinício de serviço,2212.4557326497447
INC101698,2025-06-03 16:00:00,2025-06-03 16:24:21.240359808,2025-06-03 20:00:21.240359808,3 - Média,Infraestrutura,Sub A,lsin,CI-384,NOC N2,Monitoramento,SIM,NAO,Manutenção Programada,Patch aplicado,1461.2403598077137
INC101699,2025-06-03 17:20:00,2025-06-03 19:20:40.591181574,2025-06-03 21:13:40.591181574,4 - Baixa,Banco de Dados,Sub B,lrev,CI-135,NOC N2,Manual,NAO,NAO,Falha de Rede,Patch aplicado,7240.59118157683
INC101700,2025-06-03 18:26:00,2025-06-03 20:53:57.159088596,2025-06-03 22:35:57.159088596,4 - Baixa,Aplicação,Sub B,lhco,CI-107,SRE,Monitoramento,NAO,NAO,Falha de Aplicação,Ajuste de configuração,8877.159088595743
INC101701,2025-06-03 19:16:00,2025-06-03 21:10:34.169449494,2025-06-03 23:08:34.169449494,3 - Média,Infraestrutura,Sub C,lhco,CI-261,SRE,Monitoramento,SIM,NAO,Falha de Aplicação,Reinício de serviço,6874.169449492296
INC101702,2025-06-03 19:30:00,2025-06-03 20:35:43.197524298,2025-06-03 23:48:43.197524298,3 - Média,Rede,Sub C,lhco,CI-316,SRE,Manual,SIM,NAO,Falha de Rede,Ajuste de configuração,3943.197524298031
INC101703,2025-06-03 23:19:00,2025-06-03 23:45:09.773063676,2025-06-04 01:23:09.773063676,3 - Média,Aplicação,Sub B,lsin,CI-222,SRE,Monitoramento,SIM,NAO,Manutenção Programada,Patch aplicado,1569.7730636757492
INC101704,2025-06-04 03:20:00,2025-06-04 04:08:45.929434662,2025-06-04 06:16:45.929434662,4 - Baixa,Aplicação,Sub C,lhco,CI-311,Suporte N3,Monitoramento,NAO,NAO,Erro de Configuração,Ajuste de configuração,2925.9294346631086
INC101705,2025-06-04 03:23:00,2025-06-04 04:36:22.619840238,2025-06-04 07:37:22.619840238,3 - Média,Banco de Dados,Sub C,lhvp,CI-351,Suporte N3,Monitoramento,SIM,NAO,Falha de Rede,Patch aplicado,4402.619840237743
INC101706,2025-06-04 04:40:00,2025-06-04 08:58:27.468061842,2025-06-04 11:13:27.468061842,3 - Média,Banco de Dados,Sub A,lhco,CI-129,SRE,Monitoramento,SIM,NAO,Falha de Aplicação,Reinício de serviço,15507.468061843509
INC101707,2025-06-04 10:45:00,2025-06-04 10:49:56.485898646,2025-06-04 13:46:56.485898646,3 - Média,Banco de Dados,Sub C,lsin,CI-305,Suporte N3,Monitoramento,SIM,NAO,Falha de Aplicação,Reinício de serviço,296.4858986441978
INC101708,2025-06-04 11:38:00,2025-06-04 12:34:35.674429794,2025-06-04 15:14:35.674429794,3 - Média,Infraestrutura,Sub A,lsin,CI-221,NOC N1,Monitoramento,SIM,NAO,Falha de Rede,Reinício de serviço,3395.6744297968894
INC101709,2025-06-04 13:47:00,2025-06-04 15:31:50.930316120,2025-06-04 17:14:50.930316120,3 - Média,Aplicação,Sub C,lhco,CI-269,NOC N2,Manual,SIM,NAO,Falha de Rede,Ajuste de configuração,6290.930316121328
INC101710,2025-06-04 15:53:00,2025-06-04 17:36:42.481091568,2025-06-04 17:52:42.481091568,3 - Média,Banco de Dados,Sub B,lhco,CI-160,SRE,Monitoramento,SIM,NAO,Falha de Aplicação,Reinício de serviço,6222.48109157032
INC101711,2025-06-04 16:16:00,2025-06-04 18:23:07.000777860,2025-06-04 19:35:07.000777860,3 - Média,Banco de Dados,Sub C,lhco,CI-244,SRE,Monitoramento,SIM,NAO,Erro de Configuração,Reinício de serviço,7627.000777862301
INC101712,2025-06-04 18:55:00,2025-06-04 19:36:40.431025434,2025-06-04 20:20:40.431025434,2 - Alta,Rede,Sub A,lhco,CI-39,NOC N2,Monitoramento,SIM,NAO,Falha de Rede,Patch aplicado,2500.431025435843
INC101713,2025-06-04 21:03:00,2025-06-04 22:00:30.554339904,2025-06-04 23:04:30.554339904,3 - Média,Infraestrutura,Sub C,lhco,CI-394,NOC N1,Monitoramento,SIM,NAO,Falha de Aplicação,Reinício de serviço,3450.554339904282
INC101714,2025-06-04 22:58:00,2025-06-05 00:30:03.266543772,2025-06-05 03:21:03.266543772,4 - Baixa,Rede,Sub A,lsin,CI-294,SRE,Monitoramento,NAO,NAO,Falha de Rede,Ajuste de configuração,5523.266543773884
INC101715,2025-06-05 00:30:00,2025-06-05 02:03:34.501640136,2025-06-05 02:38:34.501640136,4 - Baixa,Banco de Dados,Sub C,lsin,CI-10,SRE,Monitoramento,NAO,NAO,Manutenção Programada,Patch aplicado,5614.50164013329
INC101716,2025-06-05 02:03:00,2025-06-05 03:48:12.685888170,2025-06-05 05:10:12.685888170,3 - Média,Rede,Sub B,lhco,CI-265,NOC N2,Monitoramento,SIM,NAO,Erro de Configuração,Ajuste de configuração,6312.685888172234
INC101717,2025-06-05 04:22:00,2025-06-05 05:46:37.992864768,2025-06-05 08:06:37.992864768,2 - Alta,Aplicação,Sub B,lhvp,CI-225,NOC N1,Manual,SIM,NAO,Manutenção Programada,Patch aplicado,5077.992864765476
INC101718,2025-06-05 04:44:00,2025-06-05 07:16:42.240569112,2025-06-05 09:39:42.240569112,4 - Baixa,Rede,Sub C,lsin,CI-217,NOC N2,Manual,NAO,NAO,Manutenção Programada,Patch aplicado,9162.24056911043
INC101719,2025-06-05 08:25:00,2025-06-05 09:17:11.362250604,2025-06-05 09:35:11.362250604,2 - Alta,Infraestrutura,Sub A,lsin,CI-96,NOC N1,Monitoramento,SIM,NAO,Manutenção Programada,Ajuste de configuração,3131.3622506067154
INC101720,2025-06-05 09:24:00,2025-06-05 10:21:53.781150684,2025-06-05 11:01:53.781150684,3 - Média,Infraestrutura,Sub C,lsin,CI-276,Suporte N3,Monitoramento,SIM,NAO,Falha de Aplicação,Reinício de serviço,3473.7811506854514
INC101721,2025-06-05 10:47:00,2025-06-05 14:29:52.502736600,2025-06-05 16:23:52.502736600,3 - Média,Infraestrutura,Sub B,lcem,CI-179,NOC N2,Monitoramento,SIM,NAO,Erro de Configuração,Patch aplicado,13372.50273660154
INC101722,2025-06-05 23:11:00,2025-06-06 00:32:52.775543514,2025-06-06 02:20:52.775543514,4 - Baixa,Banco de Dados,Sub B,lsin,CI-8,SRE,Monitoramento,NAO,NAO,Falha de Aplicação,Ajuste de configuração,4912.775543511327
INC101723,2025-06-06 00:00:00,2025-06-06 00:33:21.244994682,2025-06-06 00:42:21.244994682,4 - Baixa,Rede,Sub C,lsin,CI-260,SRE,Monitoramento,NAO,NAO,Erro de Configuração,Patch aplicado,2001.244994680484
INC101724,2025-06-06 01:35:00,2025-06-06 02:37:08.785463274,2025-06-06 06:25:08.785463274,4 - Baixa,Aplicação,Sub A,lsin,CI-100,NOC N2,Manual,NAO,NAO,Falha de Aplicação,Reinício de serviço,3728.785463276612
INC101725,2025-06-06 04:44:00,2025-06-06 08:46:42.988643856,2025-06-06 09:00:42.988643856,2 - Alta,Banco de Dados,Sub C,lrev,CI-188,SRE,Manual,SIM,NAO,Falha de Aplicação,Patch aplicado,14562.9886438575
INC101726,2025-06-06 09:38:00,2025-06-06 11:22:53.063375070,2025-06-06 13:52:53.063375070,3 - Média,Infraestrutura,Sub A,lhco,CI-392,Suporte N3,Monitoramento,SIM,NAO,Falha de Rede,Ajuste de configuração,6293.063375068343
INC101727,2025-06-06 12:23:00,2025-06-06 12:35:27.607446540,2025-06-06 12:40:27.607446540,3 - Média,Aplicação,Sub B,lrev,CI-38,NOC N2,Monitoramento,SIM,NAO,Erro de Configuração,Reinício de serviço,747.6074465392322
INC101728,2025-06-06 12:46:00,2025-06-06 15:05:28.656557490,2025-06-06 17:03:28.656557490,4 - Baixa,Aplicação,Sub C,lhvp,CI-358,SRE,Monitoramento,NAO,NAO,Falha de Aplicação,Ajuste de configuração,8368.656557491307
INC101729,2025-06-06 13:36:00,2025-06-06 17:02:48.786500352,2025-06-06 19:06:48.786500352,2 - Alta,Banco de Dados,Sub B,lhco,CI-139,Suporte N3,Monitoramento,SIM,NAO,Manutenção Programada,Ajuste de configuração,12408.786500349492
INC101730,2025-06-06 14:34:00,2025-06-06 15:40:41.651517102,2025-06-06 17:49:41.651517102,3 - Média,Banco de Dados,Sub B,lhco,CI-6,SRE,Monitoramento,SIM,NAO,Manutenção Programada,Ajuste de configuração,4001.651517104583
INC101731,2025-06-06 15:49:00,2025-06-06 16:45:15.919725545,2025-06-06 20:37:15.919725545,3 - Média,Infraestrutura,Sub B,lhco,CI-235,Suporte N3,Manual,SIM,NAO,Falha de Rede,Reinício de serviço,3375.919725544974
INC101732,2025-06-06 22:46:00,2025-06-07 01:31:14.404169796,2025-06-07 05:25:14.404169796,3 - Média,Infraestrutura,Sub A,lcem,CI-372,Suporte N3,Manual,SIM,NAO,Erro de Configuração,Ajuste de configuração,9914.404169796337
INC101733,2025-06-06 23:01:00,2025-06-07 01:10:47.283568548,2025-06-07 03:02:47.283568548,4 - Baixa,Aplicação,Sub C,lhco,CI-330,Suporte N3,Monitoramento,NAO,NAO,Erro de Configuração,Ajuste de configuração,7787.283568545824
INC101734,2025-06-07 00:27:00,2025-06-07 01:44:17.888750646,2025-06-07 04:01:17.888750646,2 - Alta,Infraestrutura,Sub C,lrev,CI-86,SRE,Monitoramento,SIM,NAO,Manutenção Programada,Reinício de serviço,4637.888750644995
INC101735,2025-06-07 01:10:00,2025-06-07 04:21:43.955295756,2025-06-07 07:07:43.955295756,4 - Baixa,Aplicação,Sub B,lsin,CI-57,NOC N2,Monitoramento,NAO,NAO,Falha de Aplicação,Patch aplicado,11503.95529575551
INC101736,2025-06-07 02:39:00,2025-06-07 04:04:50.853260466,2025-06-07 07:47:50.853260466,2 - Alta,Rede,Sub C,lhco,CI-272,Suporte N3,Monitoramento,SIM,NAO,Manutenção Programada,Patch aplicado,5150.8532604652855
INC101737,2025-06-07 05:59:00,2025-06-07 08:02:30.683362685,2025-06-07 09:42:30.683362685,2 - Alta,Infraestrutura,Sub B,lrev,CI-219,NOC N1,Monitoramento,SIM,NAO,Falha de Aplicação,Reinício de serviço,7410.683362687079
INC101738,2025-06-07 07:21:00,2025-06-07 08:43:01.091834700,2025-06-07 11:53:01.091834700,3 - Média,Aplicação,Sub A,lhco,CI-161,NOC N1,Monitoramento,SIM,NAO,Falha de Rede,Patch aplicado,4921.091834697193
INC101739,2025-06-07 14:45:00,2025-06-07 16:39:24.598503318,2025-06-07 16:49:24.598503318,4 - Baixa,Rede,Sub C,lsin,CI-339,NOC N2,Monitoramento,NAO,NAO,Manutenção Programada,Ajuste de configuração,6864.598503318554
INC101740,2025-06-07 15:02:00,2025-06-07 15:36:29.610012672,2025-06-07 17:38:29.610012672,3 - Média,Infraestrutura,Sub B,lhco,CI-293,NOC N2,Manual,SIM,NAO,Falha de Rede,Reinício de serviço,2069.6100126743504
INC101741,2025-06-07 18:14:00,2025-06-07 19:35:41.646756282,2025-06-07 21:28:41.646756282,2 - Alta,Rede,Sub A,lhvp,CI-143,NOC N2,Monitoramento,SIM,NAO,Manutenção Programada,Reinício de serviço,4901.646756282691
INC101742,2025-06-07 20:42:00,2025-06-07 20:44:13.366906278,2025-06-07 23:43:13.366906278,4 - Baixa,Rede,Sub C,lsin,CI-158,Suporte N3,Manual,NAO,NAO,Falha de Rede,Reinício de serviço,133.36690627748325
INC101743,2025-06-07 21:07:00,2025-06-07 23:25:17.666368374,2025-06-08 03:18:17.666368374,3 - Média,Aplicação,Sub A,lsin,CI-173,Suporte N3,Monitoramento,SIM,NAO,Falha de Rede,Ajuste de configuração,8297.666368371953
INC101744,2025-06-07 21:29:00,2025-06-07 22:07:39.977410086,2025-06-08 00:42:39.977410086,4 - Baixa,Infraestrutura,Sub B,lsin,CI-182,NOC N1,Monitoramento,NAO,NAO,Falha de Aplicação,Reinício de serviço,2319.977410086814
INC101745,2025-06-07 23:16:00,2025-06-08 00:08:44.619587394,2025-06-08 01:06:44.619587394,4 - Baixa,Rede,Sub B,lhvp,CI-336,NOC N1,Monitoramento,NAO,NAO,Falha de Aplicação,Ajuste de configuração,3164.6195873919883
INC101746,2025-06-08 01:06:00,2025-06-08 02:11:52.405111488,2025-06-08 04:36:52.405111488,4 - Baixa,Aplicação,Sub A,lsin,CI-305,SRE,Monitoramento,NAO,NAO,Falha de Rede,Reinício de serviço,3952.4051114904864
INC101747,2025-06-08 03:36:00,2025-06-08 03:57:31.106970816,2025-06-08 04:25:31.106970816,3 - Média,Banco de Dados,Sub A,lcem,CI-339,SRE,Monitoramento,SIM,NAO,Falha de Aplicação,Reinício de serviço,1291.1069708134746
INC101748,2025-06-08 10:34:00,2025-06-08 11:51:19.855979238,2025-06-08 11:58:19.855979238,3 - Média,Rede,Sub B,lsin,CI-188,SRE,Monitoramento,SIM,NAO,Falha de Aplicação,Patch aplicado,4639.855979236932
INC101749,2025-06-08 11:46:00,2025-06-08 14:03:44.663060586,2025-06-08 14:47:44.663060586,3 - Média,Infraestrutura,Sub B,lhvp,CI-67,Suporte N3,Monitoramento,SIM,NAO,Erro de Configuração,Patch aplicado,8264.663060588244
INC101750,2025-06-08 11:59:00,2025-06-08 14:57:10.125870834,2025-06-08 18:11:10.125870834,4 - Baixa,Rede,Sub A,lsin,CI-147,NOC N2,Monitoramento,NAO,NAO,Falha de Aplicação,Ajuste de configuração,10690.125870835745
INC101751,2025-06-08 15:06:00,2025-06-08 15:38:20.084603304,2025-06-08 17:08:20.084603304,3 - Média,Banco de Dados,Sub C,lhco,CI-12,NOC N2,Monitoramento,SIM,NAO,Falha de Aplicação,Reinício de serviço,1940.0846033047796
INC101752,2025-06-08 15:33:00,2025-06-08 17:20:48.231286434,2025-06-08 19:48:48.231286434,2 - Alta,Rede,Sub A,lsin,CI-45,NOC N1,Monitoramento,SIM,NAO,Falha de Aplicação,Reinício de serviço,6468.2312864337155
INC101753,2025-06-08 16:21:00,2025-06-08 19:26:52.539347454,2025-06-08 19:51:52.539347454,2 - Alta,Banco de Dados,Sub A,lsin,CI-360,SRE,Monitoramento,SIM,NAO,Falha de Aplicação,Patch aplicado,11152.539347452745
INC101754,2025-06-08 17:19:00,2025-06-08 18:26:53.742570564,2025-06-08 19:05:53.742570564,4 - Baixa,Rede,Sub C,lrev,CI-279,NOC N2,Monitoramento,NAO,NAO,Falha de Rede,Reinício de serviço,4073.742570563487
INC101755,2025-06-08 18:15:00,2025-06-08 19:34:39.725212332,2025-06-08 19:34:39.725212332,4 - Baixa,Rede,Sub A,lsin,CI-115,NOC N1,Monitoramento,NAO,NAO,Falha de Rede,Patch aplicado,4779.725212333167
INC101756,2025-06-08 21:03:00,2025-06-08 23:39:43.190691642,2025-06-09 01:00:43.190691642,4 - Baixa,Aplicação,Sub B,lsin,CI-266,SRE,Monitoramento,NAO,NAO,Falha de Rede,Patch aplicado,9403.190691639968
INC101757,2025-06-08 22:21:00,2025-06-09 00:02:31.891705836,2025-06-09 03:19:31.891705836,3 - Média,Rede,Sub B,lcem,CI-325,SRE,Monitoramento,SIM,NAO,Falha de Rede,Ajuste de configuração,6091.891705838872
INC101758,2025-06-09 04:03:00,2025-06-09 04:31:53.350500276,2025-06-09 06:48:53.350500276,3 - Média,Banco de Dados,Sub B,lhco,CI-248,Suporte N3,Monitoramento,SIM,NAO,Falha de Aplicação,Reinício de serviço,1733.3505002749903
INC101759,2025-06-09 07:54:00,2025-06-09 08:49:12.372262428,2025-06-09 09:16:12.372262428,4 - Baixa,Aplicação,Sub A,lsin,CI-164,NOC N1,Manual,NAO,NAO,Erro de Configuração,Ajuste de configuração,3312.372262430367
INC101760,2025-06-09 10:25:00,2025-06-09 10:55:35.408016252,2025-06-09 13:46:35.408016252,2 - Alta,Rede,Sub B,lhco,CI-138,NOC N2,Monitoramento,SIM,NAO,Manutenção Programada,Ajuste de configuração,1835.408016250143
INC101761,2025-06-09 11:55:00,2025-06-09 12:32:27.238010070,2025-06-09 13:56:27.238010070,2 - Alta,Banco de Dados,Sub A,lhvp,CI-162,NOC N1,Monitoramento,SIM,NAO,Manutenção Programada,Reinício de serviço,2247.23801007153
INC101762,2025-06-09 12:25:00,2025-06-09 12:38:28.078339134,2025-06-09 13:06:28.078339134,3 - Média,Rede,Sub B,lsin,CI-196,NOC N1,Monitoramento,SIM,NAO,Erro de Configuração,Reinício de serviço,808.0783391312377
INC101763,2025-06-09 17:00:00,2025-06-09 17:28:42.534592890,2025-06-09 20:02:42.534592890,3 - Média,Aplicação,Sub B,lhvp,CI-85,NOC N1,Monitoramento,SIM,NAO,Erro de Configuração,Patch aplicado,1722.5345928890308
INC101764,2025-06-09 21:00:00,2025-06-09 22:09:45.207470502,2025-06-10 01:34:45.207470502,3 - Média,Rede,Sub B,lcem,CI-297,NOC N1,Monitoramento,SIM,NAO,Manutenção Programada,Ajuste de configuração,4185.207470499506
INC101765,2025-06-09 23:09:00,2025-06-10 00:13:09.059852538,2025-06-10 02:40:09.059852538,2 - Alta,Banco de Dados,Sub A,lsin,CI-206,SRE,Monitoramento,SIM,NAO,Manutenção Programada,Reinício de serviço,3849.059852538412
INC101766,2025-06-10 01:36:00,2025-06-10 03:40:33.828269874,2025-06-10 04:35:33.828269874,3 - Média,Aplicação,Sub C,lhco,CI-346,NOC N1,Manual,SIM,NAO,Erro de Configuração,Patch aplicado,7473.828269873998
INC101767,2025-06-10 02:32:00,2025-06-10 04:10:24.356111214,2025-06-10 07:17:24.356111214,3 - Média,Banco de Dados,Sub A,lcem,CI-305,Suporte N3,Monitoramento,SIM,NAO,Erro de Configuração,Patch aplicado,5904.3561112162415
INC101768,2025-06-10 03:10:00,2025-06-10 03:35:25.677918186,2025-06-10 05:01:25.677918186,3 - Média,Rede,Sub A,lhco,CI-161,NOC N2,Monitoramento,SIM,NAO,Falha de Rede,Reinício de serviço,1525.6779181832565
INC101769,2025-06-10 13:17:00,2025-06-10 15:06:15.984013794,2025-06-10 18:26:15.984013794,3 - Média,Rede,Sub C,lhvp,CI-372,NOC N2,Monitoramento,SIM,NAO,Manutenção Programada,Reinício de serviço,6555.9840137923675
INC101770,2025-06-10 14:48:00,2025-06-10 16:31:26.688524754,2025-06-10 19:07:26.688524754,2 - Alta,Aplicação,Sub A,lhvp,CI-268,SRE,Monitoramento,SIM,NAO,Falha de Aplicação,Patch aplicado,6206.688524755562
INC101771,2025-06-10 14:50:00,2025-06-10 15:36:09.501870942,2025-06-10 18:53:09.501870942,4 - Baixa,Aplicação,Sub B,lcem,CI-85,NOC N1,Monitoramento,NAO,NAO,Falha de Aplicação,Ajuste de configuração,2769.5018709430838
INC101772,2025-06-10 17:12:00,2025-06-10 19:18:36.346429074,2025-06-10 20:56:36.346429074,3 - Média,Aplicação,Sub B,lsin,CI-228,NOC N1,Monitoramento,SIM,NAO,Falha de Aplicação,Reinício de serviço,7596.346429071888
INC101773,2025-06-10 18:27:00,2025-06-10 19:31:59.390016276,2025-06-10 20:21:59.390016276,2 - Alta,Rede,Sub C,lsin,CI-104,NOC N1,Monitoramento,SIM,NAO,Falha de Aplicação,Ajuste de configuração,3899.3900162767754
INC101774,2025-06-10 18:55:00,2025-06-10 18:59:32.586306270,2025-06-10 19:17:32.586306270,3 - Média,Infraestrutura,Sub C,lhco,CI-309,NOC N1,Monitoramento,SIM,NAO,Falha de Aplicação,Reinício de serviço,272.5863062723154
INC101775,2025-06-10 20:19:00,2025-06-10 23:44:09.607917426,2025-06-11 00:26:09.607917426,4 - Baixa,Banco de Dados,Sub A,lhco,CI-248,Suporte N3,Monitoramento,NAO,NAO,Manutenção Programada,Ajuste de configuração,12309.60791742592
INC101776,2025-06-10 20:27:00,2025-06-10 21:39:38.799896646,2025-06-10 22:20:38.799896646,4 - Baixa,Infraestrutura,Sub C,lsin,CI-101,NOC N2,Monitoramento,NAO,NAO,Erro de Configuração,Reinício de serviço,4358.799896647161
INC101777,2025-06-11 02:56:00,2025-06-11 05:54:11.053596864,2025-06-11 08:40:11.053596864,2 - Alta,Banco de Dados,Sub C,lhco,CI-203,NOC N2,Monitoramento,SIM,NAO,Falha de Rede,Ajuste de configuração,10691.053596865726
INC101778,2025-06-11 03:29:00,2025-06-11 04:57:39.546858396,2025-06-11 07:16:39.546858396,3 - Média,Rede,Sub A,lsin,CI-45,NOC N2,Monitoramento,SIM,NAO,Manutenção Programada,Ajuste de configuração,5319.546858395702
INC101779,2025-06-11 07:48:00,2025-06-11 09:17:15.348395514,2025-06-11 11:15:15.348395514,4 - Baixa,Banco de Dados,Sub C,lrev,CI-58,Suporte N3,Manual,NAO,NAO,Manutenção Programada,Patch aplicado,5355.348395512694
INC101780,2025-06-11 10:31:00,2025-06-11 11:38:07.105384338,2025-06-11 13:09:07.105384338,3 - Média,Infraestrutura,Sub A,lhco,CI-295,Suporte N3,Monitoramento,SIM,NAO,Falha de Rede,Ajuste de configuração,4027.1053843408977
INC101781,2025-06-11 12:07:00,2025-06-11 13:18:41.516911440,2025-06-11 16:52:41.516911440,2 - Alta,Aplicação,Sub A,lhvp,CI-142,SRE,Monitoramento,SIM,NAO,Manutenção Programada,Ajuste de configuração,4301.516911441481
INC101782,2025-06-11 15:18:00,2025-06-11 17:04:32.397790236,2025-06-11 18:41:32.397790236,3 - Média,Rede,Sub B,lsin,CI-89,Suporte N3,Manual,SIM,NAO,Falha de Rede,Ajuste de configuração,6392.397790233511
INC101783,2025-06-11 16:37:00,2025-06-11 18:16:11.469923040,2025-06-11 20:37:11.469923040,4 - Baixa,Rede,Sub A,lsin,CI-218,NOC N1,Monitoramento,NAO,NAO,Manutenção Programada,Patch aplicado,5951.4699230375645
INC101784,2025-06-11 16:42:00,2025-06-11 19:49:24.344026572,2025-06-11 23:31:24.344026572,3 - Média,Aplicação,Sub B,lhco,CI-243,SRE,Monitoramento,SIM,NAO,Falha de Rede,Patch aplicado,11244.344026571354
INC101785,2025-06-11 18:55:00,2025-06-11 19:49:41.971521216,2025-06-11 19:55:41.971521216,3 - Média,Aplicação,Sub A,lsin,CI-153,Suporte N3,Manual,SIM,NAO,Falha de Aplicação,Patch aplicado,3281.9715212171554
INC101786,2025-06-11 19:21:00,2025-06-11 20:07:33.754876374,2025-06-11 20:58:33.754876374,4 - Baixa,Banco de Dados,Sub C,lhvp,CI-332,NOC N2,Monitoramento,NAO,NAO,Erro de Configuração,Patch aplicado,2793.7548763763302
INC101787,2025-06-11 19:23:00,2025-06-11 20:08:16.379930771,2025-06-11 22:51:16.379930771,2 - Alta,Aplicação,Sub B,lsin,CI-333,SRE,Monitoramento,SIM,NAO,Manutenção Programada,Reinício de serviço,2716.3799307725703
INC101788,2025-06-11 22:41:00,2025-06-11 23:10:30.193485402,2025-06-12 00:00:30.193485402,3 - Média,Rede,Sub B,lhco,CI-207,NOC N1,Monitoramento,SIM,NAO,Falha de Aplicação,Reinício de serviço,1770.1934854026927
INC101789,2025-06-12 02:01:00,2025-06-12 02:45:37.512729660,2025-06-12 03:00:37.512729660,4 - Baixa,Infraestrutura,Sub B,lhvp,CI-179,SRE,Monitoramento,NAO,NAO,Erro de Configuração,Patch aplicado,2677.5127296622254
INC101790,2025-06-12 03:26:00,2025-06-12 03:46:38.916240186,2025-06-12 04:31:38.916240186,3 - Média,Banco de Dados,Sub C,lsin,CI-206,NOC N2,Monitoramento,SIM,NAO,Manutenção Programada,Reinício de serviço,1238.9162401866834
INC101791,2025-06-12 04:18:00,2025-06-12 06:42:15.478335288,2025-06-12 10:32:15.478335288,4 - Baixa,Aplicação,Sub C,lhvp,CI-362,NOC N2,Monitoramento,NAO,NAO,Erro de Configuração,Reinício de serviço,8655.478335285467
INC101792,2025-06-12 05:37:00,2025-06-12 07:10:51.790296204,2025-06-12 10:04:51.790296204,3 - Média,Rede,Sub B,lhvp,CI-285,NOC N1,Manual,SIM,NAO,Falha de Aplicação,Ajuste de configuração,5631.790296201216
INC101793,2025-06-12 08:06:00,2025-06-12 09:17:24.894632172,2025-06-12 13:00:24.894632172,2 - Alta,Rede,Sub C,lrev,CI-249,NOC N2,Monitoramento,SIM,NAO,Erro de Configuração,Reinício de serviço,4284.894632169476
INC101794,2025-06-12 08:19:00,2025-06-12 09:20:07.948466382,2025-06-12 12:58:07.948466382,4 - Baixa,Rede,Sub B,lsin,CI-132,NOC N2,Monitoramento,NAO,NAO,Erro de Configuração,Ajuste de configuração,3667.9484663831886
INC101795,2025-06-12 10:27:00,2025-06-12 11:35:13.791462192,2025-06-12 14:24:13.791462192,3 - Média,Infraestrutura,Sub B,lsin,CI-290,Suporte N3,Monitoramento,SIM,NAO,Falha de Rede,Patch aplicado,4093.791462191095
INC101796,2025-06-12 12:00:00,2025-06-12 13:19:36.314238462,2025-06-12 16:55:36.314238462,3 - Média,Aplicação,Sub A,lsin,CI-80,NOC N1,Monitoramento,SIM,NAO,Falha de Aplicação,Reinício de serviço,4776.314238460381
INC101797,2025-06-12 12:06:00,2025-06-12 13:13:47.264687202,2025-06-12 15:59:47.264687202,3 - Média,Rede,Sub B,lsin,CI-186,SRE,Monitoramento,SIM,NAO,Erro de Configuração,Ajuste de configuração,4067.264687203942
INC101798,2025-06-12 15:39:00,2025-06-12 16:21:13.195668828,2025-06-12 16:42:13.195668828,4 - Baixa,Banco de Dados,Sub B,lsin,CI-56,SRE,Monitoramento,NAO,NAO,Falha de Aplicação,Reinício de serviço,2533.195668829956
INC101799,2025-06-12 16:07:00,2025-06-12 17:30:09.933750774,2025-06-12 21:27:09.933750774,4 - Baixa,Aplicação,Sub C,lsin,CI-56,Suporte N3,Monitoramento,NAO,NAO,Falha de Rede,Ajuste de configuração,4989.933750776923
INC101800,2025-06-12 17:38:00,2025-06-12 19:59:03.959737308,2025-06-12 20:05:03.959737308,2 - Alta,Infraestrutura,Sub A,lcem,CI-161,NOC N1,Manual,SIM,NAO,Falha de Rede,Ajuste de configuração,8463.959737307376
INC101801,2025-06-12 23:35:00,2025-06-13 02:41:04.270507656,2025-06-13 04:18:04.270507656,3 - Média,Rede,Sub A,lhco,CI-74,Suporte N3,Manual,SIM,NAO,Manutenção Programada,Ajuste de configuração,11164.270507655841
INC101802,2025-06-13 00:42:00,2025-06-13 01:47:18.775813980,2025-06-13 01:49:18.775813980,3 - Média,Banco de Dados,Sub A,lrev,CI-160,NOC N1,Monitoramento,SIM,NAO,Manutenção Programada,Reinício de serviço,3918.7758139781313
INC101803,2025-06-13 01:54:00,2025-06-13 02:48:55.062111876,2025-06-13 03:20:55.062111876,3 - Média,Aplicação,Sub B,lsin,CI-232,NOC N1,Monitoramento,SIM,NAO,Erro de Configuração,Reinício de serviço,3295.062111874815
INC101804,2025-06-13 04:16:00,2025-06-13 06:59:17.033315880,2025-06-13 08:47:17.033315880,4 - Baixa,Banco de Dados,Sub C,lsin,CI-112,NOC N1,Manual,NAO,NAO,Erro de Configuração,Reinício de serviço,9797.03331588034
INC101805,2025-06-13 05:34:00,2025-06-13 06:36:04.294416347,2025-06-13 06:51:04.294416347,2 - Alta,Aplicação,Sub B,lhvp,CI-105,Suporte N3,Monitoramento,SIM,NAO,Falha de Rede,Ajuste de configuração,3724.2944163508814
INC101806,2025-06-13 05:55:00,2025-06-13 08:02:00.486829620,2025-06-13 11:51:00.486829620,2 - Alta,Infraestrutura,Sub A,lhvp,CI-242,SRE,Monitoramento,SIM,NAO,Falha de Aplicação,Ajuste de configuração,7620.486829621206
INC101807,2025-06-13 07:54:00,2025-06-13 08:28:36.565745862,2025-06-13 12:12:36.565745862,2 - Alta,Aplicação,Sub C,lhco,CI-338,NOC N2,Manual,SIM,NAO,Falha de Aplicação,Reinício de serviço,2076.5657458635096
INC101808,2025-06-13 08:31:00,2025-06-13 10:06:51.735715284,2025-06-13 10:34:51.735715284,4 - Baixa,Aplicação,Sub A,lhco,CI-242,NOC N1,Monitoramento,NAO,NAO,Falha de Aplicação,Reinício de serviço,5751.735715282328
INC101809,2025-06-13 12:54:00,2025-06-13 15:02:39.150224802,2025-06-13 16:58:39.150224802,4 - Baixa,Banco de Dados,Sub B,lsin,CI-300,NOC N1,Monitoramento,NAO,NAO,Falha de Aplicação,Patch aplicado,7719.150224799142
INC101810,2025-06-13 13:34:00,2025-06-13 16:02:08.554067328,2025-06-13 18:24:08.554067328,2 - Alta,Banco de Dados,Sub B,lhco,CI-76,NOC N2,Monitoramento,SIM,NAO,Manutenção Programada,Patch aplicado,8888.55406733022
INC101811,2025-06-13 14:04:00,2025-06-13 15:52:43.081229520,2025-06-13 17:58:43.081229520,3 - Média,Aplicação,Sub A,lsin,CI-110,SRE,Monitoramento,SIM,NAO,Erro de Configuração,Reinício de serviço,6523.081229517139
INC101812,2025-06-13 14:38:00,2025-06-13 15:15:59.848235052,2025-06-13 18:46:59.848235052,4 - Baixa,Infraestrutura,Sub C,lsin,CI-238,Suporte N3,Monitoramento,NAO,NAO,Falha de Rede,Reinício de serviço,2279.8482350513104
INC101813,2025-06-13 18:40:00,2025-06-13 18:47:00.744161736,2025-06-13 20:30:00.744161736,3 - Média,Rede,Sub C,lsin,CI-234,SRE,Monitoramento,SIM,NAO,Manutenção Programada,Ajuste de configuração,420.74416173733516
INC101814,2025-06-13 18:47:00,2025-06-13 20:59:07.935258017,2025-06-14 00:33:07.935258017,3 - Média,Rede,Sub A,lhco,CI-397,NOC N2,Monitoramento,SIM,NAO,Falha de Rede,Ajuste de configuração,7927.935258019985
INC101815,2025-06-13 21:42:00,2025-06-13 22:59:05.939354364,2025-06-14 01:12:05.939354364,3 - Média,Banco de Dados,Sub C,lhco,CI-7,SRE,Monitoramento,SIM,NAO,Manutenção Programada,Reinício de serviço,4625.939354364898
INC101816,2025-06-13 23:53:00,2025-06-14 01:06:44.443462386,2025-06-14 04:04:44.443462386,3 - Média,Infraestrutura,Sub A,lhvp,CI-239,SRE,Monitoramento,SIM,NAO,Manutenção Programada,Ajuste de configuração,4424.443462388528
INC101817,2025-06-14 00:46:00,2025-06-14 02:01:51.127157634,2025-06-14 04:14:51.127157634,2 - Alta,Banco de Dados,Sub B,lhco,CI-13,SRE,Monitoramento,SIM,NAO,Falha de Aplicação,Ajuste de configuração,4551.127157632275
INC101818,2025-06-14 01:03:00,2025-06-14 01:33:33.233924280,2025-06-14 02:25:33.233924280,4 - Baixa,Rede,Sub B,lhco,CI-4,NOC N2,Monitoramento,NAO,NAO,Manutenção Programada,Patch aplicado,1833.2339242821963
INC101819,2025-06-14 02:16:00,2025-06-14 03:56:02.434268790,2025-06-14 06:30:02.434268790,3 - Média,Banco de Dados,Sub A,lrev,CI-274,NOC N1,Monitoramento,SIM,SIM,Falha de Rede,Reinício de serviço,6002.434268790359
INC101820,2025-06-14 02:47:00,2025-06-14 03:52:18.549200196,2025-06-14 05:54:18.549200196,4 - Baixa,Aplicação,Sub B,lhvp,CI-369,SRE,Monitoramento,NAO,NAO,Falha de Aplicação,Ajuste de configuração,3918.5492001939856
INC101821,2025-06-14 03:26:00,2025-06-14 05:10:56.873640528,2025-06-14 05:24:56.873640528,2 - Alta,Banco de Dados,Sub C,lcem,CI-140,NOC N2,Monitoramento,SIM,NAO,Erro de Configuração,Reinício de serviço,6296.873640530655
INC101822,2025-06-14 03:54:00,2025-06-14 05:36:28.176109044,2025-06-14 07:28:28.176109044,3 - Média,Rede,Sub B,lhco,CI-284,NOC N2,Monitoramento,SIM,NAO,Erro de Configuração,Ajuste de configuração,6148.176109041382
INC101823,2025-06-14 04:38:00,2025-06-14 06:59:48.970859724,2025-06-14 09:22:48.970859724,4 - Baixa,Infraestrutura,Sub A,lhco,CI-160,NOC N1,Monitoramento,NAO,NAO,Erro de Configuração,Patch aplicado,8508.970859726054
INC101824,2025-06-14 06:08:00,2025-06-14 07:16:36.454581090,2025-06-14 10:33:36.454581090,3 - Média,Aplicação,Sub A,lcem,CI-2,SRE,Monitoramento,SIM,NAO,Falha de Rede,Ajuste de configuração,4116.454581088494
INC101825,2025-06-14 09:33:00,2025-06-14 10:04:42.444040776,2025-06-14 12:05:42.444040776,4 - Baixa,Infraestrutura,Sub C,lcem,CI-273,SRE,Monitoramento,NAO,NAO,Erro de Configuração,Patch aplicado,1902.4440407748225
INC101826,2025-06-14 10:56:00,2025-06-14 12:09:41.045797770,2025-06-14 14:01:41.045797770,2 - Alta,Banco de Dados,Sub B,lsin,CI-145,Suporte N3,Monitoramento,SIM,NAO,Falha de Aplicação,Patch aplicado,4421.045797771352
INC101827,2025-06-14 14:49:00,2025-06-14 15:29:31.267416480,2025-06-14 16:52:31.267416480,3 - Média,Rede,Sub C,lsin,CI-263,NOC N2,Manual,SIM,NAO,Falha de Rede,Reinício de serviço,2431.267416478946
INC101828,2025-06-14 17:09:00,2025-06-14 19:57:07.491820908,2025-06-14 20:59:07.491820908,4 - Baixa,Rede,Sub C,lhco,CI-327,NOC N2,Monitoramento,NAO,NAO,Erro de Configuração,Patch aplicado,10087.491820905692
INC101829,2025-06-14 19:32:00,2025-06-14 21:09:20.144526630,2025-06-14 21:35:20.144526630,2 - Alta,Banco de Dados,Sub B,lsin,CI-237,Suporte N3,Manual,SIM,NAO,Falha de Aplicação,Ajuste de configuração,5840.144526632283
INC101830,2025-06-14 20:03:00,2025-06-14 20:18:39.761922372,2025-06-14 22:35:39.761922372,4 - Baixa,Banco de Dados,Sub B,lsin,CI-121,NOC N1,Monitoramento,NAO,NAO,Falha de Rede,Patch aplicado,939.7619223728487
INC101831,2025-06-14 20:13:00,2025-06-14 22:31:15.767914541,2025-06-14 23:21:15.767914541,3 - Média,Infraestrutura,Sub B,lcem,CI-251,NOC N1,Monitoramento,SIM,NAO,Erro de Configuração,Ajuste de configuração,8295.767914543901
INC101832,2025-06-15 02:12:00,2025-06-15 02:50:45.439738302,2025-06-15 04:20:45.439738302,3 - Média,Rede,Sub B,lsin,CI-63,NOC N1,Monitoramento,SIM,NAO,Erro de Configuração,Patch aplicado,2325.439738303999
INC101833,2025-06-15 02:33:00,2025-06-15 04:04:42.492212706,2025-06-15 06:16:42.492212706,4 - Baixa,Infraestrutura,Sub B,lrev,CI-137,NOC N1,Monitoramento,NAO,NAO,Erro de Configuração,Patch aplicado,5502.492212703341
INC101834,2025-06-15 02:47:00,2025-06-15 03:43:03.872068943,2025-06-15 05:36:03.872068943,3 - Média,Rede,Sub B,lsin,CI-154,Suporte N3,Monitoramento,SIM,NAO,Falha de Rede,Reinício de serviço,3363.872068945247
INC101835,2025-06-15 03:49:00,2025-06-15 04:49:01.813553832,2025-06-15 07:09:01.813553832,3 - Média,Aplicação,Sub C,lrev,CI-315,NOC N2,Manual,SIM,NAO,Manutenção Programada,Patch aplicado,3601.813553833933
INC101836,2025-06-15 05:16:00,2025-06-15 06:28:46.721898888,2025-06-15 07:09:46.721898888,4 - Baixa,Rede,Sub C,lhco,CI-380,Suporte N3,Monitoramento,NAO,NAO,Falha de Rede,Ajuste de configuração,4366.721898887206
INC101837,2025-06-15 07:25:00,2025-06-15 08:32:26.375924478,2025-06-15 12:06:26.375924478,2 - Alta,Banco de Dados,Sub C,lsin,CI-394,SRE,Monitoramento,SIM,NAO,Manutenção Programada,Ajuste de configuração,4046.375924478278
INC101838,2025-06-15 21:09:00,2025-06-15 21:36:44.765528850,2025-06-15 22:04:44.765528850,2 - Alta,Infraestrutura,Sub C,lhco,CI-370,Suporte N3,Monitoramento,SIM,NAO,Manutenção Programada,Ajuste de configuração,1664.7655288516107
INC101839,2025-06-15 21:19:00,2025-06-15 21:38:44.141122140,2025-06-15 23:11:44.141122140,3 - Média,Banco de Dados,Sub B,lsin,CI-223,NOC N2,Monitoramento,SIM,NAO,Falha de Rede,Ajuste de configuração,1184.1411221423393
INC101840,2025-06-16 06:28:00,2025-06-16 07:35:31.290312096,2025-06-16 10:35:31.290312096,4 - Baixa,Rede,Sub C,lhco,CI-312,NOC N2,Monitoramento,NAO,NAO,Falha de Aplicação,Ajuste de configuração,4051.2903120977635
INC101841,2025-06-16 06:45:00,2025-06-16 08:43:03.901239402,2025-06-16 10:40:03.901239402,3 - Média,Infraestrutura,Sub C,lhvp,CI-277,NOC N1,Monitoramento,SIM,NAO,Erro de Configuração,Ajuste de configuração,7083.901239404789
INC101842,2025-06-16 06:50:00,2025-06-16 07:10:17.899323240,2025-06-16 08:02:17.899323240,4 - Baixa,Infraestrutura,Sub A,lsin,CI-44,Suporte N3,Monitoramento,NAO,NAO,Manutenção Programada,Patch aplicado,1217.8993232387545
INC101843,2025-06-16 06:59:00,2025-06-16 09:59:10.802983956,2025-06-16 10:39:10.802983956,4 - Baixa,Rede,Sub B,lhco,CI-243,Suporte N3,Monitoramento,NAO,NAO,Erro de Configuração,Ajuste de configuração,10810.802983954467
INC101844,2025-06-16 07:31:00,2025-06-16 08:30:16.447085220,2025-06-16 10:50:16.447085220,2 - Alta,Aplicação,Sub B,lcem,CI-320,NOC N1,Monitoramento,SIM,NAO,Falha de Aplicação,Patch aplicado,3556.447085221259
INC101845,2025-06-16 08:57:00,2025-06-16 11:25:54.718309434,2025-06-16 12:20:54.718309434,3 - Média,Infraestrutura,Sub B,lsin,CI-83,NOC N2,Monitoramento,SIM,NAO,Falha de Rede,Reinício de serviço,8934.718309433109
INC101846,2025-06-16 11:18:00,2025-06-16 12:27:31.079058438,2025-06-16 14:37:31.079058438,2 - Alta,Rede,Sub B,lrev,CI-398,NOC N2,Monitoramento,SIM,NAO,Manutenção Programada,Ajuste de configuração,4171.079058440839
INC101847,2025-06-16 11:50:00,2025-06-16 18:07:46.302003300,2025-06-16 21:59:46.302003300,3 - Média,Rede,Sub B,lhvp,CI-327,Suporte N3,Monitoramento,SIM,NAO,Manutenção Programada,Ajuste de configuração,22666.302003302102
INC101848,2025-06-16 13:14:00,2025-06-16 16:00:48.355914024,2025-06-16 18:22:48.355914024,2 - Alta,Infraestrutura,Sub A,lhco,CI-33,NOC N1,Monitoramento,SIM,NAO,Erro de Configuração,Reinício de serviço,10008.35591402623
INC101849,2025-06-16 14:47:00,2025-06-16 17:22:06.688109376,2025-06-16 20:53:06.688109376,3 - Média,Infraestrutura,Sub B,lcem,CI-334,NOC N1,Monitoramento,SIM,NAO,Manutenção Programada,Reinício de serviço,9306.68810937504
INC101850,2025-06-16 15:22:00,2025-06-16 17:34:41.627673966,2025-06-16 19:09:41.627673966,3 - Média,Aplicação,Sub C,lhco,CI-118,NOC N1,Monitoramento,SIM,NAO,Falha de Rede,Reinício de serviço,7961.627673966837
INC101851,2025-06-16 15:30:00,2025-06-16 15:46:45.829808400,2025-06-16 17:06:45.829808400,3 - Média,Rede,Sub B,lhco,CI-78,Suporte N3,Manual,SIM,NAO,Erro de Configuração,Ajuste de configuração,1005.8298084000194
INC101852,2025-06-16 16:14:00,2025-06-16 16:31:39.304689930,2025-06-16 18:45:39.304689930,3 - Média,Banco de Dados,Sub B,lhco,CI-366,Suporte N3,Monitoramento,SIM,NAO,Manutenção Programada,Patch aplicado,1059.3046899295541
INC101853,2025-06-16 17:22:00,2025-06-16 18:39:22.231870482,2025-06-16 18:52:22.231870482,2 - Alta,Banco de Dados,Sub B,lsin,CI-344,Suporte N3,Manual,SIM,NAO,Erro de Configuração,Patch aplicado,4642.231870480792
INC101854,2025-06-16 17:47:00,2025-06-16 19:47:12.399962382,2025-06-16 22:14:12.399962382,3 - Média,Infraestrutura,Sub A,lsin,CI-122,SRE,Monitoramento,SIM,NAO,Falha de Rede,Ajuste de configuração,7212.399962383213
INC101855,2025-06-16 18:11:00,2025-06-16 20:03:01.819051572,2025-06-16 21:37:01.819051572,4 - Baixa,Rede,Sub A,lsin,CI-177,NOC N1,Monitoramento,NAO,NAO,Falha de Rede,Patch aplicado,6721.819051569122
INC101856,2025-06-16 18:22:00,2025-06-16 19:08:42.100458000,2025-06-16 22:11:42.100458000,3 - Média,Banco de Dados,Sub A,lcem,CI-394,SRE,Monitoramento,SIM,NAO,Erro de Configuração,Reinício de serviço,2802.1004579998284
INC101857,2025-06-16 21:02:00,2025-06-16 22:03:23.568715164,2025-06-17 00:14:23.568715164,3 - Média,Rede,Sub A,lsin,CI-364,NOC N2,Monitoramento,SIM,NAO,Falha de Aplicação,Reinício de serviço,3683.568715162015
INC101858,2025-06-16 21:39:00,2025-06-16 22:51:34.547294586,2025-06-17 01:57:34.547294586,3 - Média,Infraestrutura,Sub B,lhco,CI-67,NOC N1,Monitoramento,SIM,NAO,Falha de Aplicação,Patch aplicado,4354.547294583883
INC101859,2025-06-16 21:42:00,2025-06-17 01:31:41.812107108,2025-06-17 02:54:41.812107108,4 - Baixa,Infraestrutura,Sub C,lsin,CI-224,SRE,Monitoramento,NAO,NAO,Falha de Rede,Patch aplicado,13781.812107105965
INC101860,2025-06-16 23:18:00,2025-06-17 01:00:14.677472376,2025-06-17 03:51:14.677472376,2 - Alta,Aplicação,Sub B,lhco,CI-174,NOC N1,Monitoramento,SIM,NAO,Manutenção Programada,Ajuste de configuração,6134.677472377635
INC101861,2025-06-17 01:05:00,2025-06-17 01:38:18.546583632,2025-06-17 02:39:18.546583632,3 - Média,Infraestrutura,Sub A,lrev,CI-335,SRE,Monitoramento,SIM,NAO,Manutenção Programada,Ajuste de configuração,1998.5465836301619
INC101862,2025-06-17 01:16:00,2025-06-17 01:58:05.142008574,2025-06-17 03:44:05.142008574,3 - Média,Banco de Dados,Sub C,lsin,CI-105,NOC N2,Monitoramento,SIM,NAO,Falha de Aplicação,Patch aplicado,2525.1420085719365
INC101863,2025-06-17 02:35:00,2025-06-17 03:14:48.430975806,2025-06-17 05:58:48.430975806,4 - Baixa,Aplicação,Sub C,lhvp,CI-173,SRE,Monitoramento,NAO,SIM,Falha de Rede,Reinício de serviço,2388.430975803164
INC101864,2025-06-17 03:16:00,2025-06-17 04:47:51.830129130,2025-06-17 07:27:51.830129130,3 - Média,Rede,Sub B,lsin,CI-162,NOC N2,Manual,SIM,NAO,Manutenção Programada,Reinício de serviço,5511.830129131026
INC101865,2025-06-17 04:43:00,2025-06-17 06:26:51.531497430,2025-06-17 08:02:51.531497430,4 - Baixa,Banco de Dados,Sub A,lsin,CI-162,SRE,Monitoramento,NAO,NAO,Erro de Configuração,Reinício de serviço,6231.531497432201
INC101866,2025-06-17 05:29:00,2025-06-17 07:09:33.229845978,2025-06-17 09:26:33.229845978,3 - Média,Banco de Dados,Sub B,lrev,CI-118,SRE,Monitoramento,SIM,NAO,Erro de Configuração,Patch aplicado,6033.22984598052
INC101867,2025-06-17 11:16:00,2025-06-17 11:52:43.308773634,2025-06-17 14:19:43.308773634,2 - Alta,Banco de Dados,Sub C,lhvp,CI-263,NOC N1,Monitoramento,SIM,NAO,Falha de Aplicação,Reinício de serviço,2203.3087736356315
INC101868,2025-06-17 11:35:00,2025-06-17 11:43:42.659722146,2025-06-17 14:44:42.659722146,2 - Alta,Banco de Dados,Sub B,lsin,CI-294,NOC N2,Monitoramento,SIM,NAO,Falha de Aplicação,Reinício de serviço,522.6597221461967
INC101869,2025-06-17 13:29:00,2025-06-17 15:05:46.475723754,2025-06-17 18:17:46.475723754,4 - Baixa,Banco de Dados,Sub B,lcem,CI-128,NOC N2,Monitoramento,NAO,NAO,Manutenção Programada,Patch aplicado,5806.475723752361
INC101870,2025-06-17 15:21:00,2025-06-17 16:33:14.063262270,2025-06-17 19:17:14.063262270,2 - Alta,Infraestrutura,Sub C,lhco,CI-68,Suporte N3,Monitoramento,SIM,NAO,Manutenção Programada,Patch aplicado,4334.0632622684825
INC101871,2025-06-17 17:37:00,2025-06-17 19:30:36.899884806,2025-06-17 23:17:36.899884806,3 - Média,Banco de Dados,Sub C,lcem,CI-329,NOC N2,Monitoramento,SIM,NAO,Erro de Configuração,Ajuste de configuração,6816.899884803593
INC101872,2025-06-17 18:40:00,2025-06-17 19:11:30.479749337,2025-06-17 19:33:30.479749337,3 - Média,Banco de Dados,Sub C,lsin,CI-329,NOC N2,Monitoramento,SIM,NAO,Erro de Configuração,Ajuste de configuração,1890.4797493363567
INC101873,2025-06-17 20:31:00,2025-06-17 22:41:50.901926370,2025-06-17 22:44:50.901926370,3 - Média,Banco de Dados,Sub B,lrev,CI-342,NOC N1,Monitoramento,SIM,NAO,Falha de Aplicação,Reinício de serviço,7850.901926369281
INC101874,2025-06-18 04:12:00,2025-06-18 06:51:16.289111934,2025-06-18 09:51:16.289111934,3 - Média,Infraestrutura,Sub B,lsin,CI-248,SRE,Monitoramento,SIM,NAO,Manutenção Programada,Reinício de serviço,9556.289111931741
INC101875,2025-06-18 12:12:00,2025-06-18 16:16:59.068698618,2025-06-18 20:09:59.068698618,3 - Média,Banco de Dados,Sub C,lrev,CI-217,Suporte N3,Monitoramento,SIM,NAO,Falha de Aplicação,Reinício de serviço,14699.068698616396
INC101876,2025-06-18 19:09:00,2025-06-18 20:57:20.439172410,2025-06-18 23:19:20.439172410,4 - Baixa,Aplicação,Sub B,lsin,CI-325,Suporte N3,Manual,NAO,NAO,Erro de Configuração,Ajuste de configuração,6500.439172408013
INC101877,2025-06-18 23:51:00,2025-06-19 00:25:57.183219588,2025-06-19 02:51:57.183219588,3 - Média,Infraestrutura,Sub A,lsin,CI-331,NOC N1,Monitoramento,SIM,NAO,Falha de Aplicação,Reinício de serviço,2097.183219585912
INC101878,2025-06-19 07:20:00,2025-06-19 08:27:36.101169954,2025-06-19 09:31:36.101169954,3 - Média,Rede,Sub C,lcem,CI-379,SRE,Monitoramento,SIM,NAO,Erro de Configuração,Reinício de serviço,4056.101169952644
INC101879,2025-06-19 07:49:00,2025-06-19 11:10:28.382690220,2025-06-19 13:41:28.382690220,3 - Média,Banco de Dados,Sub C,lhco,CI-353,SRE,Monitoramento,SIM,NAO,Falha de Rede,Patch aplicado,12088.382690217477
INC101880,2025-06-19 08:22:00,2025-06-19 10:05:28.452826830,2025-06-19 10:14:28.452826830,3 - Média,Aplicação,Sub B,lsin,CI-264,NOC N1,Monitoramento,SIM,NAO,Falha de Aplicação,Patch aplicado,6208.452826832817
INC101881,2025-06-19 09:41:00,2025-06-19 12:00:01.490276736,2025-06-19 13:32:01.490276736,3 - Média,Rede,Sub C,lsin,CI-354,SRE,Monitoramento,SIM,NAO,Falha de Aplicação,Ajuste de configuração,8341.490276736433
INC101882,2025-06-19 10:36:00,2025-06-19 11:12:38.345628612,2025-06-19 14:20:38.345628612,2 - Alta,Banco de Dados,Sub B,lhco,CI-368,Suporte N3,Monitoramento,SIM,NAO,Manutenção Programada,Reinício de serviço,2198.345628611137
INC101883,2025-06-19 11:03:00,2025-06-19 12:52:32.324396099,2025-06-19 13:38:32.324396099,3 - Média,Infraestrutura,Sub A,lhco,CI-307,SRE,Monitoramento,SIM,NAO,Erro de Configuração,Ajuste de configuração,6572.3243961004755
INC101884,2025-06-19 11:29:00,2025-06-19 13:16:10.467416154,2025-06-19 15:56:10.467416154,2 - Alta,Rede,Sub B,lcem,CI-173,Suporte N3,Monitoramento,SIM,NAO,Falha de Rede,Patch aplicado,6430.467416154631
INC101885,2025-06-19 12:13:00,2025-06-19 13:28:16.270669626,2025-06-19 14:37:16.270669626,3 - Média,Rede,Sub A,lsin,CI-298,NOC N1,Monitoramento,SIM,NAO,Falha de Rede,Patch aplicado,4516.270669625884
INC101886,2025-06-19 13:47:00,2025-06-19 15:41:11.052591612,2025-06-19 19:39:11.052591612,4 - Baixa,Aplicação,Sub C,lhco,CI-182,SRE,Monitoramento,NAO,NAO,Falha de Aplicação,Reinício de serviço,6851.052591609079
INC101887,2025-06-19 13:50:00,2025-06-19 14:33:21.417670266,2025-06-19 18:27:21.417670266,2 - Alta,Rede,Sub A,lrev,CI-206,SRE,Monitoramento,SIM,NAO,Erro de Configuração,Reinício de serviço,2601.417670268697
INC101888,2025-06-19 21:10:00,2025-06-19 23:59:30.257275452,2025-06-20 02:15:30.257275452,3 - Média,Banco de Dados,Sub B,lrev,CI-206,NOC N1,Monitoramento,SIM,NAO,Erro de Configuração,Ajuste de configuração,10170.257275450052
INC101889,2025-06-20 01:49:00,2025-06-20 04:15:34.919777094,2025-06-20 06:34:34.919777094,4 - Baixa,Infraestrutura,Sub A,lhco,CI-357,SRE,Monitoramento,NAO,NAO,Falha de Aplicação,Patch aplicado,8794.91977709229
INC101890,2025-06-20 04:49:00,2025-06-20 09:39:20.973532146,2025-06-20 11:45:20.973532146,2 - Alta,Rede,Sub C,lsin,CI-78,NOC N1,Monitoramento,SIM,NAO,Erro de Configuração,Reinício de serviço,17420.973532146632
INC101891,2025-06-20 11:03:00,2025-06-20 12:32:53.539402230,2025-06-20 16:28:53.539402230,2 - Alta,Aplicação,Sub C,lcem,CI-7,SRE,Manual,SIM,NAO,Manutenção Programada,Ajuste de configuração,5393.53940223023
INC101892,2025-06-20 13:49:00,2025-06-20 17:50:17.856856836,2025-06-20 18:27:17.856856836,4 - Baixa,Rede,Sub C,lcem,CI-214,Suporte N3,Monitoramento,NAO,NAO,Erro de Configuração,Ajuste de configuração,14477.856856835595
INC101893,2025-06-20 16:43:00,2025-06-20 17:48:32.654384406,2025-06-20 19:27:32.654384406,4 - Baixa,Aplicação,Sub B,lhvp,CI-166,NOC N2,Monitoramento,NAO,NAO,Erro de Configuração,Patch aplicado,3932.654384408394
INC101894,2025-06-20 17:26:00,2025-06-20 17:51:58.108587900,2025-06-20 20:49:58.108587900,3 - Média,Aplicação,Sub A,lsin,CI-295,Suporte N3,Monitoramento,SIM,NAO,Falha de Aplicação,Patch aplicado,1558.1085879005448
INC101895,2025-06-20 21:53:00,2025-06-20 22:40:19.251727446,2025-06-21 00:56:19.251727446,4 - Baixa,Banco de Dados,Sub C,lhco,CI-305,NOC N2,Monitoramento,NAO,NAO,Erro de Configuração,Ajuste de configuração,2839.2517274438164
INC101896,2025-06-21 05:01:00,2025-06-21 06:22:32.674183014,2025-06-21 08:07:32.674183014,3 - Média,Banco de Dados,Sub C,lhco,CI-14,NOC N2,Monitoramento,SIM,NAO,Falha de Aplicação,Ajuste de configuração,4892.674183013414
INC101897,2025-06-21 05:10:00,2025-06-21 07:51:11.188857990,2025-06-21 10:18:11.188857990,4 - Baixa,Aplicação,Sub B,lhvp,CI-187,NOC N1,Monitoramento,NAO,NAO,Falha de Aplicação,Patch aplicado,9671.188857988316
INC101898,2025-06-21 06:09:00,2025-06-21 07:46:59.204587962,2025-06-21 09:15:59.204587962,3 - Média,Rede,Sub B,lhvp,CI-268,SRE,Monitoramento,SIM,NAO,Falha de Rede,Patch aplicado,5879.204587962824
INC101899,2025-06-21 12:59:00,2025-06-21 14:49:40.572727566,2025-06-21 17:02:40.572727566,3 - Média,Aplicação,Sub C,lcem,CI-276,NOC N2,Monitoramento,SIM,NAO,Falha de Rede,Reinício de serviço,6640.57272756591
INC101900,2025-06-21 16:46:00,2025-06-21 16:56:06.617012916,2025-06-21 19:20:06.617012916,2 - Alta,Infraestrutura,Sub B,lhvp,CI-362,Suporte N3,Manual,SIM,NAO,Falha de Rede,Reinício de serviço,606.6170129161148
INC101901,2025-06-21 20:11:00,2025-06-21 23:32:47.600295252,2025-06-22 01:50:47.600295252,3 - Média,Rede,Sub A,lhco,CI-132,NOC N1,Monitoramento,SIM,NAO,Manutenção Programada,Reinício de serviço,12107.60029525451
INC101902,2025-06-21 22:19:00,2025-06-21 23:19:13.822165596,2025-06-22 02:23:13.822165596,4 - Baixa,Banco de Dados,Sub A,lcem,CI-232,Suporte N3,Manual,NAO,NAO,Erro de Configuração,Ajuste de configuração,3613.8221655975963
INC101903,2025-06-21 23:05:00,2025-06-22 00:13:29.981652168,2025-06-22 03:59:29.981652168,4 - Baixa,Rede,Sub B,lsin,CI-370,SRE,Monitoramento,NAO,NAO,Falha de Aplicação,Ajuste de configuração,4109.981652165365
INC101904,2025-06-22 00:06:00,2025-06-22 02:09:25.562398242,2025-06-22 02:50:25.562398242,3 - Média,Banco de Dados,Sub A,lsin,CI-7,NOC N2,Monitoramento,SIM,NAO,Manutenção Programada,Ajuste de configuração,7405.562398239783
INC101905,2025-06-22 04:11:00,2025-06-22 04:37:07.167395562,2025-06-22 07:10:07.167395562,2 - Alta,Infraestrutura,Sub B,lcem,CI-370,NOC N1,Monitoramento,SIM,NAO,Erro de Configuração,Ajuste de configuração,1567.1673955620272
INC101906,2025-06-22 07:51:00,2025-06-22 08:14:57.261670206,2025-06-22 11:09:57.261670206,2 - Alta,Rede,Sub C,lhco,CI-360,NOC N1,Monitoramento,SIM,NAO,Erro de Configuração,Ajuste de configuração,1437.2616702056998
INC101907,2025-06-22 10:01:00,2025-06-22 10:23:33.726339480,2025-06-22 11:55:33.726339480,2 - Alta,Infraestrutura,Sub A,lhco,CI-390,SRE,Monitoramento,SIM,NAO,Falha de Aplicação,Patch aplicado,1353.726339480783
INC101908,2025-06-22 13:23:00,2025-06-22 14:47:05.886876018,2025-06-22 17:06:05.886876018,4 - Baixa,Infraestrutura,Sub A,lcem,CI-135,Suporte N3,Monitoramento,NAO,NAO,Falha de Rede,Reinício de serviço,5045.88687601945
INC101909,2025-06-22 16:32:00,2025-06-22 16:59:14.316101814,2025-06-22 18:06:14.316101814,4 - Baixa,Rede,Sub C,lsin,CI-335,Suporte N3,Monitoramento,NAO,NAO,Falha de Rede,Ajuste de configuração,1634.3161018113178
INC101910,2025-06-22 20:40:00,2025-06-22 21:21:14.028084504,2025-06-23 00:21:14.028084504,4 - Baixa,Infraestrutura,Sub B,lhvp,CI-372,Suporte N3,Monitoramento,NAO,NAO,Falha de Aplicação,Patch aplicado,2474.028084504107
INC101911,2025-06-22 21:26:00,2025-06-23 00:09:35.809722588,2025-06-23 03:01:35.809722588,2 - Alta,Infraestrutura,Sub C,lsin,CI-37,Suporte N3,Monitoramento,SIM,NAO,Erro de Configuração,Ajuste de configuração,9815.809722590313
INC101912,2025-06-22 22:58:00,2025-06-23 04:18:50.025671748,2025-06-23 05:45:50.025671748,3 - Média,Rede,Sub B,lsin,CI-151,NOC N1,Manual,SIM,NAO,Erro de Configuração,Reinício de serviço,19250.02567174744
INC101913,2025-06-23 00:31:00,2025-06-23 01:04:51.886091988,2025-06-23 01:41:51.886091988,3 - Média,Aplicação,Sub B,lsin,CI-14,NOC N2,Monitoramento,SIM,NAO,Manutenção Programada,Ajuste de configuração,2031.8860919855072
INC101914,2025-06-23 03:35:00,2025-06-23 07:11:05.859666828,2025-06-23 08:24:05.859666828,2 - Alta,Banco de Dados,Sub A,lsin,CI-210,SRE,Monitoramento,SIM,NAO,Falha de Rede,Patch aplicado,12965.85966682759
INC101915,2025-06-23 04:08:00,2025-06-23 05:37:47.289888384,2025-06-23 05:44:47.289888384,3 - Média,Aplicação,Sub B,lhco,CI-75,SRE,Manual,SIM,NAO,Falha de Rede,Reinício de serviço,5387.289888382865
INC101916,2025-06-23 06:16:00,2025-06-23 07:40:51.291854370,2025-06-23 11:08:51.291854370,3 - Média,Rede,Sub C,lhco,CI-186,SRE,Monitoramento,SIM,NAO,Erro de Configuração,Patch aplicado,5091.291854370906
INC101917,2025-06-23 08:03:00,2025-06-23 10:11:09.953862942,2025-06-23 12:38:09.953862942,2 - Alta,Aplicação,Sub C,lhco,CI-255,Suporte N3,Manual,SIM,NAO,Erro de Configuração,Ajuste de configuração,7689.953862939336
INC101918,2025-06-23 10:04:00,2025-06-23 12:19:43.984874202,2025-06-23 14:45:43.984874202,4 - Baixa,Rede,Sub B,lhco,CI-192,Suporte N3,Monitoramento,NAO,NAO,Erro de Configuração,Ajuste de configuração,8143.984874200481
INC101919,2025-06-23 12:09:00,2025-06-23 13:39:39.335273190,2025-06-23 16:00:39.335273190,4 - Baixa,Aplicação,Sub B,lhvp,CI-142,Suporte N3,Monitoramento,NAO,NAO,Manutenção Programada,Reinício de serviço,5439.335273191759
INC101920,2025-06-23 13:08:00,2025-06-23 15:05:53.319666684,2025-06-23 17:07:53.319666684,4 - Baixa,Infraestrutura,Sub C,lsin,CI-211,Suporte N3,Monitoramento,NAO,NAO,Falha de Rede,Ajuste de configuração,7073.31966668682
INC101921,2025-06-23 14:25:00,2025-06-23 16:00:33.857377656,2025-06-23 17:37:33.857377656,2 - Alta,Banco de Dados,Sub A,lsin,CI-383,SRE,Monitoramento,SIM,NAO,Erro de Configuração,Ajuste de configuração,5733.857377656603
INC101922,2025-06-23 15:09:00,2025-06-23 15:52:52.853243220,2025-06-23 19:46:52.853243220,4 - Baixa,Banco de Dados,Sub C,lcem,CI-39,NOC N2,Monitoramento,NAO,NAO,Falha de Rede,Reinício de serviço,2632.853243221757
INC101923,2025-06-23 23:36:00,2025-06-24 00:52:54.846377964,2025-06-24 02:53:54.846377964,3 - Média,Rede,Sub B,lsin,CI-1,NOC N2,Monitoramento,SIM,NAO,Falha de Aplicação,Reinício de serviço,4614.846377964474
INC101924,2025-06-24 00:15:00,2025-06-24 01:23:53.637442134,2025-06-24 03:37:53.637442134,2 - Alta,Aplicação,Sub C,lsin,CI-26,SRE,Monitoramento,SIM,NAO,Falha de Rede,Patch aplicado,4133.637442133298
INC101925,2025-06-24 01:30:00,2025-06-24 03:10:17.949101502,2025-06-24 05:24:17.949101502,4 - Baixa,Aplicação,Sub B,lhvp,CI-127,NOC N1,Monitoramento,NAO,NAO,Falha de Rede,Reinício de serviço,6017.949101503747
INC101926,2025-06-24 03:33:00,2025-06-24 03:46:01.484499474,2025-06-24 06:03:01.484499474,3 - Média,Infraestrutura,Sub C,lsin,CI-242,Suporte N3,Monitoramento,SIM,NAO,Falha de Aplicação,Reinício de serviço,781.4844994722283
INC101927,2025-06-24 04:56:00,2025-06-24 07:31:23.668604058,2025-06-24 08:44:23.668604058,2 - Alta,Rede,Sub C,lsin,CI-156,SRE,Manual,SIM,NAO,Falha de Aplicação,Patch aplicado,9323.668604057419
INC101928,2025-06-24 04:57:00,2025-06-24 09:17:45.499367664,2025-06-24 10:06:45.499367664,3 - Média,Aplicação,Sub A,lhco,CI-153,SRE,Monitoramento,SIM,NAO,Falha de Rede,Patch aplicado,15645.49936766643
INC101929,2025-06-24 05:30:00,2025-06-24 08:16:58.409577858,2025-06-24 10:28:58.409577858,3 - Média,Infraestrutura,Sub A,lrev,CI-232,NOC N2,Monitoramento,SIM,NAO,Falha de Aplicação,Ajuste de configuração,10018.409577860028
INC101930,2025-06-24 07:23:00,2025-06-24 08:37:24.831725814,2025-06-24 11:19:24.831725814,4 - Baixa,Infraestrutura,Sub A,lhvp,CI-149,SRE,Monitoramento,NAO,NAO,Manutenção Programada,Reinício de serviço,4464.831725812102
INC101931,2025-06-24 07:24:00,2025-06-24 10:31:57.226875312,2025-06-24 11:45:57.226875312,4 - Baixa,Banco de Dados,Sub B,lsin,CI-320,Suporte N3,Monitoramento,NAO,NAO,Manutenção Programada,Reinício de serviço,11277.226875312119
INC101932,2025-06-24 08:37:00,2025-06-24 10:07:20.817658158,2025-06-24 10:24:20.817658158,4 - Baixa,Aplicação,Sub C,lsin,CI-233,NOC N2,Manual,NAO,NAO,Manutenção Programada,Reinício de serviço,5420.817658158587
INC101933,2025-06-24 11:28:00,2025-06-24 12:13:29.181885588,2025-06-24 16:06:29.181885588,3 - Média,Infraestrutura,Sub A,lsin,CI-84,Suporte N3,Monitoramento,SIM,NAO,Falha de Aplicação,Patch aplicado,2729.1818855855777
INC101934,2025-06-24 11:29:00,2025-06-24 12:47:03.773555022,2025-06-24 12:47:03.773555022,4 - Baixa,Banco de Dados,Sub B,lrev,CI-23,SRE,Monitoramento,NAO,NAO,Manutenção Programada,Reinício de serviço,4683.773555022063
INC101935,2025-06-24 13:16:00,2025-06-24 13:31:53.007840264,2025-06-24 17:24:53.007840264,2 - Alta,Rede,Sub B,lhco,CI-232,NOC N1,Monitoramento,SIM,NAO,Erro de Configuração,Reinício de serviço,953.007840261617
INC101936,2025-06-24 19:15:00,2025-06-24 20:37:32.199142169,2025-06-24 23:05:32.199142169,3 - Média,Banco de Dados,Sub A,lsin,CI-364,SRE,Monitoramento,SIM,NAO,Manutenção Programada,Reinício de serviço,4952.199142169175
INC101937,2025-06-24 20:52:00,2025-06-24 22:32:22.214165496,2025-06-25 01:41:22.214165496,4 - Baixa,Rede,Sub B,lsin,CI-393,NOC N2,Monitoramento,NAO,NAO,Falha de Rede,Reinício de serviço,6022.214165497368
INC101938,2025-06-24 23:43:00,2025-06-25 02:23:37.123005672,2025-06-25 02:36:37.123005672,3 - Média,Banco de Dados,Sub B,lsin,CI-63,NOC N1,Manual,SIM,NAO,Falha de Aplicação,Ajuste de configuração,9637.123005672525
INC101939,2025-06-25 00:30:00,2025-06-25 01:10:56.148789330,2025-06-25 03:43:56.148789330,2 - Alta,Rede,Sub C,lsin,CI-169,Suporte N3,Monitoramento,SIM,NAO,Erro de Configuração,Patch aplicado,2456.148789331368
INC101940,2025-06-25 03:28:00,2025-06-25 04:18:52.589549484,2025-06-25 07:02:52.589549484,3 - Média,Infraestrutura,Sub A,lhco,CI-80,NOC N1,Monitoramento,SIM,NAO,Falha de Aplicação,Reinício de serviço,3052.589549485146
INC101941,2025-06-25 04:48:00,2025-06-25 05:33:48.853977420,2025-06-25 09:23:48.853977420,3 - Média,Aplicação,Sub B,lcem,CI-86,Suporte N3,Monitoramento,SIM,NAO,Falha de Aplicação,Reinício de serviço,2748.8539774190176
INC101942,2025-06-25 12:30:00,2025-06-25 12:44:35.094279036,2025-06-25 16:24:35.094279036,2 - Alta,Banco de Dados,Sub C,lhco,CI-194,NOC N1,Monitoramento,SIM,NAO,Falha de Aplicação,Patch aplicado,875.0942790343929
INC101943,2025-06-25 13:23:00,2025-06-25 13:45:31.157250030,2025-06-25 17:29:31.157250030,4 - Baixa,Rede,Sub C,lcem,CI-138,NOC N2,Monitoramento,NAO,NAO,Falha de Rede,Ajuste de configuração,1351.157250028476
INC101944,2025-06-25 18:58:00,2025-06-25 20:22:32.982171372,2025-06-25 22:03:32.982171372,2 - Alta,Aplicação,Sub C,lsin,CI-9,NOC N1,Monitoramento,SIM,NAO,Manutenção Programada,Reinício de serviço,5072.982171373414
INC101945,2025-06-25 20:55:00,2025-06-25 21:50:31.169054741,2025-06-25 21:56:31.169054741,2 - Alta,Aplicação,Sub C,lrev,CI-45,SRE,Monitoramento,SIM,NAO,Falha de Rede,Reinício de serviço,3331.169054743854
INC101946,2025-06-25 23:36:00,2025-06-26 03:20:15.734790720,2025-06-26 04:00:15.734790720,3 - Média,Banco de Dados,Sub B,lrev,CI-8,NOC N1,Monitoramento,SIM,NAO,Falha de Rede,Patch aplicado,13455.734790720237
INC101947,2025-06-26 00:44:00,2025-06-26 02:33:15.405715716,2025-06-26 05:15:15.405715716,2 - Alta,Banco de Dados,Sub C,lhco,CI-175,NOC N2,Monitoramento,SIM,NAO,Manutenção Programada,Patch aplicado,6555.405715713411
INC101948,2025-06-26 01:07:00,2025-06-26 01:44:32.307952902,2025-06-26 01:49:32.307952902,3 - Média,Aplicação,Sub A,lsin,CI-70,NOC N2,Monitoramento,SIM,NAO,Manutenção Programada,Reinício de serviço,2252.307952901106
INC101949,2025-06-26 08:07:00,2025-06-26 10:24:40.992315072,2025-06-26 12:13:40.992315072,2 - Alta,Banco de Dados,Sub B,lrev,CI-92,NOC N2,Monitoramento,SIM,NAO,Erro de Configuração,Patch aplicado,8260.992315071353
INC101950,2025-06-26 11:06:00,2025-06-26 12:27:09.849399162,2025-06-26 13:53:09.849399162,3 - Média,Aplicação,Sub B,lhvp,CI-237,SRE,Monitoramento,SIM,NAO,Falha de Aplicação,Reinício de serviço,4869.849399159672
INC101951,2025-06-26 11:26:00,2025-06-26 12:16:37.624634460,2025-06-26 15:49:37.624634460,4 - Baixa,Infraestrutura,Sub B,lsin,CI-345,SRE,Monitoramento,NAO,NAO,Falha de Rede,Ajuste de configuração,3037.6246344622464
INC101952,2025-06-26 12:10:00,2025-06-26 13:00:50.682147642,2025-06-26 15:11:50.682147642,4 - Baixa,Banco de Dados,Sub B,lcem,CI-97,NOC N2,Monitoramento,NAO,NAO,Falha de Rede,Reinício de serviço,3050.6821476448044
INC101953,2025-06-26 12:17:00,2025-06-26 15:11:28.392917184,2025-06-26 15:34:28.392917184,3 - Média,Infraestrutura,Sub C,lhvp,CI-38,NOC N1,Monitoramento,SIM,NAO,Falha de Aplicação,Patch aplicado,10468.392917181645
INC101954,2025-06-26 17:35:00,2025-06-26 18:02:27.777201894,2025-06-26 18:19:27.777201894,2 - Alta,Banco de Dados,Sub A,lhco,CI-256,NOC N2,Monitoramento,SIM,NAO,Erro de Configuração,Ajuste de configuração,1647.7772018938556
INC101955,2025-06-26 17:51:00,2025-06-26 18:10:20.856634980,2025-06-26 22:08:20.856634980,2 - Alta,Infraestrutura,Sub C,lhco,CI-266,NOC N2,Monitoramento,SIM,NAO,Manutenção Programada,Ajuste de configuração,1160.8566349821115
INC101956,2025-06-27 03:46:00,2025-06-27 04:31:34.855951632,2025-06-27 08:24:34.855951632,4 - Baixa,Rede,Sub B,lrev,CI-205,SRE,Monitoramento,NAO,NAO,Falha de Rede,Patch aplicado,2734.8559516336936
INC101957,2025-06-27 04:17:00,2025-06-27 06:06:04.847109798,2025-06-27 09:41:04.847109798,4 - Baixa,Aplicação,Sub B,lrev,CI-130,SRE,Monitoramento,NAO,NAO,Falha de Aplicação,Ajuste de configuração,6544.847109796949
INC101958,2025-06-27 08:23:00,2025-06-27 09:25:27.074161848,2025-06-27 11:48:27.074161848,4 - Baixa,Rede,Sub C,lhvp,CI-123,NOC N2,Manual,NAO,NAO,Erro de Configuração,Ajuste de configuração,3747.074161850599
INC101959,2025-06-27 09:08:00,2025-06-27 10:11:49.948775232,2025-06-27 11:55:49.948775232,3 - Média,Banco de Dados,Sub C,lsin,CI-234,SRE,Monitoramento,SIM,NAO,Falha de Rede,Ajuste de configuração,3829.948775233214
INC101960,2025-06-27 11:21:00,2025-06-27 12:29:58.214197404,2025-06-27 14:48:58.214197404,2 - Alta,Rede,Sub C,lsin,CI-318,SRE,Monitoramento,SIM,NAO,Falha de Aplicação,Reinício de serviço,4138.214197404238
INC101961,2025-06-27 12:33:00,2025-06-27 13:41:41.965898730,2025-06-27 14:42:41.965898730,3 - Média,Rede,Sub A,lsin,CI-66,SRE,Monitoramento,SIM,NAO,Falha de Rede,Patch aplicado,4121.965898730866
INC101962,2025-06-27 13:30:00,2025-06-27 13:47:11.858519694,2025-06-27 14:12:11.858519694,2 - Alta,Aplicação,Sub C,lsin,CI-142,NOC N1,Monitoramento,SIM,NAO,Erro de Configuração,Patch aplicado,1031.8585196918661
INC101963,2025-06-27 14:00:00,2025-06-27 15:01:30.429947790,2025-06-27 17:04:30.429947790,3 - Média,Banco de Dados,Sub C,lhvp,CI-133,SRE,Monitoramento,SIM,NAO,Falha de Rede,Patch aplicado,3690.4299477905465
INC101964,2025-06-27 21:09:00,2025-06-27 22:27:03.916350156,2025-06-28 01:46:03.916350156,3 - Média,Infraestrutura,Sub B,lhco,CI-69,NOC N2,Manual,SIM,NAO,Falha de Rede,Ajuste de configuração,4683.916350157776
INC101965,2025-06-27 21:49:00,2025-06-28 01:11:45.919707936,2025-06-28 01:56:45.919707936,3 - Média,Infraestrutura,Sub A,lcem,CI-343,Suporte N3,Monitoramento,SIM,NAO,Erro de Configuração,Reinício de serviço,12165.919707935773
INC101966,2025-06-27 22:50:00,2025-06-27 23:36:11.088117738,2025-06-28 01:11:11.088117738,3 - Média,Infraestrutura,Sub A,lhco,CI-65,Suporte N3,Monitoramento,SIM,NAO,Falha de Rede,Ajuste de configuração,2771.0881177365504
INC101967,2025-06-28 01:01:00,2025-06-28 01:58:42.225762048,2025-06-28 03:18:42.225762048,3 - Média,Infraestrutura,Sub A,lhco,CI-325,SRE,Monitoramento,SIM,NAO,Erro de Configuração,Patch aplicado,3462.2257620493538
INC101968,2025-06-28 02:29:00,2025-06-28 02:33:14.562456990,2025-06-28 05:33:14.562456990,3 - Média,Aplicação,Sub C,lsin,CI-33,Suporte N3,Monitoramento,SIM,NAO,Falha de Aplicação,Ajuste de configuração,254.56245699229208
INC101969,2025-06-28 02:45:00,2025-06-28 04:27:51.801806538,2025-06-28 04:27:51.801806538,2 - Alta,Aplicação,Sub B,lrev,CI-215,SRE,Monitoramento,SIM,NAO,Falha de Aplicação,Ajuste de configuração,6171.801806539592
INC101970,2025-06-28 02:54:00,2025-06-28 03:30:30.412672254,2025-06-28 04:21:30.412672254,4 - Baixa,Aplicação,Sub C,lhvp,CI-58,NOC N2,Monitoramento,NAO,NAO,Falha de Rede,Reinício de serviço,2190.4126722564924
INC101971,2025-06-28 05:27:00,2025-06-28 06:53:39.493007982,2025-06-28 09:20:39.493007982,4 - Baixa,Aplicação,Sub B,lcem,CI-395,SRE,Monitoramento,NAO,NAO,Erro de Configuração,Ajuste de configuração,5199.49300798216
INC101972,2025-06-28 08:21:00,2025-06-28 08:55:47.787974712,2025-06-28 12:04:47.787974712,4 - Baixa,Aplicação,Sub C,lhco,CI-116,SRE,Monitoramento,NAO,NAO,Falha de Aplicação,Patch aplicado,2087.7879747122065
INC101973,2025-06-28 09:24:00,2025-06-28 13:33:11.984897532,2025-06-28 17:05:11.984897532,3 - Média,Rede,Sub A,lcem,CI-218,Suporte N3,Monitoramento,SIM,NAO,Manutenção Programada,Ajuste de configuração,14951.984897532737
INC101974,2025-06-28 12:07:00,2025-06-28 15:55:52.150671798,2025-06-28 18:10:52.150671798,4 - Baixa,Aplicação,Sub A,lsin,CI-206,SRE,Monitoramento,NAO,NAO,Falha de Aplicação,Patch aplicado,13732.150671796466
INC101975,2025-06-28 12:45:00,2025-06-28 13:33:49.404766692,2025-06-28 17:08:49.404766692,2 - Alta,Aplicação,Sub C,lrev,CI-99,SRE,Monitoramento,SIM,NAO,Erro de Configuração,Reinício de serviço,2929.404766691535
INC101976,2025-06-28 14:08:00,2025-06-28 17:18:20.278120770,2025-06-28 18:39:20.278120770,3 - Média,Banco de Dados,Sub B,lsin,CI-362,NOC N1,Manual,SIM,NAO,Erro de Configuração,Reinício de serviço,11420.278120767663
INC101977,2025-06-28 14:23:00,2025-06-28 15:25:09.323791122,2025-06-28 16:09:09.323791122,2 - Alta,Aplicação,Sub A,lsin,CI-213,NOC N1,Monitoramento,SIM,NAO,Manutenção Programada,Patch aplicado,3729.3237911203737
INC101978,2025-06-28 14:46:00,2025-06-28 15:42:32.690346755,2025-06-28 18:38:32.690346755,2 - Alta,Banco de Dados,Sub A,lhco,CI-187,SRE,Monitoramento,SIM,NAO,Erro de Configuração,Ajuste de configuração,3392.690346757765
INC101979,2025-06-28 16:52:00,2025-06-28 17:28:21.802776708,2025-06-28 18:38:21.802776708,3 - Média,Infraestrutura,Sub C,lcem,CI-333,NOC N1,Monitoramento,SIM,NAO,Erro de Configuração,Reinício de serviço,2181.8027767100557
INC101980,2025-06-28 18:40:00,2025-06-28 19:59:39.991173684,2025-06-28 21:06:39.991173684,3 - Média,Banco de Dados,Sub A,lhco,CI-145,NOC N1,Monitoramento,SIM,NAO,Manutenção Programada,Ajuste de configuração,4779.991173684759
INC101981,2025-06-28 23:19:00,2025-06-29 00:49:18.913926906,2025-06-29 02:35:18.913926906,3 - Média,Rede,Sub A,lrev,CI-66,SRE,Manual,SIM,NAO,Falha de Rede,Ajuste de configuração,5418.913926908492
INC101982,2025-06-29 08:13:00,2025-06-29 10:16:36.336209184,2025-06-29 11:27:36.336209184,4 - Baixa,Rede,Sub B,lsin,CI-212,SRE,Monitoramento,NAO,NAO,Erro de Configuração,Ajuste de configuração,7416.336209182644
INC101983,2025-06-29 08:17:00,2025-06-29 08:45:56.909999118,2025-06-29 09:25:56.909999118,4 - Baixa,Rede,Sub C,lhvp,CI-249,NOC N1,Monitoramento,NAO,NAO,Falha de Aplicação,Ajuste de configuração,1736.9099991209046
INC101984,2025-06-29 08:24:00,2025-06-29 09:08:46.175128200,2025-06-29 11:37:46.175128200,3 - Média,Infraestrutura,Sub A,lsin,CI-393,SRE,Monitoramento,SIM,NAO,Falha de Rede,Ajuste de configuração,2686.175128197235
INC101985,2025-06-29 09:17:00,2025-06-29 11:34:27.076629006,2025-06-29 13:53:27.076629006,4 - Baixa,Rede,Sub C,lsin,CI-20,NOC N1,Monitoramento,NAO,NAO,Manutenção Programada,Ajuste de configuração,8247.076629007928
INC101986,2025-06-29 13:26:00,2025-06-29 14:04:33.133709652,2025-06-29 14:24:33.133709652,3 - Média,Aplicação,Sub C,lhco,CI-73,NOC N2,Monitoramento,SIM,NAO,Falha de Rede,Reinício de serviço,2313.1337096504785
INC101987,2025-06-29 14:52:00,2025-06-29 17:02:37.548012744,2025-06-29 19:10:37.548012744,3 - Média,Aplicação,Sub C,lhco,CI-206,NOC N1,Monitoramento,SIM,NAO,Erro de Configuração,Reinício de serviço,7837.548012744788
INC101988,2025-06-29 15:37:00,2025-06-29 15:51:03.777101411,2025-06-29 16:29:03.777101411,3 - Média,Banco de Dados,Sub B,lcem,CI-99,NOC N1,Monitoramento,SIM,NAO,Erro de Configuração,Ajuste de configuração,843.7771014116813
INC101989,2025-06-29 16:34:00,2025-06-29 18:01:27.516774612,2025-06-29 18:16:27.516774612,4 - Baixa,Infraestrutura,Sub C,lhco,CI-221,NOC N2,Monitoramento,NAO,NAO,Manutenção Programada,Reinício de serviço,5247.516774613323
INC101990,2025-06-29 19:59:00,2025-06-29 21:05:51.777946698,2025-06-29 23:36:51.777946698,4 - Baixa,Aplicação,Sub C,lhco,CI-358,NOC N2,Monitoramento,NAO,NAO,Falha de Rede,Reinício de serviço,4011.7779466967104
INC101991,2025-06-29 21:10:00,2025-06-29 21:37:55.068049650,2025-06-30 00:29:55.068049650,3 - Média,Rede,Sub B,lsin,CI-35,NOC N2,Manual,SIM,NAO,Falha de Aplicação,Reinício de serviço,1675.0680496502237
INC101992,2025-06-29 23:02:00,2025-06-30 00:22:15.852749567,2025-06-30 03:41:15.852749567,2 - Alta,Rede,Sub A,lsin,CI-97,NOC N2,Monitoramento,SIM,NAO,Falha de Rede,Ajuste de configuração,4815.8527495666485
INC101993,2025-06-29 23:56:00,2025-06-30 01:50:40.399455258,2025-06-30 05:44:40.399455258,2 - Alta,Aplicação,Sub A,lsin,CI-110,Suporte N3,Monitoramento,SIM,NAO,Erro de Configuração,Patch aplicado,6880.39945525579
INC101994,2025-06-30 00:46:00,2025-06-30 03:34:12.277473930,2025-06-30 07:30:12.277473930,4 - Baixa,Banco de Dados,Sub A,lrev,CI-237,NOC N1,Monitoramento,NAO,NAO,Falha de Aplicação,Reinício de serviço,10092.277473930946
INC101995,2025-06-30 02:51:00,2025-06-30 04:58:17.973576102,2025-06-30 08:42:17.973576102,2 - Alta,Infraestrutura,Sub C,lcem,CI-67,Suporte N3,Monitoramento,SIM,NAO,Falha de Aplicação,Ajuste de configuração,7637.973576103609
INC101996,2025-06-30 03:07:00,2025-06-30 03:30:51.207879396,2025-06-30 04:33:51.207879396,4 - Baixa,Infraestrutura,Sub A,lsin,CI-185,NOC N1,Monitoramento,NAO,NAO,Erro de Configuração,Ajuste de configuração,1431.2078793979476
INC101997,2025-06-30 03:34:00,2025-06-30 04:09:18.876386166,2025-06-30 04:45:18.876386166,2 - Alta,Infraestrutura,Sub C,lcem,CI-357,NOC N2,Monitoramento,SIM,NAO,Erro de Configuração,Patch aplicado,2118.8763861637867
INC101998,2025-06-30 05:20:00,2025-06-30 06:13:09.475844934,2025-06-30 09:40:09.475844934,3 - Média,Banco de Dados,Sub A,lhvp,CI-55,NOC N1,Monitoramento,SIM,NAO,Erro de Configuração,Ajuste de configuração,3189.4758449313167
INC101999,2025-06-30 05:40:00,2025-06-30 06:13:09.953126460,2025-06-30 08:25:09.953126460,4 - Baixa,Rede,Sub C,lsin,CI-309,SRE,Monitoramento,NAO,NAO,Falha de Aplicação,Ajuste de configuração,1989.9531264584264
INC102000,2025-06-30 06:55:00,2025-06-30 07:45:47.513226924,2025-06-30 09:23:47.513226924,3 - Média,Rede,Sub C,lrev,CI-98,NOC N1,Monitoramento,SIM,NAO,Falha de Aplicação,Ajuste de configuração,3047.513226925965
INC102001,2025-06-30 10:21:00,2025-06-30 12:58:53.471408322,2025-06-30 15:30:53.471408322,3 - Média,Aplicação,Sub A,lhvp,CI-302,NOC N2,Monitoramento,SIM,NAO,Falha de Rede,Reinício de serviço,9473.471408322224
INC102002,2025-06-30 10:28:00,2025-06-30 11:13:40.761976170,2025-06-30 14:08:40.761976170,2 - Alta,Banco de Dados,Sub B,lsin,CI-50,NOC N1,Monitoramento,SIM,NAO,Erro de Configuração,Ajuste de configuração,2740.7619761728824
INC102003,2025-06-30 17:00:00,2025-06-30 17:37:29.148740010,2025-06-30 19:03:29.148740010,2 - Alta,Infraestrutura,Sub B,lsin,CI-110,Suporte N3,Manual,SIM,NAO,Manutenção Programada,Ajuste de configuração,2249.148740008178
INC102004,2025-06-30 19:03:00,2025-06-30 19:21:22.655141688,2025-06-30 21:46:22.655141688,4 - Baixa,Aplicação,Sub B,lcem,CI-184,NOC N1,Monitoramento,NAO,NAO,Falha de Rede,Ajuste de configuração,1102.6551416883144
INC102005,2025-07-01 00:10:00,2025-07-01 01:02:08.372033124,2025-07-01 01:07:08.372033124,3 - Média,Rede,Sub B,lsin,CI-144,NOC N1,Monitoramento,SIM,NAO,Falha de Rede,Ajuste de configuração,3128.372033122623
INC102006,2025-07-01 01:40:00,2025-07-01 04:46:05.335287240,2025-07-01 05:25:05.335287240,3 - Média,Banco de Dados,Sub B,lhco,CI-186,NOC N2,Monitoramento,SIM,NAO,Manutenção Programada,Ajuste de configuração,11165.335287237027
INC102007,2025-07-01 02:57:00,2025-07-01 03:44:56.079545484,2025-07-01 06:33:56.079545484,3 - Média,Banco de Dados,Sub A,lhvp,CI-118,NOC N2,Manual,SIM,NAO,Erro de Configuração,Patch aplicado,2876.079545483455
INC102008,2025-07-01 03:23:00,2025-07-01 04:18:09.680884524,2025-07-01 05:21:09.680884524,3 - Média,Infraestrutura,Sub B,lrev,CI-142,Suporte N3,Monitoramento,SIM,NAO,Falha de Aplicação,Patch aplicado,3309.6808845258265
INC102009,2025-07-01 07:15:00,2025-07-01 09:23:38.679438402,2025-07-01 12:06:38.679438402,4 - Baixa,Rede,Sub A,lsin,CI-253,NOC N1,Monitoramento,NAO,NAO,Falha de Aplicação,Ajuste de configuração,7718.679438400855
INC102010,2025-07-01 07:52:00,2025-07-01 08:27:51.464349414,2025-07-01 10:10:51.464349414,2 - Alta,Infraestrutura,Sub A,lsin,CI-253,Suporte N3,Monitoramento,SIM,NAO,Erro de Configuração,Patch aplicado,2151.4643494168267
INC102011,2025-07-01 07:53:00,2025-07-01 09:14:04.731378744,2025-07-01 11:50:04.731378744,4 - Baixa,Rede,Sub A,lhco,CI-395,NOC N1,Manual,NAO,NAO,Falha de Rede,Patch aplicado,4864.731378745953
INC102012,2025-07-01 09:15:00,2025-07-01 09:40:59.505525996,2025-07-01 12:24:59.505525996,3 - Média,Aplicação,Sub C,lhco,CI-105,NOC N1,Manual,SIM,NAO,Falha de Rede,Patch aplicado,1559.5055259953342
INC102013,2025-07-01 09:35:00,2025-07-01 11:03:57.726148656,2025-07-01 13:27:57.726148656,2 - Alta,Banco de Dados,Sub C,lsin,CI-322,Suporte N3,Monitoramento,SIM,NAO,Manutenção Programada,Ajuste de configuração,5337.726148656797
INC102014,2025-07-01 13:40:00,2025-07-01 17:03:18.112443330,2025-07-01 17:09:18.112443330,2 - Alta,Rede,Sub C,lsin,CI-7,Suporte N3,Monitoramento,SIM,NAO,Falha de Rede,Ajuste de configuração,12198.112443331052
INC102015,2025-07-01 14:31:00,2025-07-01 16:42:36.008765832,2025-07-01 17:04:36.008765832,3 - Média,Banco de Dados,Sub C,lhco,CI-306,SRE,Manual,SIM,NAO,Falha de Rede,Reinício de serviço,7896.008765833538
INC102016,2025-07-01 18:05:00,2025-07-01 19:25:58.079502936,2025-07-01 19:36:58.079502936,4 - Baixa,Infraestrutura,Sub A,lsin,CI-1,NOC N2,Manual,NAO,NAO,Falha de Rede,Reinício de serviço,4858.079502934089
INC102017,2025-07-01 18:44:00,2025-07-01 20:28:50.823484932,2025-07-01 22:34:50.823484932,3 - Média,Banco de Dados,Sub B,lcem,CI-104,NOC N2,Monitoramento,SIM,NAO,Falha de Rede,Reinício de serviço,6290.823484933316
INC102018,2025-07-01 19:49:00,2025-07-01 20:50:52.418634054,2025-07-01 22:04:52.418634054,3 - Média,Aplicação,Sub C,lrev,CI-13,NOC N1,Monitoramento,SIM,NAO,Falha de Rede,Patch aplicado,3712.418634051769
INC102019,2025-07-01 21:59:00,2025-07-01 23:42:25.588467858,2025-07-01 23:42:25.588467858,3 - Média,Banco de Dados,Sub A,lrev,CI-225,Suporte N3,Monitoramento,SIM,NAO,Erro de Configuração,Patch aplicado,6205.588467855937
INC102020,2025-07-01 22:01:00,2025-07-02 00:26:11.445127998,2025-07-02 01:56:11.445127998,4 - Baixa,Aplicação,Sub C,lsin,CI-208,NOC N1,Monitoramento,NAO,NAO,Erro de Configuração,Patch aplicado,8711.445128000123
INC102021,2025-07-01 22:24:00,2025-07-02 00:10:48.133282290,2025-07-02 03:47:48.133282290,4 - Baixa,Aplicação,Sub A,lsin,CI-172,SRE,Monitoramento,NAO,NAO,Falha de Aplicação,Reinício de serviço,6408.133282288804
INC102022,2025-07-02 00:24:00,2025-07-02 01:23:42.594830610,2025-07-02 04:45:42.594830610,3 - Média,Aplicação,Sub A,lcem,CI-75,NOC N2,Monitoramento,SIM,NAO,Erro de Configuração,Ajuste de configuração,3582.5948306100445
INC102023,2025-07-02 03:03:00,2025-07-02 04:12:11.220149406,2025-07-02 05:17:11.220149406,3 - Média,Banco de Dados,Sub C,lsin,CI-296,Suporte N3,Monitoramento,SIM,NAO,Falha de Rede,Ajuste de configuração,4151.220149405637
INC102024,2025-07-02 05:38:00,2025-07-02 06:47:08.413494174,2025-07-02 07:26:08.413494174,4 - Baixa,Infraestrutura,Sub B,lrev,CI-77,NOC N1,Monitoramento,NAO,NAO,Erro de Configuração,Patch aplicado,4148.413494173922
INC102025,2025-07-02 08:31:00,2025-07-02 09:29:01.345550940,2025-07-02 12:49:01.345550940,3 - Média,Infraestrutura,Sub A,lhco,CI-122,NOC N2,Monitoramento,SIM,NAO,Falha de Rede,Patch aplicado,3481.3455509413034
INC102026,2025-07-02 11:46:00,2025-07-02 12:54:21.180268026,2025-07-02 14:12:21.180268026,3 - Média,Aplicação,Sub C,lhvp,CI-101,NOC N2,Monitoramento,SIM,NAO,Falha de Aplicação,Reinício de serviço,4101.180268026521
INC102027,2025-07-02 11:49:00,2025-07-02 12:06:03.121531620,2025-07-02 15:21:03.121531620,3 - Média,Aplicação,Sub C,lhco,CI-211,NOC N1,Manual,SIM,NAO,Falha de Rede,Reinício de serviço,1023.1215316177229
INC102028,2025-07-02 14:05:00,2025-07-02 14:19:42.662040228,2025-07-02 16:44:42.662040228,2 - Alta,Rede,Sub A,lcem,CI-268,SRE,Monitoramento,SIM,NAO,Manutenção Programada,Patch aplicado,882.662040227315
INC102029,2025-07-02 17:53:00,2025-07-02 18:38:29.863498902,2025-07-02 20:09:29.863498902,2 - Alta,Aplicação,Sub B,lsin,CI-228,SRE,Monitoramento,SIM,NAO,Manutenção Programada,Reinício de serviço,2729.863498903591
INC102030,2025-07-02 19:21:00,2025-07-02 21:23:23.692908816,2025-07-02 22:29:23.692908816,4 - Baixa,Infraestrutura,Sub B,lrev,CI-179,SRE,Monitoramento,NAO,NAO,Falha de Rede,Patch aplicado,7343.692908814111
INC102031,2025-07-03 01:26:00,2025-07-03 02:53:28.456495128,2025-07-03 06:42:28.456495128,3 - Média,Aplicação,Sub A,lsin,CI-115,Suporte N3,Monitoramento,SIM,NAO,Falha de Rede,Patch aplicado,5248.456495129654
INC102032,2025-07-03 08:11:00,2025-07-03 08:16:31.595349114,2025-07-03 09:38:31.595349114,2 - Alta,Banco de Dados,Sub A,lsin,CI-269,Suporte N3,Monitoramento,SIM,NAO,Falha de Rede,Reinício de serviço,331.59534911512134
INC102033,2025-07-03 09:32:00,2025-07-03 10:54:28.400997330,2025-07-03 11:21:28.400997330,4 - Baixa,Rede,Sub C,lhco,CI-236,SRE,Manual,NAO,NAO,Falha de Aplicação,Ajuste de configuração,4948.400997330995
INC102034,2025-07-03 09:56:00,2025-07-03 11:06:11.885875524,2025-07-03 13:21:11.885875524,2 - Alta,Infraestrutura,Sub C,lsin,CI-119,SRE,Monitoramento,SIM,NAO,Falha de Rede,Ajuste de configuração,4211.885875523599
INC102035,2025-07-03 11:52:00,2025-07-03 12:20:54.692882700,2025-07-03 12:58:54.692882700,3 - Média,Banco de Dados,Sub B,lcem,CI-161,NOC N2,Monitoramento,SIM,NAO,Falha de Rede,Patch aplicado,1734.692882698403
INC102036,2025-07-03 12:54:00,2025-07-03 13:06:07.090601370,2025-07-03 15:21:07.090601370,2 - Alta,Banco de Dados,Sub A,lhco,CI-56,NOC N1,Monitoramento,SIM,NAO,Falha de Aplicação,Patch aplicado,727.09060136707
INC102037,2025-07-03 14:22:00,2025-07-03 15:49:19.151019510,2025-07-03 19:09:19.151019510,2 - Alta,Rede,Sub B,lrev,CI-4,NOC N1,Manual,SIM,NAO,Erro de Configuração,Reinício de serviço,5239.151019508688
INC102038,2025-07-03 14:25:00,2025-07-03 16:37:08.246761650,2025-07-03 19:56:08.246761650,2 - Alta,Aplicação,Sub C,lsin,CI-138,SRE,Monitoramento,SIM,NAO,Falha de Rede,Ajuste de configuração,7928.246761650742
INC102039,2025-07-03 19:26:00,2025-07-03 20:07:30.474455442,2025-07-03 20:51:30.474455442,4 - Baixa,Rede,Sub A,lhvp,CI-349,Suporte N3,Monitoramento,NAO,NAO,Falha de Aplicação,Patch aplicado,2490.474455439303
INC102040,2025-07-03 19:29:00,2025-07-03 22:56:27.559659228,2025-07-04 02:39:27.559659228,2 - Alta,Rede,Sub B,lsin,CI-322,SRE,Monitoramento,SIM,NAO,Manutenção Programada,Reinício de serviço,12447.559659229257
INC102041,2025-07-03 19:53:00,2025-07-03 21:30:32.780120544,2025-07-04 01:06:32.780120544,4 - Baixa,Banco de Dados,Sub C,lsin,CI-340,NOC N1,Monitoramento,NAO,NAO,Erro de Configuração,Patch aplicado,5852.78012054297
INC102042,2025-07-03 21:13:00,2025-07-03 22:08:44.553549522,2025-07-04 00:52:44.553549522,4 - Baixa,Rede,Sub A,lrev,CI-131,Suporte N3,Monitoramento,NAO,NAO,Erro de Configuração,Reinício de serviço,3344.553549523273
INC102043,2025-07-03 23:37:00,2025-07-04 02:12:30.963477312,2025-07-04 04:53:30.963477312,3 - Média,Banco de Dados,Sub A,lcem,CI-62,SRE,Monitoramento,SIM,NAO,Erro de Configuração,Reinício de serviço,9330.963477311443
INC102044,2025-07-04 00:44:00,2025-07-04 01:30:41.443842930,2025-07-04 01:33:41.443842930,3 - Média,Banco de Dados,Sub C,lhvp,CI-221,Suporte N3,Monitoramento,SIM,NAO,Erro de Configuração,Patch aplicado,2801.4438429299353
INC102045,2025-07-04 04:22:00,2025-07-04 05:28:29.871928344,2025-07-04 06:02:29.871928344,3 - Média,Rede,Sub C,lcem,CI-285,NOC N2,Monitoramento,SIM,NAO,Falha de Rede,Reinício de serviço,3989.871928346163
INC102046,2025-07-04 06:30:00,2025-07-04 06:47:30.842906076,2025-07-04 08:25:30.842906076,4 - Baixa,Infraestrutura,Sub C,lsin,CI-82,Suporte N3,Manual,NAO,NAO,Erro de Configuração,Ajuste de configuração,1050.8429060746616
INC102047,2025-07-04 07:30:00,2025-07-04 08:22:25.799724360,2025-07-04 12:13:25.799724360,2 - Alta,Infraestrutura,Sub A,lsin,CI-258,NOC N2,Monitoramento,SIM,NAO,Falha de Rede,Ajuste de configuração,3145.7997243578097
INC102048,2025-07-04 11:40:00,2025-07-04 13:01:50.877015972,2025-07-04 13:56:50.877015972,2 - Alta,Banco de Dados,Sub A,lhvp,CI-164,Suporte N3,Monitoramento,SIM,NAO,Falha de Rede,Reinício de serviço,4910.877015970783
INC102049,2025-07-04 18:36:00,2025-07-04 20:30:40.420842660,2025-07-04 23:05:40.420842660,4 - Baixa,Banco de Dados,Sub A,lhvp,CI-306,Suporte N3,Monitoramento,NAO,NAO,Manutenção Programada,Reinício de serviço,6880.420842660462
INC102050,2025-07-04 20:02:00,2025-07-04 22:13:54.420415920,2025-07-04 23:22:54.420415920,4 - Baixa,Rede,Sub A,lsin,CI-56,NOC N2,Monitoramento,NAO,NAO,Falha de Rede,Ajuste de configuração,7914.420415918423
INC102051,2025-07-05 07:09:00,2025-07-05 07:50:20.109892944,2025-07-05 08:06:20.109892944,3 - Média,Aplicação,Sub A,lhvp,CI-376,NOC N1,Monitoramento,SIM,NAO,Manutenção Programada,Reinício de serviço,2480.1098929451655
INC102052,2025-07-05 07:54:00,2025-07-05 08:34:23.194633068,2025-07-05 09:20:23.194633068,3 - Média,Rede,Sub A,lhco,CI-94,NOC N2,Monitoramento,SIM,NAO,Falha de Aplicação,Patch aplicado,2423.1946330683627
INC102053,2025-07-05 08:01:00,2025-07-05 10:01:13.653990438,2025-07-05 12:08:13.653990438,3 - Média,Rede,Sub B,lhco,CI-300,NOC N1,Manual,SIM,NAO,Erro de Configuração,Reinício de serviço,7213.653990436902
INC102054,2025-07-05 13:05:00,2025-07-05 14:43:40.794086298,2025-07-05 16:59:40.794086298,3 - Média,Infraestrutura,Sub A,lhco,CI-305,NOC N1,Monitoramento,SIM,NAO,Falha de Rede,Reinício de serviço,5920.794086299907
INC102055,2025-07-05 15:28:00,2025-07-05 16:36:51.610268802,2025-07-05 18:22:51.610268802,4 - Baixa,Rede,Sub B,lhco,CI-332,Suporte N3,Monitoramento,NAO,NAO,Erro de Configuração,Patch aplicado,4131.61026879916
INC102056,2025-07-05 22:35:00,2025-07-05 23:44:50.245904328,2025-07-06 00:31:50.245904328,4 - Baixa,Banco de Dados,Sub C,lhvp,CI-247,SRE,Monitoramento,NAO,NAO,Erro de Configuração,Patch aplicado,4190.2459043266135
INC102057,2025-07-06 00:37:00,2025-07-06 01:54:50.336565318,2025-07-06 03:15:50.336565318,2 - Alta,Aplicação,Sub B,lhvp,CI-307,Suporte N3,Monitoramento,SIM,NAO,Manutenção Programada,Ajuste de configuração,4670.3365653202245
INC102058,2025-07-06 04:03:00,2025-07-06 04:16:41.879024394,2025-07-06 05:08:41.879024394,3 - Média,Banco de Dados,Sub B,lhco,CI-385,Suporte N3,Manual,SIM,NAO,Manutenção Programada,Reinício de serviço,821.879024393511
INC102059,2025-07-06 04:10:00,2025-07-06 06:17:06.897967038,2025-07-06 07:27:06.897967038,3 - Média,Infraestrutura,Sub C,lsin,CI-278,SRE,Manual,SIM,NAO,Falha de Rede,Ajuste de configuração,7626.897967040757
INC102060,2025-07-06 06:10:00,2025-07-06 07:35:20.103419190,2025-07-06 10:43:20.103419190,4 - Baixa,Aplicação,Sub B,lsin,CI-395,Suporte N3,Monitoramento,NAO,NAO,Falha de Aplicação,Ajuste de configuração,5120.1034191901645
INC102061,2025-07-06 13:04:00,2025-07-06 13:40:57.847962954,2025-07-06 16:01:57.847962954,3 - Média,Aplicação,Sub A,lhco,CI-54,Suporte N3,Monitoramento,SIM,NAO,Manutenção Programada,Reinício de serviço,2217.847962954587
INC102062,2025-07-06 14:19:00,2025-07-06 14:54:25.493702034,2025-07-06 14:54:25.493702034,2 - Alta,Banco de Dados,Sub A,lhco,CI-262,NOC N1,Monitoramento,SIM,NAO,Manutenção Programada,Reinício de serviço,2125.4937020320413
INC102063,2025-07-06 20:52:00,2025-07-06 21:29:33.170301425,2025-07-07 01:24:33.170301425,3 - Média,Infraestrutura,Sub B,lhvp,CI-161,SRE,Monitoramento,SIM,NAO,Falha de Rede,Patch aplicado,2253.1703014256605
INC102064,2025-07-07 01:15:00,2025-07-07 02:25:11.463958734,2025-07-07 06:17:11.463958734,3 - Média,Rede,Sub C,lhvp,CI-205,SRE,Monitoramento,SIM,NAO,Falha de Aplicação,Patch aplicado,4211.463958732761
INC102065,2025-07-07 01:40:00,2025-07-07 02:10:15.291746933,2025-07-07 02:52:15.291746933,4 - Baixa,Infraestrutura,Sub B,lsin,CI-32,Suporte N3,Monitoramento,NAO,NAO,Falha de Rede,Patch aplicado,1815.2917469358276
INC102066,2025-07-07 05:54:00,2025-07-07 07:45:51.179179074,2025-07-07 09:57:51.179179074,4 - Baixa,Rede,Sub C,lhco,CI-318,SRE,Monitoramento,NAO,NAO,Erro de Configuração,Reinício de serviço,6711.179179074578
INC102067,2025-07-07 07:16:00,2025-07-07 08:46:49.037920332,2025-07-07 10:30:49.037920332,3 - Média,Rede,Sub C,lrev,CI-371,NOC N1,Monitoramento,SIM,NAO,Falha de Rede,Patch aplicado,5449.037920334896
INC102068,2025-07-07 07:53:00,2025-07-07 09:18:29.661186654,2025-07-07 13:10:29.661186654,2 - Alta,Infraestrutura,Sub C,lsin,CI-8,SRE,Monitoramento,SIM,NAO,Falha de Aplicação,Patch aplicado,5129.661186656243
INC102069,2025-07-07 10:50:00,2025-07-07 12:21:05.452438986,2025-07-07 13:21:05.452438986,3 - Média,Aplicação,Sub C,lsin,CI-181,SRE,Monitoramento,SIM,NAO,Falha de Rede,Patch aplicado,5465.452438986215
INC102070,2025-07-07 11:48:00,2025-07-07 12:35:49.751502372,2025-07-07 14:47:49.751502372,3 - Média,Rede,Sub A,lsin,CI-33,Suporte N3,Monitoramento,SIM,NAO,Falha de Aplicação,Patch aplicado,2869.7515023731075
INC102071,2025-07-07 12:55:00,2025-07-07 13:18:50.648474952,2025-07-07 16:04:50.648474952,4 - Baixa,Infraestrutura,Sub B,lcem,CI-103,NOC N2,Monitoramento,NAO,NAO,Manutenção Programada,Ajuste de configuração,1430.6484749533809
INC102072,2025-07-07 18:09:00,2025-07-07 20:00:45.965206452,2025-07-07 21:59:45.965206452,4 - Baixa,Aplicação,Sub A,lsin,CI-209,Suporte N3,Monitoramento,NAO,NAO,Manutenção Programada,Reinício de serviço,6705.9652064527745
INC102073,2025-07-07 18:18:00,2025-07-07 20:52:47.085587892,2025-07-08 00:09:47.085587892,4 - Baixa,Aplicação,Sub B,lsin,CI-334,Suporte N3,Monitoramento,NAO,NAO,Manutenção Programada,Patch aplicado,9287.085587893214
INC102074,2025-07-08 00:22:00,2025-07-08 00:50:12.327964764,2025-07-08 01:03:12.327964764,4 - Baixa,Banco de Dados,Sub B,lsin,CI-395,SRE,Monitoramento,NAO,NAO,Manutenção Programada,Patch aplicado,1692.3279647622958
INC102075,2025-07-08 06:50:00,2025-07-08 07:53:10.455485208,2025-07-08 10:04:10.455485208,3 - Média,Banco de Dados,Sub B,lhvp,CI-302,SRE,Manual,SIM,NAO,Falha de Aplicação,Reinício de serviço,3790.455485208046
INC102076,2025-07-08 11:56:00,2025-07-08 12:30:46.545199614,2025-07-08 15:35:46.545199614,3 - Média,Aplicação,Sub B,lhvp,CI-43,NOC N1,Manual,SIM,NAO,Falha de Rede,Patch aplicado,2086.545199611897
INC102077,2025-07-08 12:31:00,2025-07-08 12:53:11.864375112,2025-07-08 16:05:11.864375112,3 - Média,Banco de Dados,Sub C,lhco,CI-316,SRE,Monitoramento,SIM,NAO,Falha de Rede,Ajuste de configuração,1331.8643751124662
INC102078,2025-07-08 14:42:00,2025-07-08 15:25:33.618024726,2025-07-08 16:54:33.618024726,2 - Alta,Aplicação,Sub C,lhvp,CI-386,SRE,Monitoramento,SIM,NAO,Falha de Aplicação,Ajuste de configuração,2613.6180247257494
INC102079,2025-07-08 15:16:00,2025-07-08 17:20:43.177389456,2025-07-08 17:59:43.177389456,2 - Alta,Banco de Dados,Sub C,lhco,CI-232,NOC N2,Monitoramento,SIM,NAO,Erro de Configuração,Ajuste de configuração,7483.177389456307
INC102080,2025-07-08 18:02:00,2025-07-08 18:50:48.386001798,2025-07-08 21:06:48.386001798,2 - Alta,Infraestrutura,Sub B,lsin,CI-39,Suporte N3,Monitoramento,SIM,NAO,Erro de Configuração,Patch aplicado,2928.3860018003547
INC102081,2025-07-08 19:46:00,2025-07-08 22:16:37.567449018,2025-07-09 00:46:37.567449018,4 - Baixa,Rede,Sub B,lhco,CI-223,Suporte N3,Monitoramento,NAO,NAO,Falha de Rede,Ajuste de configuração,9037.567449017173
INC102082,2025-07-09 01:24:00,2025-07-09 03:18:07.908349650,2025-07-09 04:58:07.908349650,3 - Média,Infraestrutura,Sub C,lhvp,CI-309,NOC N2,Monitoramento,SIM,NAO,Manutenção Programada,Ajuste de configuração,6847.908349648787
INC102083,2025-07-09 03:06:00,2025-07-09 04:07:54.012923640,2025-07-09 07:08:54.012923640,4 - Baixa,Banco de Dados,Sub B,lsin,CI-239,NOC N1,Monitoramento,NAO,NAO,Falha de Aplicação,Reinício de serviço,3714.0129236420785
INC102084,2025-07-09 03:55:00,2025-07-09 04:14:28.409232906,2025-07-09 07:58:28.409232906,4 - Baixa,Aplicação,Sub B,lhvp,CI-329,NOC N2,Monitoramento,NAO,NAO,Falha de Rede,Patch aplicado,1168.4092329046232
INC102085,2025-07-09 11:21:00,2025-07-09 11:56:34.854110646,2025-07-09 13:46:34.854110646,3 - Média,Infraestrutura,Sub A,lhco,CI-322,NOC N1,Monitoramento,SIM,NAO,Erro de Configuração,Patch aplicado,2134.8541106430757
INC102086,2025-07-09 14:09:00,2025-07-09 15:23:06.339576702,2025-07-09 19:18:06.339576702,3 - Média,Rede,Sub B,lsin,CI-394,SRE,Manual,SIM,SIM,Falha de Rede,Reinício de serviço,4446.339576703837
INC102087,2025-07-09 14:51:00,2025-07-09 15:14:11.913507912,2025-07-09 16:06:11.913507912,2 - Alta,Banco de Dados,Sub B,lrev,CI-7,NOC N1,Monitoramento,SIM,NAO,Erro de Configuração,Reinício de serviço,1391.9135079122884
INC102088,2025-07-09 17:04:00,2025-07-09 17:26:32.293296708,2025-07-09 17:35:32.293296708,3 - Média,Infraestrutura,Sub B,lhco,CI-391,Suporte N3,Monitoramento,SIM,NAO,Manutenção Programada,Patch aplicado,1352.293296708097
INC102089,2025-07-09 17:59:00,2025-07-09 18:34:11.723974728,2025-07-09 20:15:11.723974728,2 - Alta,Banco de Dados,Sub A,lsin,CI-56,NOC N2,Monitoramento,SIM,NAO,Erro de Configuração,Reinício de serviço,2111.7239747257813
INC102090,2025-07-09 22:00:00,2025-07-10 00:19:31.571305200,2025-07-10 01:35:31.571305200,4 - Baixa,Aplicação,Sub A,lsin,CI-374,NOC N2,Monitoramento,NAO,NAO,Erro de Configuração,Patch aplicado,8371.5713052025
INC102091,2025-07-09 22:28:00,2025-07-10 00:52:28.446804870,2025-07-10 02:10:28.446804870,4 - Baixa,Banco de Dados,Sub C,lsin,CI-87,Suporte N3,Monitoramento,NAO,NAO,Falha de Aplicação,Patch aplicado,8668.446804868778
INC102092,2025-07-10 02:16:00,2025-07-10 04:26:21.155610546,2025-07-10 06:54:21.155610546,3 - Média,Infraestrutura,Sub A,lcem,CI-51,NOC N2,Monitoramento,SIM,NAO,Manutenção Programada,Ajuste de configuração,7821.155610545737
INC102093,2025-07-10 03:38:00,2025-07-10 05:52:32.644323528,2025-07-10 08:48:32.644323528,4 - Baixa,Aplicação,Sub C,lsin,CI-95,NOC N2,Monitoramento,NAO,NAO,Manutenção Programada,Ajuste de configuração,8072.644323527294
INC102094,2025-07-10 04:33:00,2025-07-10 07:11:32.248800714,2025-07-10 11:04:32.248800714,3 - Média,Aplicação,Sub B,lhco,CI-322,Suporte N3,Manual,SIM,NAO,Falha de Aplicação,Reinício de serviço,9512.248800713669
INC102095,2025-07-10 10:19:00,2025-07-10 13:45:02.193752196,2025-07-10 14:02:02.193752196,2 - Alta,Infraestrutura,Sub C,lsin,CI-35,Suporte N3,Monitoramento,SIM,NAO,Falha de Rede,Reinício de serviço,12362.193752197663
INC102096,2025-07-10 13:29:00,2025-07-10 16:06:06.814188606,2025-07-10 19:58:06.814188606,2 - Alta,Rede,Sub A,lsin,CI-23,NOC N1,Monitoramento,SIM,NAO,Manutenção Programada,Reinício de serviço,9426.81418860675
INC102097,2025-07-10 14:07:00,2025-07-10 17:28:43.682216256,2025-07-10 19:21:43.682216256,3 - Média,Banco de Dados,Sub C,lcem,CI-341,SRE,Monitoramento,SIM,NAO,Falha de Aplicação,Patch aplicado,12103.682216258454
INC102098,2025-07-10 14:44:00,2025-07-10 17:39:15.500637414,2025-07-10 20:09:15.500637414,4 - Baixa,Rede,Sub C,lrev,CI-33,NOC N1,Monitoramento,NAO,NAO,Erro de Configuração,Ajuste de configuração,10515.5006374111
INC102099,2025-07-10 15:05:00,2025-07-10 15:30:12.641164284,2025-07-10 15:51:12.641164284,3 - Média,Infraestrutura,Sub C,lsin,CI-112,SRE,Manual,SIM,NAO,Falha de Aplicação,Reinício de serviço,1512.6411642847331
INC102100,2025-07-10 15:08:00,2025-07-10 16:45:27.016071690,2025-07-10 19:17:27.016071690,4 - Baixa,Aplicação,Sub B,lhco,CI-230,NOC N1,Monitoramento,NAO,NAO,Erro de Configuração,Patch aplicado,5847.016071689531
INC102101,2025-07-10 20:53:00,2025-07-10 21:10:37.993852896,2025-07-10 22:49:37.993852896,4 - Baixa,Rede,Sub C,lhco,CI-131,SRE,Monitoramento,NAO,NAO,Manutenção Programada,Reinício de serviço,1057.9938528978432
INC102102,2025-07-10 21:58:00,2025-07-10 23:11:59.124049278,2025-07-11 02:03:59.124049278,2 - Alta,Aplicação,Sub A,lhvp,CI-293,SRE,Monitoramento,SIM,NAO,Erro de Configuração,Ajuste de configuração,4439.12404927877
INC102103,2025-07-10 23:06:00,2025-07-11 00:37:56.977876176,2025-07-11 01:35:56.977876176,4 - Baixa,Banco de Dados,Sub B,lhvp,CI-325,SRE,Monitoramento,NAO,NAO,Falha de Rede,Ajuste de configuração,5516.977876175087
INC102104,2025-07-11 00:17:00,2025-07-11 01:08:35.352531396,2025-07-11 04:28:35.352531396,3 - Média,Rede,Sub A,lcem,CI-212,SRE,Monitoramento,SIM,NAO,Erro de Configuração,Ajuste de configuração,3095.352531393053
INC102105,2025-07-11 03:55:00,2025-07-11 05:46:12.673735878,2025-07-11 05:56:12.673735878,2 - Alta,Aplicação,Sub B,lsin,CI-324,SRE,Monitoramento,SIM,NAO,Falha de Aplicação,Patch aplicado,6672.673735877827
INC102106,2025-07-11 05:02:00,2025-07-11 07:08:22.977395928,2025-07-11 07:36:22.977395928,2 - Alta,Aplicação,Sub C,lsin,CI-6,NOC N1,Monitoramento,SIM,NAO,Erro de Configuração,Patch aplicado,7582.9773959288
INC102107,2025-07-11 13:20:00,2025-07-11 14:15:23.371504128,2025-07-11 15:48:23.371504128,4 - Baixa,Infraestrutura,Sub B,lhco,CI-239,NOC N1,Manual,NAO,NAO,Manutenção Programada,Ajuste de configuração,3323.3715041269884
INC102108,2025-07-11 17:34:00,2025-07-11 18:47:18.098921958,2025-07-11 21:58:18.098921958,2 - Alta,Rede,Sub A,lhco,CI-109,Suporte N3,Monitoramento,SIM,NAO,Erro de Configuração,Ajuste de configuração,4398.098921960061
INC102109,2025-07-11 18:24:00,2025-07-11 19:02:22.848227496,2025-07-11 20:12:22.848227496,4 - Baixa,Aplicação,Sub C,lsin,CI-121,Suporte N3,Monitoramento,NAO,NAO,Erro de Configuração,Patch aplicado,2302.848227494811
INC102110,2025-07-12 02:36:00,2025-07-12 04:37:45.799496886,2025-07-12 05:12:45.799496886,2 - Alta,Banco de Dados,Sub B,lsin,CI-152,NOC N1,Monitoramento,SIM,NAO,Erro de Configuração,Reinício de serviço,7305.799496885398
INC102111,2025-07-12 06:31:00,2025-07-12 06:34:00.307527594,2025-07-12 08:18:00.307527594,4 - Baixa,Rede,Sub B,lsin,CI-244,NOC N1,Monitoramento,NAO,NAO,Falha de Rede,Ajuste de configuração,180.30752759411428
INC102112,2025-07-12 08:41:00,2025-07-12 09:05:39.480736038,2025-07-12 11:54:39.480736038,3 - Média,Banco de Dados,Sub B,lhvp,CI-222,NOC N1,Manual,SIM,NAO,Manutenção Programada,Reinício de serviço,1479.4807360357406
INC102113,2025-07-12 08:44:00,2025-07-12 09:33:25.270864866,2025-07-12 11:56:25.270864866,4 - Baixa,Infraestrutura,Sub A,lhco,CI-5,NOC N2,Monitoramento,NAO,NAO,Falha de Aplicação,Patch aplicado,2965.2708648669686
INC102114,2025-07-12 10:01:00,2025-07-12 11:50:22.518435282,2025-07-12 14:58:22.518435282,4 - Baixa,Rede,Sub B,lrev,CI-20,NOC N1,Monitoramento,NAO,NAO,Erro de Configuração,Patch aplicado,6562.518435281005
INC102115,2025-07-12 13:02:00,2025-07-12 14:44:04.484602146,2025-07-12 15:59:04.484602146,4 - Baixa,Aplicação,Sub A,lhvp,CI-370,NOC N1,Monitoramento,NAO,NAO,Falha de Aplicação,Reinício de serviço,6124.484602146834
INC102116,2025-07-12 14:09:00,2025-07-12 15:02:17.896012812,2025-07-12 16:52:17.896012812,4 - Baixa,Infraestrutura,Sub B,lhvp,CI-394,Suporte N3,Monitoramento,NAO,NAO,Erro de Configuração,Reinício de serviço,3197.8960128117874
INC102117,2025-07-12 14:53:00,2025-07-12 16:22:47.682378606,2025-07-12 17:13:47.682378606,3 - Média,Banco de Dados,Sub B,lsin,CI-231,NOC N1,Monitoramento,SIM,NAO,Falha de Rede,Reinício de serviço,5387.682378604967
INC102118,2025-07-12 17:09:00,2025-07-12 19:28:06.300576318,2025-07-12 22:41:06.300576318,3 - Média,Rede,Sub C,lcem,CI-305,NOC N2,Monitoramento,SIM,NAO,Erro de Configuração,Reinício de serviço,8346.300576316691
INC102119,2025-07-12 17:22:00,2025-07-12 18:02:12.916832478,2025-07-12 18:58:12.916832478,2 - Alta,Rede,Sub B,lcem,CI-279,NOC N2,Monitoramento,SIM,NAO,Falha de Aplicação,Patch aplicado,2412.916832478894
INC102120,2025-07-12 17:36:00,2025-07-12 19:19:25.941445116,2025-07-12 19:37:25.941445116,2 - Alta,Rede,Sub A,lcem,CI-218,Suporte N3,Monitoramento,SIM,NAO,Manutenção Programada,Patch aplicado,6205.9414451146295
INC102121,2025-07-12 18:09:00,2025-07-12 20:04:30.918422874,2025-07-12 20:32:30.918422874,2 - Alta,Banco de Dados,Sub A,lsin,CI-355,NOC N2,Monitoramento,SIM,NAO,Erro de Configuração,Ajuste de configuração,6930.918422876095
INC102122,2025-07-12 18:29:00,2025-07-12 19:49:22.590085122,2025-07-12 23:05:22.590085122,2 - Alta,Infraestrutura,Sub B,lhco,CI-190,Suporte N3,Monitoramento,SIM,NAO,Erro de Configuração,Patch aplicado,4822.590085122623
INC102123,2025-07-12 19:37:00,2025-07-12 20:32:48.012416760,2025-07-12 20:34:48.012416760,2 - Alta,Banco de Dados,Sub A,lsin,CI-292,NOC N1,Monitoramento,SIM,NAO,Falha de Aplicação,Ajuste de configuração,3348.012416758156
INC102124,2025-07-12 21:04:00,2025-07-12 23:34:47.258913618,2025-07-13 01:47:47.258913618,3 - Média,Banco de Dados,Sub A,lhvp,CI-372,SRE,Monitoramento,SIM,NAO,Falha de Rede,Reinício de serviço,9047.258913616775
INC102125,2025-07-12 22:08:00,2025-07-13 00:39:06.870742560,2025-07-13 01:19:06.870742560,3 - Média,Rede,Sub B,lhco,CI-43,SRE,Monitoramento,SIM,NAO,Falha de Rede,Reinício de serviço,9066.870742559267
INC102126,2025-07-12 23:26:00,2025-07-12 23:41:43.804237032,2025-07-12 23:46:43.804237032,3 - Média,Infraestrutura,Sub A,lhco,CI-22,NOC N2,Monitoramento,SIM,NAO,Falha de Rede,Ajuste de configuração,943.8042370295078
INC102127,2025-07-13 05:56:00,2025-07-13 08:12:17.179577850,2025-07-13 10:24:17.179577850,3 - Média,Aplicação,Sub C,lhco,CI-237,NOC N2,Monitoramento,SIM,NAO,Manutenção Programada,Ajuste de configuração,8177.179577850824
INC102128,2025-07-13 06:58:00,2025-07-13 08:20:43.226365464,2025-07-13 10:58:43.226365464,3 - Média,Rede,Sub B,lrev,CI-360,NOC N1,Manual,SIM,NAO,Manutenção Programada,Ajuste de configuração,4963.226365461669
INC102129,2025-07-13 07:15:00,2025-07-13 08:03:00.248454450,2025-07-13 11:42:00.248454450,3 - Média,Infraestrutura,Sub C,lsin,CI-76,NOC N2,Monitoramento,SIM,NAO,Erro de Configuração,Patch aplicado,2880.248454451964
INC102130,2025-07-13 09:51:00,2025-07-13 10:21:14.545551540,2025-07-13 10:40:14.545551540,2 - Alta,Banco de Dados,Sub B,lhco,CI-337,NOC N2,Monitoramento,SIM,NAO,Falha de Rede,Patch aplicado,1814.5455515395288
INC102131,2025-07-13 10:26:00,2025-07-13 11:40:04.692219816,2025-07-13 15:23:04.692219816,2 - Alta,Infraestrutura,Sub A,lhco,CI-18,NOC N2,Monitoramento,SIM,NAO,Falha de Aplicação,Reinício de serviço,4444.692219814992
INC102132,2025-07-13 11:03:00,2025-07-13 12:42:29.428107846,2025-07-13 14:14:29.428107846,4 - Baixa,Banco de Dados,Sub A,lcem,CI-349,NOC N2,Monitoramento,NAO,NAO,Manutenção Programada,Reinício de serviço,5969.428107848808
INC102133,2025-07-13 14:03:00,2025-07-13 17:05:07.393243140,2025-07-13 18:19:07.393243140,4 - Baixa,Banco de Dados,Sub B,lsin,CI-58,Suporte N3,Monitoramento,NAO,NAO,Falha de Aplicação,Patch aplicado,10927.393243140641
INC102134,2025-07-13 14:16:00,2025-07-13 15:10:26.347625082,2025-07-13 15:59:26.347625082,4 - Baixa,Rede,Sub A,lcem,CI-257,NOC N1,Monitoramento,NAO,NAO,Falha de Aplicação,Reinício de serviço,3266.347625080274
INC102135,2025-07-13 15:14:00,2025-07-13 18:31:56.709458244,2025-07-13 19:01:56.709458244,3 - Média,Infraestrutura,Sub C,lrev,CI-280,NOC N2,Manual,SIM,NAO,Erro de Configuração,Reinício de serviço,11876.709458245372
INC102136,2025-07-13 15:17:00,2025-07-13 16:59:29.552660022,2025-07-13 18:30:29.552660022,2 - Alta,Banco de Dados,Sub A,lsin,CI-16,Suporte N3,Manual,SIM,NAO,Falha de Aplicação,Patch aplicado,6149.552660022617
INC102137,2025-07-13 15:39:00,2025-07-13 16:27:41.002836864,2025-07-13 20:00:41.002836864,2 - Alta,Rede,Sub A,lhco,CI-390,SRE,Monitoramento,SIM,NAO,Falha de Aplicação,Patch aplicado,2921.0028368630715
INC102138,2025-07-13 16:15:00,2025-07-13 17:41:05.058620028,2025-07-13 21:05:05.058620028,4 - Baixa,Aplicação,Sub A,lcem,CI-335,NOC N2,Monitoramento,NAO,NAO,Erro de Configuração,Reinício de serviço,5165.058620028433
INC102139,2025-07-13 16:36:00,2025-07-13 17:21:51.534519174,2025-07-13 17:41:51.534519174,4 - Baixa,Rede,Sub A,lsin,CI-94,SRE,Monitoramento,NAO,NAO,Erro de Configuração,Reinício de serviço,2751.534519175836
INC102140,2025-07-13 19:12:00,2025-07-13 20:05:39.384384192,2025-07-13 22:48:39.384384192,3 - Média,Rede,Sub B,lsin,CI-166,NOC N2,Monitoramento,SIM,NAO,Falha de Aplicação,Ajuste de configuração,3219.3843841907574
INC102141,2025-07-13 20:13:00,2025-07-14 00:12:18.505638486,2025-07-14 02:42:18.505638486,3 - Média,Banco de Dados,Sub C,lsin,CI-236,SRE,Monitoramento,SIM,NAO,Manutenção Programada,Ajuste de configuração,14358.505638486613
INC102142,2025-07-13 23:45:00,2025-07-14 00:49:08.808317514,2025-07-14 03:02:08.808317514,3 - Média,Rede,Sub C,lcem,CI-269,Suporte N3,Monitoramento,SIM,NAO,Falha de Aplicação,Ajuste de configuração,3848.8083175112156
INC102143,2025-07-14 00:42:00,2025-07-14 01:09:58.285759170,2025-07-14 02:16:58.285759170,2 - Alta,Infraestrutura,Sub A,lhvp,CI-166,Suporte N3,Monitoramento,SIM,NAO,Erro de Configuração,Reinício de serviço,1678.2857591722893
INC102144,2025-07-14 06:09:00,2025-07-14 07:15:42.055760316,2025-07-14 10:08:42.055760316,3 - Média,Rede,Sub A,lhvp,CI-326,SRE,Manual,SIM,NAO,Falha de Rede,Patch aplicado,4002.055760318769
INC102145,2025-07-14 09:06:00,2025-07-14 12:03:23.315690862,2025-07-14 14:16:23.315690862,4 - Baixa,Aplicação,Sub B,lhco,CI-335,SRE,Monitoramento,NAO,NAO,Erro de Configuração,Ajuste de configuração,10643.31569086446
INC102146,2025-07-14 12:18:00,2025-07-14 13:10:05.927465340,2025-07-14 15:31:05.927465340,4 - Baixa,Banco de Dados,Sub C,lsin,CI-252,NOC N1,Monitoramento,NAO,NAO,Falha de Rede,Ajuste de configuração,3125.927465338961
INC102147,2025-07-14 13:19:00,2025-07-14 15:54:02.374683654,2025-07-14 16:15:02.374683654,4 - Baixa,Infraestrutura,Sub A,lsin,CI-225,NOC N1,Monitoramento,NAO,NAO,Manutenção Programada,Ajuste de configuração,9302.37468365181
INC102148,2025-07-14 13:51:00,2025-07-14 14:21:47.880016230,2025-07-14 17:36:47.880016230,2 - Alta,Infraestrutura,Sub B,lsin,CI-178,SRE,Manual,SIM,NAO,Falha de Rede,Ajuste de configuração,1847.880016228939
INC102149,2025-07-14 20:36:00,2025-07-14 21:25:26.409998940,2025-07-14 21:30:26.409998940,3 - Média,Aplicação,Sub A,lsin,CI-251,Suporte N3,Manual,SIM,NAO,Falha de Rede,Patch aplicado,2966.409998940224
INC102150,2025-07-14 23:31:00,2025-07-15 01:00:35.401556964,2025-07-15 03:49:35.401556964,4 - Baixa,Rede,Sub C,lsin,CI-341,NOC N2,Monitoramento,NAO,NAO,Manutenção Programada,Reinício de serviço,5375.401556965233
INC102151,2025-07-14 23:50:00,2025-07-15 01:51:25.823266866,2025-07-15 04:34:25.823266866,3 - Média,Banco de Dados,Sub C,lhvp,CI-63,SRE,Monitoramento,SIM,NAO,Erro de Configuração,Ajuste de configuração,7285.823266868831
INC102152,2025-07-15 00:28:00,2025-07-15 00:59:04.840343982,2025-07-15 01:57:04.840343982,3 - Média,Aplicação,Sub B,lhco,CI-201,NOC N1,Monitoramento,SIM,NAO,Manutenção Programada,Reinício de serviço,1864.8403439839171
INC102153,2025-07-15 00:36:00,2025-07-15 03:04:58.858455612,2025-07-15 04:13:58.858455612,2 - Alta,Infraestrutura,Sub B,lcem,CI-135,Suporte N3,Monitoramento,SIM,NAO,Falha de Rede,Patch aplicado,8938.858455614809
INC102154,2025-07-15 08:57:00,2025-07-15 11:08:05.245539816,2025-07-15 11:51:05.245539816,3 - Média,Infraestrutura,Sub A,lsin,CI-315,SRE,Monitoramento,SIM,NAO,Falha de Rede,Patch aplicado,7865.245539818003
INC102155,2025-07-15 09:00:00,2025-07-15 10:03:17.174204748,2025-07-15 12:57:17.174204748,4 - Baixa,Rede,Sub A,lsin,CI-357,NOC N1,Monitoramento,NAO,NAO,Erro de Configuração,Patch aplicado,3797.1742047498133
INC102156,2025-07-15 09:29:00,2025-07-15 10:40:04.052963082,2025-07-15 14:32:04.052963082,3 - Média,Rede,Sub A,lsin,CI-94,SRE,Monitoramento,SIM,NAO,Falha de Rede,Ajuste de configuração,4264.052963083104
INC102157,2025-07-15 09:59:00,2025-07-15 10:58:52.478056944,2025-07-15 13:42:52.478056944,2 - Alta,Infraestrutura,Sub B,lhco,CI-132,SRE,Monitoramento,SIM,NAO,Falha de Rede,Patch aplicado,3592.4780569435147
INC102158,2025-07-15 14:37:00,2025-07-15 15:39:21.546444126,2025-07-15 17:09:21.546444126,4 - Baixa,Aplicação,Sub C,lrev,CI-397,NOC N1,Monitoramento,NAO,NAO,Falha de Rede,Patch aplicado,3741.5464441268873
INC102159,2025-07-15 16:22:00,2025-07-15 17:34:30.705578645,2025-07-15 20:33:30.705578645,3 - Média,Rede,Sub A,lhco,CI-315,Suporte N3,Monitoramento,SIM,NAO,Erro de Configuração,Patch aplicado,4350.7055786457095
INC102160,2025-07-15 20:13:00,2025-07-15 21:42:49.847441610,2025-07-15 22:50:49.847441610,2 - Alta,Aplicação,Sub A,lhvp,CI-266,NOC N2,Monitoramento,SIM,NAO,Erro de Configuração,Ajuste de configuração,5389.847441607069
INC102161,2025-07-15 20:21:00,2025-07-15 23:07:10.708861710,2025-07-16 02:04:10.708861710,3 - Média,Infraestrutura,Sub A,lrev,CI-53,NOC N2,Monitoramento,SIM,NAO,Erro de Configuração,Ajuste de configuração,9970.708861712767
INC102162,2025-07-16 05:50:00,2025-07-16 06:48:54.478597260,2025-07-16 09:25:54.478597260,3 - Média,Banco de Dados,Sub B,lrev,CI-232,NOC N2,Monitoramento,SIM,NAO,Manutenção Programada,Ajuste de configuração,3534.478597258175
INC102163,2025-07-16 11:51:00,2025-07-16 12:23:23.781251574,2025-07-16 14:31:23.781251574,3 - Média,Banco de Dados,Sub B,lrev,CI-4,NOC N2,Monitoramento,SIM,NAO,Manutenção Programada,Ajuste de configuração,1943.781251573024
INC102164,2025-07-16 12:21:00,2025-07-16 14:52:36.621339894,2025-07-16 16:02:36.621339894,3 - Média,Rede,Sub C,lsin,CI-48,SRE,Monitoramento,SIM,NAO,Erro de Configuração,Reinício de serviço,9096.62133989257
INC102165,2025-07-17 00:35:00,2025-07-17 02:11:02.388571068,2025-07-17 02:49:02.388571068,4 - Baixa,Banco de Dados,Sub A,lsin,CI-21,Suporte N3,Monitoramento,NAO,NAO,Erro de Configuração,Patch aplicado,5762.38857106967
INC102166,2025-07-17 01:36:00,2025-07-17 02:40:30.081273282,2025-07-17 05:30:30.081273282,3 - Média,Banco de Dados,Sub A,lsin,CI-9,SRE,Monitoramento,SIM,NAO,Manutenção Programada,Ajuste de configuração,3870.081273284031
INC102167,2025-07-17 03:33:00,2025-07-17 05:18:07.102232214,2025-07-17 07:59:07.102232214,2 - Alta,Rede,Sub B,lrev,CI-348,NOC N2,Manual,SIM,NAO,Manutenção Programada,Patch aplicado,6307.102232213301
INC102168,2025-07-17 05:05:00,2025-07-17 07:17:46.874149236,2025-07-17 09:44:46.874149236,3 - Média,Rede,Sub A,lhco,CI-180,NOC N2,Manual,SIM,NAO,Erro de Configuração,Ajuste de configuração,7966.874149236847
INC102169,2025-07-17 08:33:00,2025-07-17 09:18:19.143246822,2025-07-17 12:26:19.143246822,3 - Média,Rede,Sub C,lsin,CI-376,Suporte N3,Monitoramento,SIM,NAO,Falha de Aplicação,Ajuste de configuração,2719.1432468191338
INC102170,2025-07-17 08:38:00,2025-07-17 09:50:47.999439972,2025-07-17 13:43:47.999439972,3 - Média,Banco de Dados,Sub A,lhvp,CI-347,Suporte N3,Manual,SIM,NAO,Falha de Aplicação,Ajuste de configuração,4367.999439974303
INC102171,2025-07-17 08:49:00,2025-07-17 09:24:08.344362912,2025-07-17 10:03:08.344362912,3 - Média,Banco de Dados,Sub B,lsin,CI-202,Suporte N3,Monitoramento,SIM,NAO,Falha de Rede,Reinício de serviço,2108.344362911766
INC102172,2025-07-17 11:30:00,2025-07-17 14:02:36.514194408,2025-07-17 14:35:36.514194408,3 - Média,Banco de Dados,Sub C,lcem,CI-391,SRE,Manual,SIM,SIM,Falha de Aplicação,Reinício de serviço,9156.514194405567
INC102173,2025-07-17 13:33:00,2025-07-17 14:35:02.462381028,2025-07-17 16:30:02.462381028,3 - Média,Rede,Sub A,lrev,CI-280,SRE,Monitoramento,SIM,NAO,Falha de Aplicação,Ajuste de configuração,3722.4623810279363
INC102174,2025-07-17 16:31:00,2025-07-17 19:32:32.099080428,2025-07-17 20:37:32.099080428,2 - Alta,Infraestrutura,Sub B,lhvp,CI-26,NOC N2,Monitoramento,SIM,NAO,Falha de Aplicação,Reinício de serviço,10892.099080425436
INC102175,2025-07-17 18:17:00,2025-07-17 21:44:42.432909492,2025-07-17 23:06:42.432909492,4 - Baixa,Banco de Dados,Sub B,lsin,CI-187,SRE,Monitoramento,NAO,NAO,Manutenção Programada,Patch aplicado,12462.432909490111
INC102176,2025-07-17 19:07:00,2025-07-17 20:46:35.143426800,2025-07-17 23:18:35.143426800,3 - Média,Infraestrutura,Sub C,lhco,CI-193,NOC N2,Monitoramento,SIM,NAO,Manutenção Programada,Ajuste de configuração,5975.143426799813
INC102177,2025-07-17 21:41:00,2025-07-18 00:14:50.998376502,2025-07-18 03:07:50.998376502,4 - Baixa,Rede,Sub B,lcem,CI-91,Suporte N3,Monitoramento,NAO,NAO,Manutenção Programada,Patch aplicado,9230.998376499489
INC102178,2025-07-17 22:39:00,2025-07-17 23:16:34.478793372,2025-07-18 01:36:34.478793372,4 - Baixa,Rede,Sub B,lhvp,CI-207,NOC N1,Monitoramento,NAO,NAO,Falha de Rede,Patch aplicado,2254.4787933708876
INC102179,2025-07-18 01:08:00,2025-07-18 02:39:01.801957830,2025-07-18 05:16:01.801957830,3 - Média,Infraestrutura,Sub A,lhvp,CI-321,SRE,Monitoramento,SIM,NAO,Falha de Aplicação,Patch aplicado,5461.801957830153
INC102180,2025-07-18 05:06:00,2025-07-18 06:27:09.872752974,2025-07-18 10:01:09.872752974,4 - Baixa,Rede,Sub A,lhvp,CI-118,NOC N1,Monitoramento,NAO,NAO,Manutenção Programada,Reinício de serviço,4869.872752972205
INC102181,2025-07-18 06:03:00,2025-07-18 08:58:01.309841814,2025-07-18 11:53:01.309841814,2 - Alta,Aplicação,Sub A,lsin,CI-183,SRE,Monitoramento,SIM,NAO,Manutenção Programada,Ajuste de configuração,10501.309841816992
INC102182,2025-07-18 10:25:00,2025-07-18 10:59:19.843525806,2025-07-18 13:11:19.843525806,2 - Alta,Banco de Dados,Sub C,lsin,CI-196,NOC N2,Monitoramento,SIM,NAO,Falha de Aplicação,Reinício de serviço,2059.8435258061118
INC102183,2025-07-18 10:41:00,2025-07-18 12:07:52.809686142,2025-07-18 15:01:52.809686142,4 - Baixa,Aplicação,Sub A,lhco,CI-247,SRE,Monitoramento,NAO,NAO,Falha de Aplicação,Patch aplicado,5212.809686142297
INC102184,2025-07-18 11:52:00,2025-07-18 12:02:51.713104308,2025-07-18 15:36:51.713104308,2 - Alta,Aplicação,Sub B,lsin,CI-202,Suporte N3,Monitoramento,SIM,NAO,Falha de Aplicação,Reinício de serviço,651.7131043092835
INC102185,2025-07-18 11:58:00,2025-07-18 13:41:41.568390228,2025-07-18 15:07:41.568390228,2 - Alta,Rede,Sub C,lsin,CI-315,Suporte N3,Monitoramento,SIM,NAO,Erro de Configuração,Ajuste de configuração,6221.568390228367
INC102186,2025-07-18 12:56:00,2025-07-18 13:59:26.933160720,2025-07-18 17:07:26.933160720,3 - Média,Infraestrutura,Sub A,lsin,CI-54,NOC N2,Monitoramento,SIM,NAO,Falha de Aplicação,Reinício de serviço,3806.9331607175327
INC102187,2025-07-18 14:18:00,2025-07-18 15:35:32.160767400,2025-07-18 15:41:32.160767400,3 - Média,Infraestrutura,Sub C,lcem,CI-311,Suporte N3,Manual,SIM,NAO,Falha de Rede,Ajuste de configuração,4652.160767398918
INC102188,2025-07-18 14:39:00,2025-07-18 15:18:55.515766314,2025-07-18 15:20:55.515766314,3 - Média,Rede,Sub A,lhco,CI-187,SRE,Monitoramento,SIM,NAO,Manutenção Programada,Ajuste de configuração,2395.515766313609
INC102189,2025-07-18 18:07:00,2025-07-18 19:38:58.549328286,2025-07-18 20:36:58.549328286,4 - Baixa,Banco de Dados,Sub C,lsin,CI-101,SRE,Manual,NAO,NAO,Falha de Aplicação,Patch aplicado,5518.549328287159
INC102190,2025-07-18 18:51:00,2025-07-18 20:11:41.101467642,2025-07-18 22:53:41.101467642,4 - Baixa,Banco de Dados,Sub B,lsin,CI-263,NOC N1,Manual,NAO,NAO,Falha de Rede,Reinício de serviço,4841.101467639003
INC102191,2025-07-18 19:25:00,2025-07-18 19:52:15.056704158,2025-07-18 23:46:15.056704158,2 - Alta,Aplicação,Sub A,lsin,CI-242,NOC N1,Monitoramento,SIM,NAO,Manutenção Programada,Ajuste de configuração,1635.0567041585414
INC102192,2025-07-18 23:56:00,2025-07-19 03:02:52.056152472,2025-07-19 03:19:52.056152472,2 - Alta,Aplicação,Sub B,lrev,CI-365,NOC N2,Monitoramento,SIM,NAO,Manutenção Programada,Patch aplicado,11212.056152473098
INC102193,2025-07-19 04:17:00,2025-07-19 07:02:46.805311746,2025-07-19 07:22:46.805311746,2 - Alta,Rede,Sub A,lhvp,CI-64,NOC N2,Monitoramento,SIM,NAO,Manutenção Programada,Reinício de serviço,9946.805311748514
INC102194,2025-07-19 05:35:00,2025-07-19 08:45:16.143480413,2025-07-19 12:32:16.143480413,4 - Baixa,Infraestrutura,Sub C,lhco,CI-72,SRE,Monitoramento,NAO,NAO,Erro de Configuração,Ajuste de configuração,11416.143480411978
INC102195,2025-07-19 08:07:00,2025-07-19 10:09:13.647864078,2025-07-19 13:17:13.647864078,3 - Média,Aplicação,Sub C,lhco,CI-33,SRE,Manual,SIM,NAO,Manutenção Programada,Ajuste de configuração,7333.647864079485
INC102196,2025-07-19 08:53:00,2025-07-19 10:36:12.183294006,2025-07-19 13:15:12.183294006,4 - Baixa,Banco de Dados,Sub B,lcem,CI-395,SRE,Monitoramento,NAO,NAO,Falha de Rede,Ajuste de configuração,6192.183294008027
INC102197,2025-07-19 09:02:00,2025-07-19 10:22:19.118390448,2025-07-19 14:20:19.118390448,4 - Baixa,Infraestrutura,Sub A,lhco,CI-387,SRE,Monitoramento,NAO,NAO,Erro de Configuração,Patch aplicado,4819.118390448585
INC102198,2025-07-19 09:28:00,2025-07-19 10:00:00.674977284,2025-07-19 10:08:00.674977284,3 - Média,Infraestrutura,Sub B,lhvp,CI-4,Suporte N3,Manual,SIM,NAO,Erro de Configuração,Reinício de serviço,1920.6749772843389
INC102199,2025-07-19 13:27:00,2025-07-19 16:00:21.766014210,2025-07-19 19:44:21.766014210,4 - Baixa,Infraestrutura,Sub B,lhco,CI-101,SRE,Monitoramento,NAO,NAO,Erro de Configuração,Reinício de serviço,9201.766014209463
INC102200,2025-07-19 15:37:00,2025-07-19 16:40:28.295714892,2025-07-19 17:58:28.295714892,3 - Média,Rede,Sub A,lrev,CI-22,NOC N2,Monitoramento,SIM,NAO,Manutenção Programada,Patch aplicado,3808.29571489352
INC102201,2025-07-19 16:06:00,2025-07-19 19:30:28.525430964,2025-07-19 20:53:28.525430964,4 - Baixa,Banco de Dados,Sub C,lsin,CI-128,Suporte N3,Monitoramento,NAO,NAO,Falha de Rede,Ajuste de configuração,12268.525430965059
INC102202,2025-07-19 20:26:00,2025-07-19 21:05:06.706175370,2025-07-19 22:13:06.706175370,4 - Baixa,Aplicação,Sub B,lcem,CI-167,SRE,Monitoramento,NAO,NAO,Manutenção Programada,Patch aplicado,2346.706175372832
INC102203,2025-07-19 23:27:00,2025-07-20 01:43:42.305633040,2025-07-20 02:44:42.305633040,3 - Média,Banco de Dados,Sub C,lhvp,CI-25,NOC N2,Manual,SIM,NAO,Falha de Aplicação,Ajuste de configuração,8202.305633037673
INC102204,2025-07-20 01:38:00,2025-07-20 03:28:50.104863408,2025-07-20 07:20:50.104863408,2 - Alta,Aplicação,Sub B,lsin,CI-395,NOC N2,Monitoramento,SIM,NAO,Manutenção Programada,Ajuste de configuração,6650.104863406275
INC102205,2025-07-20 02:01:00,2025-07-20 02:12:46.277695512,2025-07-20 02:59:46.277695512,3 - Média,Rede,Sub A,lcem,CI-374,SRE,Monitoramento,SIM,NAO,Falha de Aplicação,Patch aplicado,706.2776955111382
INC102206,2025-07-20 02:33:00,2025-07-20 03:45:03.679108290,2025-07-20 06:09:03.679108290,4 - Baixa,Rede,Sub C,lhco,CI-264,SRE,Manual,NAO,NAO,Manutenção Programada,Reinício de serviço,4323.679108291988
INC102207,2025-07-20 05:42:00,2025-07-20 09:56:36.093287502,2025-07-20 11:18:36.093287502,3 - Média,Banco de Dados,Sub B,lcem,CI-163,NOC N2,Monitoramento,SIM,NAO,Manutenção Programada,Patch aplicado,15276.093287503676
INC102208,2025-07-20 07:25:00,2025-07-20 08:40:10.660960272,2025-07-20 09:50:10.660960272,3 - Média,Aplicação,Sub B,lcem,CI-222,NOC N2,Manual,SIM,NAO,Erro de Configuração,Patch aplicado,4510.660960269925
INC102209,2025-07-20 09:19:00,2025-07-20 10:48:13.619686080,2025-07-20 10:51:13.619686080,4 - Baixa,Aplicação,Sub C,lhco,CI-377,Suporte N3,Monitoramento,NAO,NAO,Erro de Configuração,Reinício de serviço,5353.619686078409
INC102210,2025-07-20 09:20:00,2025-07-20 09:36:15.993316373,2025-07-20 13:00:15.993316373,2 - Alta,Aplicação,Sub A,lsin,CI-393,NOC N2,Monitoramento,SIM,NAO,Falha de Rede,Reinício de serviço,975.993316371003
INC102211,2025-07-20 09:46:00,2025-07-20 13:10:51.191517714,2025-07-20 13:49:51.191517714,3 - Média,Rede,Sub C,lrev,CI-204,SRE,Monitoramento,SIM,NAO,Erro de Configuração,Reinício de serviço,12291.19151771303
INC102212,2025-07-20 10:31:00,2025-07-20 11:14:27.330388404,2025-07-20 13:52:27.330388404,4 - Baixa,Infraestrutura,Sub A,lhco,CI-319,NOC N1,Monitoramento,NAO,NAO,Falha de Rede,Reinício de serviço,2607.3303884027055
INC102213,2025-07-20 11:03:00,2025-07-20 12:02:09.282054972,2025-07-20 14:33:09.282054972,3 - Média,Rede,Sub B,lhvp,CI-64,SRE,Monitoramento,SIM,NAO,Manutenção Programada,Reinício de serviço,3549.282054973278
INC102214,2025-07-20 11:24:00,2025-07-20 12:26:38.438489226,2025-07-20 12:32:38.438489226,4 - Baixa,Rede,Sub B,lhco,CI-394,SRE,Monitoramento,NAO,NAO,Manutenção Programada,Reinício de serviço,3758.4384892249295
INC102215,2025-07-20 11:54:00,2025-07-20 12:43:28.726446798,2025-07-20 13:37:28.726446798,3 - Média,Rede,Sub C,lhco,CI-268,Suporte N3,Monitoramento,SIM,NAO,Manutenção Programada,Reinício de serviço,2968.726446795455
INC102216,2025-07-20 11:59:00,2025-07-20 12:31:36.052925130,2025-07-20 14:34:36.052925130,4 - Baixa,Rede,Sub C,lsin,CI-365,SRE,Monitoramento,NAO,NAO,Erro de Configuração,Ajuste de configuração,1956.0529251272649
INC102217,2025-07-20 12:10:00,2025-07-20 13:16:23.276551908,2025-07-20 14:15:23.276551908,2 - Alta,Infraestrutura,Sub A,lcem,CI-232,NOC N2,Monitoramento,SIM,NAO,Falha de Rede,Reinício de serviço,3983.276551908653
INC102218,2025-07-20 16:46:00,2025-07-20 18:05:44.000569176,2025-07-20 18:58:44.000569176,3 - Média,Aplicação,Sub B,lhvp,CI-319,SRE,Monitoramento,SIM,NAO,Erro de Configuração,Ajuste de configuração,4784.000569178876
INC102219,2025-07-20 18:17:00,2025-07-20 20:02:15.175563888,2025-07-20 20:49:15.175563888,4 - Baixa,Rede,Sub C,lhco,CI-92,NOC N1,Monitoramento,NAO,NAO,Falha de Rede,Patch aplicado,6315.175563887459
INC102220,2025-07-20 18:22:00,2025-07-20 20:07:53.967732408,2025-07-20 20:52:53.967732408,4 - Baixa,Aplicação,Sub A,lhco,CI-366,Suporte N3,Monitoramento,NAO,NAO,Falha de Rede,Reinício de serviço,6353.967732410439
INC102221,2025-07-20 18:43:00,2025-07-20 22:21:15.302237088,2025-07-21 00:54:15.302237088,2 - Alta,Aplicação,Sub A,lcem,CI-13,SRE,Monitoramento,SIM,NAO,Erro de Configuração,Patch aplicado,13095.302237087202
INC102222,2025-07-20 19:38:00,2025-07-20 21:30:14.952697548,2025-07-21 01:27:14.952697548,3 - Média,Rede,Sub B,lsin,CI-201,NOC N1,Manual,SIM,NAO,Erro de Configuração,Ajuste de configuração,6734.95269754877
INC102223,2025-07-20 21:30:00,2025-07-21 01:42:57.482613486,2025-07-21 01:48:57.482613486,4 - Baixa,Aplicação,Sub B,lcem,CI-351,Suporte N3,Monitoramento,NAO,NAO,Falha de Aplicação,Patch aplicado,15177.482613483484
INC102224,2025-07-20 22:28:00,2025-07-20 22:57:38.206785786,2025-07-21 01:59:38.206785786,4 - Baixa,Infraestrutura,Sub A,lhco,CI-42,SRE,Monitoramento,NAO,NAO,Manutenção Programada,Patch aplicado,1778.2067857848124
INC102225,2025-07-21 00:14:00,2025-07-21 01:00:25.111636728,2025-07-21 02:24:25.111636728,3 - Média,Rede,Sub C,lhco,CI-15,SRE,Monitoramento,SIM,NAO,Manutenção Programada,Ajuste de configuração,2785.111636730496
INC102226,2025-07-21 04:54:00,2025-07-21 05:02:00.208140690,2025-07-21 05:54:00.208140690,3 - Média,Infraestrutura,Sub C,lsin,CI-157,NOC N1,Manual,SIM,NAO,Falha de Rede,Reinício de serviço,480.2081406924615
INC102227,2025-07-21 08:12:00,2025-07-21 09:32:33.210844284,2025-07-21 10:26:33.210844284,3 - Média,Aplicação,Sub B,lcem,CI-330,NOC N2,Monitoramento,SIM,NAO,Erro de Configuração,Ajuste de configuração,4833.210844283597
INC102228,2025-07-21 14:48:00,2025-07-21 16:59:03.190556808,2025-07-21 20:36:03.190556808,2 - Alta,Banco de Dados,Sub A,lcem,CI-206,NOC N1,Monitoramento,SIM,NAO,Manutenção Programada,Patch aplicado,7863.190556805343
INC102229,2025-07-21 20:06:00,2025-07-21 22:19:58.030189644,2025-07-22 00:32:58.030189644,3 - Média,Aplicação,Sub B,lhco,CI-227,Suporte N3,Monitoramento,SIM,NAO,Falha de Aplicação,Reinício de serviço,8038.03018964266
INC102230,2025-07-21 20:52:00,2025-07-21 22:26:50.900995164,2025-07-21 23:53:50.900995164,2 - Alta,Aplicação,Sub A,lhco,CI-95,NOC N2,Monitoramento,SIM,NAO,Falha de Aplicação,Ajuste de configuração,5690.90099516548
INC102231,2025-07-21 22:14:00,2025-07-21 22:54:57.150634272,2025-07-22 01:49:57.150634272,4 - Baixa,Aplicação,Sub B,lhvp,CI-274,SRE,Manual,NAO,NAO,Falha de Aplicação,Reinício de serviço,2457.150634274086
INC102232,2025-07-21 22:50:00,2025-07-22 00:22:48.275301354,2025-07-22 01:39:48.275301354,4 - Baixa,Infraestrutura,Sub C,lrev,CI-73,NOC N2,Monitoramento,NAO,NAO,Erro de Configuração,Patch aplicado,5568.275301352319
INC102233,2025-07-22 00:22:00,2025-07-22 01:20:55.992749946,2025-07-22 03:00:55.992749946,4 - Baixa,Infraestrutura,Sub A,lsin,CI-95,NOC N1,Monitoramento,NAO,NAO,Falha de Rede,Reinício de serviço,3535.9927499475916
INC102234,2025-07-22 02:25:00,2025-07-22 02:59:25.634517498,2025-07-22 04:34:25.634517498,2 - Alta,Rede,Sub C,lcem,CI-376,NOC N1,Monitoramento,SIM,NAO,Falha de Aplicação,Reinício de serviço,2065.6345174950056
INC102235,2025-07-22 02:44:00,2025-07-22 08:09:54.625111056,2025-07-22 08:14:54.625111056,3 - Média,Infraestrutura,Sub C,lsin,CI-173,SRE,Monitoramento,SIM,NAO,Manutenção Programada,Ajuste de configuração,19554.625111058434
INC102236,2025-07-22 04:51:00,2025-07-22 06:04:18.803930832,2025-07-22 09:28:18.803930832,2 - Alta,Banco de Dados,Sub C,lsin,CI-84,NOC N2,Monitoramento,SIM,NAO,Falha de Aplicação,Reinício de serviço,4398.803930831306
INC102237,2025-07-22 05:18:00,2025-07-22 06:01:14.125441608,2025-07-22 09:41:14.125441608,3 - Média,Rede,Sub A,lhco,CI-200,NOC N2,Monitoramento,SIM,NAO,Falha de Aplicação,Patch aplicado,2594.1254416063707
INC102238,2025-07-22 14:40:00,2025-07-22 16:42:14.941241940,2025-07-22 17:14:14.941241940,3 - Média,Aplicação,Sub C,lhco,CI-31,SRE,Monitoramento,SIM,NAO,Erro de Configuração,Reinício de serviço,7334.9412419378605
INC102239,2025-07-22 16:23:00,2025-07-22 17:45:25.314374442,2025-07-22 19:57:25.314374442,2 - Alta,Rede,Sub B,lhco,CI-51,SRE,Monitoramento,SIM,NAO,Manutenção Programada,Patch aplicado,4945.314374440531
INC102240,2025-07-22 18:18:00,2025-07-22 19:18:47.392055466,2025-07-22 20:11:47.392055466,2 - Alta,Banco de Dados,Sub B,lrev,CI-121,SRE,Monitoramento,SIM,NAO,Falha de Aplicação,Ajuste de configuração,3647.392055466606
INC102241,2025-07-22 20:29:00,2025-07-22 23:12:53.495608200,2025-07-22 23:37:53.495608200,2 - Alta,Infraestrutura,Sub A,lsin,CI-143,NOC N2,Monitoramento,SIM,NAO,Erro de Configuração,Reinício de serviço,9833.495608201629
INC102242,2025-07-23 00:05:00,2025-07-23 00:51:01.102174452,2025-07-23 00:53:01.102174452,4 - Baixa,Banco de Dados,Sub A,lhco,CI-222,NOC N1,Monitoramento,NAO,NAO,Falha de Aplicação,Ajuste de configuração,2761.1021744525247
INC102243,2025-07-23 02:49:00,2025-07-23 05:10:36.302072100,2025-07-23 08:14:36.302072100,3 - Média,Infraestrutura,Sub B,lsin,CI-26,Suporte N3,Monitoramento,SIM,NAO,Erro de Configuração,Ajuste de configuração,8496.302072100802
INC102244,2025-07-23 04:45:00,2025-07-23 05:27:56.083449210,2025-07-23 09:21:56.083449210,4 - Baixa,Rede,Sub A,lrev,CI-90,SRE,Monitoramento,NAO,NAO,Falha de Rede,Ajuste de configuração,2576.083449209713
INC102245,2025-07-23 06:45:00,2025-07-23 08:21:04.908346602,2025-07-23 08:52:04.908346602,3 - Média,Rede,Sub A,lsin,CI-155,NOC N1,Monitoramento,SIM,NAO,Manutenção Programada,Reinício de serviço,5764.908346602371
INC102246,2025-07-23 13:29:00,2025-07-23 14:39:20.326368246,2025-07-23 15:33:20.326368246,2 - Alta,Rede,Sub C,lsin,CI-296,NOC N1,Monitoramento,SIM,NAO,Falha de Aplicação,Ajuste de configuração,4220.326368245966
INC102247,2025-07-23 16:05:00,2025-07-23 17:44:59.501915514,2025-07-23 18:15:59.501915514,3 - Média,Aplicação,Sub C,lsin,CI-341,SRE,Manual,SIM,NAO,Erro de Configuração,Patch aplicado,5999.501915512759
INC102248,2025-07-23 21:59:00,2025-07-23 23:58:25.704969612,2025-07-24 01:54:25.704969612,3 - Média,Infraestrutura,Sub C,lsin,CI-130,NOC N2,Monitoramento,SIM,NAO,Falha de Aplicação,Patch aplicado,7165.7049696093745
INC102249,2025-07-24 02:41:00,2025-07-24 02:51:35.089754988,2025-07-24 03:51:35.089754988,2 - Alta,Rede,Sub A,lcem,CI-134,NOC N2,Monitoramento,SIM,NAO,Falha de Rede,Ajuste de configuração,635.0897549888685
INC102250,2025-07-24 09:10:00,2025-07-24 10:28:22.603469772,2025-07-24 13:16:22.603469772,3 - Média,Rede,Sub C,lrev,CI-335,NOC N1,Manual,SIM,NAO,Falha de Rede,Patch aplicado,4702.60346976915
INC102251,2025-07-24 09:37:00,2025-07-24 10:29:57.871557096,2025-07-24 13:57:57.871557096,4 - Baixa,Aplicação,Sub C,lhco,CI-51,NOC N1,Monitoramento,NAO,NAO,Falha de Aplicação,Ajuste de configuração,3177.871557093016
INC102252,2025-07-24 10:58:00,2025-07-24 15:52:49.154443644,2025-07-24 16:22:49.154443644,3 - Média,Infraestrutura,Sub C,lcem,CI-115,Suporte N3,Monitoramento,SIM,NAO,Manutenção Programada,Ajuste de configuração,17689.154443644493
INC102253,2025-07-24 13:36:00,2025-07-24 13:41:49.416020178,2025-07-24 14:30:49.416020178,3 - Média,Aplicação,Sub B,lcem,CI-101,Suporte N3,Monitoramento,SIM,NAO,Falha de Aplicação,Reinício de serviço,349.4160201756761
INC102254,2025-07-24 14:20:00,2025-07-24 14:40:29.444051214,2025-07-24 17:40:29.444051214,2 - Alta,Aplicação,Sub B,lcem,CI-4,Suporte N3,Monitoramento,SIM,NAO,Erro de Configuração,Reinício de serviço,1229.4440512155334
INC102255,2025-07-24 15:09:00,2025-07-24 17:45:24.441633912,2025-07-24 19:11:24.441633912,3 - Média,Banco de Dados,Sub A,lsin,CI-128,NOC N1,Monitoramento,SIM,NAO,Falha de Aplicação,Ajuste de configuração,9384.44163391216
INC102256,2025-07-24 15:38:00,2025-07-24 16:18:54.379828572,2025-07-24 18:09:54.379828572,3 - Média,Infraestrutura,Sub B,lcem,CI-81,SRE,Manual,SIM,NAO,Falha de Rede,Reinício de serviço,2454.379828574754
INC102257,2025-07-24 16:46:00,2025-07-24 18:27:19.317497820,2025-07-24 21:30:19.317497820,3 - Média,Infraestrutura,Sub B,lsin,CI-86,NOC N2,Monitoramento,SIM,NAO,Falha de Aplicação,Ajuste de configuração,6079.317497819078
INC102258,2025-07-24 19:02:00,2025-07-24 21:00:42.037650066,2025-07-25 00:03:42.037650066,3 - Média,Aplicação,Sub C,lsin,CI-138,NOC N1,Monitoramento,SIM,NAO,Manutenção Programada,Ajuste de configuração,7122.037650065899
INC102259,2025-07-25 00:15:00,2025-07-25 00:37:22.211705040,2025-07-25 01:22:22.211705040,2 - Alta,Aplicação,Sub C,lhco,CI-50,NOC N1,Monitoramento,SIM,NAO,Falha de Rede,Patch aplicado,1342.211705038621
INC102260,2025-07-25 03:31:00,2025-07-25 05:20:57.374978898,2025-07-25 05:27:57.374978898,3 - Média,Rede,Sub B,lhvp,CI-212,NOC N1,Monitoramento,SIM,NAO,Manutenção Programada,Reinício de serviço,6597.374978899052
INC102261,2025-07-25 04:51:00,2025-07-25 05:15:42.488458182,2025-07-25 07:37:42.488458182,2 - Alta,Aplicação,Sub A,lhvp,CI-145,NOC N2,Monitoramento,SIM,NAO,Falha de Aplicação,Patch aplicado,1482.4884581831823
INC102262,2025-07-25 13:23:00,2025-07-25 15:27:32.078478738,2025-07-25 17:28:32.078478738,2 - Alta,Infraestrutura,Sub A,lhco,CI-64,NOC N2,Monitoramento,SIM,NAO,Manutenção Programada,Reinício de serviço,7472.078478738073
INC102263,2025-07-25 15:03:00,2025-07-25 15:54:21.469605864,2025-07-25 16:40:21.469605864,2 - Alta,Banco de Dados,Sub A,lhco,CI-164,NOC N2,Manual,SIM,NAO,Falha de Aplicação,Reinício de serviço,3081.469605865205
INC102264,2025-07-25 15:12:00,2025-07-25 17:31:02.190002208,2025-07-25 18:42:02.190002208,2 - Alta,Banco de Dados,Sub B,lhco,CI-383,SRE,Monitoramento,SIM,NAO,Falha de Aplicação,Reinício de serviço,8342.19000220923
INC102265,2025-07-25 15:45:00,2025-07-25 17:09:03.774757692,2025-07-25 20:35:03.774757692,4 - Baixa,Banco de Dados,Sub B,lrev,CI-351,Suporte N3,Monitoramento,NAO,NAO,Falha de Aplicação,Reinício de serviço,5043.774757690198
INC102266,2025-07-25 17:31:00,2025-07-25 18:53:55.498106886,2025-07-25 22:16:55.498106886,2 - Alta,Aplicação,Sub A,lhco,CI-126,NOC N1,Manual,SIM,NAO,Falha de Rede,Ajuste de configuração,4975.498106887964
INC102267,2025-07-25 18:02:00,2025-07-25 20:49:28.874523762,2025-07-26 00:19:28.874523762,3 - Média,Aplicação,Sub B,lhco,CI-96,NOC N1,Monitoramento,SIM,NAO,Falha de Rede,Ajuste de configuração,10048.874523763949
INC102268,2025-07-25 19:18:00,2025-07-25 20:33:55.266238746,2025-07-25 22:41:55.266238746,4 - Baixa,Aplicação,Sub B,lhco,CI-332,SRE,Monitoramento,NAO,NAO,Erro de Configuração,Patch aplicado,4555.266238746926
INC102269,2025-07-26 01:55:00,2025-07-26 02:42:25.361107272,2025-07-26 03:28:25.361107272,3 - Média,Aplicação,Sub A,lcem,CI-217,NOC N1,Monitoramento,SIM,NAO,Falha de Rede,Patch aplicado,2845.361107274006
INC102270,2025-07-26 02:41:00,2025-07-26 03:35:59.647750842,2025-07-26 04:05:59.647750842,4 - Baixa,Banco de Dados,Sub C,lsin,CI-3,SRE,Monitoramento,NAO,NAO,Erro de Configuração,Ajuste de configuração,3299.6477508424737
INC102271,2025-07-26 05:30:00,2025-07-26 07:36:54.665317314,2025-07-26 07:50:54.665317314,3 - Média,Banco de Dados,Sub B,lhco,CI-312,SRE,Monitoramento,SIM,NAO,Manutenção Programada,Ajuste de configuração,7614.665317314314
INC102272,2025-07-26 06:24:00,2025-07-26 09:07:19.634454480,2025-07-26 09:33:19.634454480,2 - Alta,Infraestrutura,Sub A,lhvp,CI-269,Suporte N3,Monitoramento,SIM,NAO,Falha de Aplicação,Patch aplicado,9799.634454480272
INC102273,2025-07-26 09:06:00,2025-07-26 09:48:19.546372692,2025-07-26 12:52:19.546372692,4 - Baixa,Infraestrutura,Sub B,lhco,CI-66,SRE,Monitoramento,NAO,NAO,Falha de Aplicação,Ajuste de configuração,2539.546372692844
INC102274,2025-07-26 10:35:00,2025-07-26 11:40:45.652554186,2025-07-26 15:30:45.652554186,3 - Média,Banco de Dados,Sub A,lsin,CI-51,NOC N1,Monitoramento,SIM,NAO,Falha de Rede,Ajuste de configuração,3945.652554187449
INC102275,2025-07-26 14:11:00,2025-07-26 16:52:51.851327676,2025-07-26 17:36:51.851327676,3 - Média,Infraestrutura,Sub A,lhco,CI-149,SRE,Manual,SIM,NAO,Falha de Aplicação,Patch aplicado,9711.851327676268
INC102276,2025-07-26 18:10:00,2025-07-26 20:46:42.163905996,2025-07-26 21:18:42.163905996,3 - Média,Rede,Sub B,lsin,CI-311,NOC N2,Monitoramento,SIM,NAO,Falha de Rede,Ajuste de configuração,9402.163905996631
INC102277,2025-07-26 18:52:00,2025-07-26 19:18:53.308178670,2025-07-26 19:30:53.308178670,3 - Média,Banco de Dados,Sub A,lsin,CI-323,NOC N2,Monitoramento,SIM,NAO,Erro de Configuração,Patch aplicado,1613.308178667219
INC102278,2025-07-26 20:19:00,2025-07-26 21:43:17.423407062,2025-07-26 22:11:17.423407062,2 - Alta,Rede,Sub A,lhvp,CI-181,Suporte N3,Monitoramento,SIM,NAO,Erro de Configuração,Reinício de serviço,5057.423407062929
INC102279,2025-07-27 02:48:00,2025-07-27 03:55:10.445959578,2025-07-27 06:23:10.445959578,3 - Média,Rede,Sub A,lcem,CI-295,Suporte N3,Monitoramento,SIM,NAO,Falha de Aplicação,Patch aplicado,4030.4459595753933
INC102280,2025-07-27 02:59:00,2025-07-27 04:28:16.734597768,2025-07-27 06:45:16.734597768,3 - Média,Rede,Sub B,lsin,CI-119,NOC N1,Monitoramento,SIM,NAO,Manutenção Programada,Patch aplicado,5356.734597766079
INC102281,2025-07-27 03:00:00,2025-07-27 06:36:50.246690760,2025-07-27 08:35:50.246690760,2 - Alta,Infraestrutura,Sub A,lhco,CI-78,SRE,Monitoramento,SIM,NAO,Erro de Configuração,Patch aplicado,13010.246690759592
INC102282,2025-07-27 04:12:00,2025-07-27 05:51:37.983216894,2025-07-27 07:33:37.983216894,3 - Média,Aplicação,Sub B,lhco,CI-174,SRE,Monitoramento,SIM,NAO,Falha de Rede,Reinício de serviço,5977.983216892285
INC102283,2025-07-27 05:50:00,2025-07-27 09:03:04.544458572,2025-07-27 11:10:04.544458572,3 - Média,Rede,Sub A,lhco,CI-50,NOC N2,Monitoramento,SIM,NAO,Erro de Configuração,Ajuste de configuração,11584.544458570435
INC102284,2025-07-27 07:26:00,2025-07-27 09:40:56.658449322,2025-07-27 10:04:56.658449322,3 - Média,Infraestrutura,Sub B,lsin,CI-286,SRE,Monitoramento,SIM,NAO,Erro de Configuração,Ajuste de configuração,8096.658449324552
INC102285,2025-07-27 09:59:00,2025-07-27 12:01:21.762686136,2025-07-27 13:30:21.762686136,4 - Baixa,Banco de Dados,Sub B,lsin,CI-163,SRE,Monitoramento,NAO,NAO,Manutenção Programada,Patch aplicado,7341.7626861363005
INC102286,2025-07-27 10:30:00,2025-07-27 12:46:22.238586456,2025-07-27 14:46:22.238586456,2 - Alta,Infraestrutura,Sub B,lsin,CI-320,SRE,Monitoramento,SIM,NAO,Falha de Rede,Ajuste de configuração,8182.238586455598
INC102287,2025-07-27 16:35:00,2025-07-27 18:52:01.209763470,2025-07-27 19:30:01.209763470,4 - Baixa,Rede,Sub A,lcem,CI-114,Suporte N3,Monitoramento,NAO,NAO,Falha de Aplicação,Patch aplicado,8221.209763469908
INC102288,2025-07-27 17:46:00,2025-07-27 18:17:32.905047426,2025-07-27 20:39:32.905047426,4 - Baixa,Aplicação,Sub A,lhco,CI-160,Suporte N3,Monitoramento,NAO,NAO,Erro de Configuração,Ajuste de configuração,1892.9050474280814
INC102289,2025-07-27 18:57:00,2025-07-27 21:25:33.619133172,2025-07-27 21:28:33.619133172,3 - Média,Rede,Sub B,lcem,CI-342,NOC N1,Monitoramento,SIM,NAO,Falha de Rede,Ajuste de configuração,8913.619133173903
INC102290,2025-07-27 20:37:00,2025-07-27 22:16:08.595410004,2025-07-27 23:59:08.595410004,3 - Média,Infraestrutura,Sub A,lrev,CI-20,Suporte N3,Monitoramento,SIM,NAO,Erro de Configuração,Reinício de serviço,5948.595410001733
INC102291,2025-07-28 01:27:00,2025-07-28 02:05:00.944713716,2025-07-28 05:38:00.944713716,3 - Média,Banco de Dados,Sub C,lhvp,CI-322,NOC N1,Monitoramento,SIM,NAO,Falha de Aplicação,Ajuste de configuração,2280.9447137148445
INC102292,2025-07-28 01:36:00,2025-07-28 03:57:48.885720090,2025-07-28 05:12:48.885720090,3 - Média,Aplicação,Sub A,lhvp,CI-306,SRE,Monitoramento,SIM,NAO,Erro de Configuração,Ajuste de configuração,8508.885720087019
INC102293,2025-07-28 01:55:00,2025-07-28 04:35:23.136945696,2025-07-28 07:06:23.136945696,3 - Média,Rede,Sub A,lhco,CI-237,Suporte N3,Monitoramento,SIM,NAO,Falha de Rede,Reinício de serviço,9623.13694569664
INC102294,2025-07-28 02:15:00,2025-07-28 02:27:49.748731788,2025-07-28 05:51:49.748731788,4 - Baixa,Aplicação,Sub B,lhco,CI-5,NOC N1,Monitoramento,NAO,NAO,Erro de Configuração,Reinício de serviço,769.748731786956
INC102295,2025-07-28 02:47:00,2025-07-28 04:47:46.059656478,2025-07-28 06:40:46.059656478,3 - Média,Banco de Dados,Sub B,lhco,CI-231,SRE,Monitoramento,SIM,NAO,Falha de Aplicação,Patch aplicado,7246.059656475822
INC102296,2025-07-28 06:13:00,2025-07-28 06:18:16.846118628,2025-07-28 07:57:16.846118628,4 - Baixa,Banco de Dados,Sub B,lhco,CI-110,NOC N1,Monitoramento,NAO,NAO,Manutenção Programada,Ajuste de configuração,316.8461186304332
INC102297,2025-07-28 09:00:00,2025-07-28 10:47:25.383030066,2025-07-28 11:49:25.383030066,4 - Baixa,Aplicação,Sub B,lhco,CI-205,SRE,Monitoramento,NAO,NAO,Falha de Rede,Ajuste de configuração,6445.383030065926
INC102298,2025-07-28 12:06:00,2025-07-28 14:09:43.378812138,2025-07-28 15:28:43.378812138,3 - Média,Infraestrutura,Sub A,lcem,CI-96,NOC N1,Monitoramento,SIM,NAO,Falha de Rede,Patch aplicado,7423.378812136469
INC102299,2025-07-28 14:18:00,2025-07-28 16:57:58.285090458,2025-07-28 17:58:58.285090458,4 - Baixa,Aplicação,Sub C,lsin,CI-62,SRE,Manual,NAO,NAO,Erro de Configuração,Reinício de serviço,9598.285090457372
INC102300,2025-07-28 15:07:00,2025-07-28 16:23:02.171693634,2025-07-28 17:51:02.171693634,3 - Média,Infraestrutura,Sub B,lsin,CI-101,NOC N1,Monitoramento,SIM,NAO,Falha de Rede,Ajuste de configuração,4562.171693635019
INC102301,2025-07-28 18:37:00,2025-07-28 19:04:39.109482300,2025-07-28 21:01:39.109482300,2 - Alta,Banco de Dados,Sub B,lsin,CI-144,NOC N1,Monitoramento,SIM,NAO,Erro de Configuração,Ajuste de configuração,1659.1094822978632
INC102302,2025-07-28 22:46:00,2025-07-29 02:50:40.428962214,2025-07-29 03:43:40.428962214,4 - Baixa,Banco de Dados,Sub A,lhvp,CI-255,Suporte N3,Manual,NAO,NAO,Erro de Configuração,Ajuste de configuração,14680.428962214717
INC102303,2025-07-29 01:50:00,2025-07-29 03:49:55.920018390,2025-07-29 05:53:55.920018390,3 - Média,Infraestrutura,Sub A,lcem,CI-393,Suporte N3,Monitoramento,SIM,NAO,Falha de Rede,Ajuste de configuração,7195.920018390337
INC102304,2025-07-29 02:35:00,2025-07-29 04:13:37.159612974,2025-07-29 07:12:37.159612974,3 - Média,Banco de Dados,Sub C,lhco,CI-246,NOC N2,Monitoramento,SIM,NAO,Erro de Configuração,Ajuste de configuração,5917.159612972211
INC102305,2025-07-29 03:05:00,2025-07-29 04:11:48.848746668,2025-07-29 07:41:48.848746668,4 - Baixa,Rede,Sub A,lsin,CI-202,NOC N1,Monitoramento,NAO,NAO,Erro de Configuração,Reinício de serviço,4008.848746669845
INC102306,2025-07-29 03:49:00,2025-07-29 07:30:41.664566214,2025-07-29 09:30:41.664566214,4 - Baixa,Infraestrutura,Sub C,lhvp,CI-131,Suporte N3,Monitoramento,NAO,NAO,Falha de Rede,Patch aplicado,13301.664566215934
INC102307,2025-07-29 06:53:00,2025-07-29 07:02:47.322186078,2025-07-29 10:54:47.322186078,3 - Média,Rede,Sub B,lhvp,CI-207,Suporte N3,Manual,SIM,NAO,Manutenção Programada,Reinício de serviço,587.3221860785311
INC102308,2025-07-29 09:43:00,2025-07-29 12:46:21.885015642,2025-07-29 15:17:21.885015642,4 - Baixa,Banco de Dados,Sub C,lhco,CI-264,NOC N1,Monitoramento,NAO,NAO,Falha de Rede,Ajuste de configuração,11001.885015643495
INC102309,2025-07-29 11:40:00,2025-07-29 12:48:40.636381350,2025-07-29 16:36:40.636381350,2 - Alta,Banco de Dados,Sub C,lhco,CI-246,Suporte N3,Monitoramento,SIM,NAO,Erro de Configuração,Reinício de serviço,4120.636381350311
INC102310,2025-07-29 11:54:00,2025-07-29 13:26:53.510419890,2025-07-29 15:54:53.510419890,3 - Média,Infraestrutura,Sub B,lcem,CI-97,NOC N2,Monitoramento,SIM,NAO,Erro de Configuração,Ajuste de configuração,5573.510419892832
INC102311,2025-07-29 12:26:00,2025-07-29 14:05:29.790326754,2025-07-29 16:59:29.790326754,2 - Alta,Rede,Sub B,lsin,CI-390,SRE,Monitoramento,SIM,NAO,Manutenção Programada,Patch aplicado,5969.7903267552265
INC102312,2025-07-29 20:28:00,2025-07-29 21:42:12.887673576,2025-07-29 22:42:12.887673576,4 - Baixa,Rede,Sub C,lsin,CI-297,SRE,Monitoramento,NAO,NAO,Erro de Configuração,Reinício de serviço,4452.887673573439
INC102313,2025-07-29 20:35:00,2025-07-29 20:59:29.983597806,2025-07-30 00:02:29.983597806,2 - Alta,Aplicação,Sub A,lsin,CI-31,NOC N1,Monitoramento,SIM,NAO,Falha de Aplicação,Ajuste de configuração,1469.9835978055273
INC102314,2025-07-29 23:42:00,2025-07-29 23:55:22.864488630,2025-07-30 01:00:22.864488630,3 - Média,Infraestrutura,Sub A,lcem,CI-6,Suporte N3,Monitoramento,SIM,NAO,Falha de Rede,Reinício de serviço,802.8644886301219
INC102315,2025-07-30 00:16:00,2025-07-30 01:33:17.064206208,2025-07-30 02:20:17.064206208,2 - Alta,Infraestrutura,Sub A,lhco,CI-71,Suporte N3,Monitoramento,SIM,NAO,Falha de Rede,Patch aplicado,4637.064206209347
INC102316,2025-07-30 02:03:00,2025-07-30 02:18:13.576884438,2025-07-30 03:08:13.576884438,4 - Baixa,Banco de Dados,Sub C,lsin,CI-228,SRE,Monitoramento,NAO,NAO,Falha de Rede,Ajuste de configuração,913.5768844356911
INC102317,2025-07-30 02:08:00,2025-07-30 04:20:02.280214668,2025-07-30 05:26:02.280214668,3 - Média,Banco de Dados,Sub B,lcem,CI-277,NOC N1,Monitoramento,SIM,NAO,Manutenção Programada,Ajuste de configuração,7922.280214666318
INC102318,2025-07-30 02:43:00,2025-07-30 04:10:38.605146738,2025-07-30 05:55:38.605146738,4 - Baixa,Banco de Dados,Sub A,lrev,CI-306,Suporte N3,Monitoramento,NAO,SIM,Falha de Rede,Patch aplicado,5258.605146738617
INC102319,2025-07-30 10:58:00,2025-07-30 13:49:26.416301718,2025-07-30 16:12:26.416301718,2 - Alta,Rede,Sub B,lhco,CI-303,NOC N2,Monitoramento,SIM,NAO,Manutenção Programada,Patch aplicado,10286.416301717665
INC102320,2025-07-30 14:34:00,2025-07-30 15:32:40.817452614,2025-07-30 17:45:40.817452614,4 - Baixa,Rede,Sub B,lcem,CI-214,NOC N1,Monitoramento,NAO,SIM,Falha de Rede,Patch aplicado,3520.817452616579
INC102321,2025-07-30 15:45:00,2025-07-30 16:57:47.340866724,2025-07-30 19:47:47.340866724,3 - Média,Aplicação,Sub C,lhco,CI-351,NOC N1,Monitoramento,SIM,NAO,Erro de Configuração,Patch aplicado,4367.340866723898
INC102322,2025-07-30 16:26:00,2025-07-30 16:56:42.246017028,2025-07-30 20:27:42.246017028,4 - Baixa,Aplicação,Sub B,lsin,CI-59,NOC N1,Manual,NAO,NAO,Erro de Configuração,Reinício de serviço,1842.2460170291881
INC102323,2025-07-30 17:48:00,2025-07-30 19:32:20.525581278,2025-07-30 22:41:20.525581278,2 - Alta,Rede,Sub C,lcem,CI-74,NOC N2,Monitoramento,SIM,NAO,Falha de Aplicação,Ajuste de configuração,6260.525581279351
INC102324,2025-07-30 19:33:00,2025-07-30 21:44:25.446248532,2025-07-30 23:24:25.446248532,4 - Baixa,Rede,Sub A,lhco,CI-39,SRE,Monitoramento,NAO,NAO,Erro de Configuração,Reinício de serviço,7885.446248530062
INC102325,2025-07-30 19:44:00,2025-07-30 21:10:45.129971796,2025-07-31 00:43:45.129971796,4 - Baixa,Infraestrutura,Sub B,lhco,CI-258,SRE,Monitoramento,NAO,NAO,Erro de Configuração,Ajuste de configuração,5205.129971795099
INC102326,2025-07-31 00:36:00,2025-07-31 03:06:15.594257999,2025-07-31 05:57:15.594257999,4 - Baixa,Rede,Sub A,lhco,CI-206,NOC N1,Monitoramento,NAO,NAO,Falha de Rede,Patch aplicado,9015.594257997645
INC102327,2025-07-31 02:09:00,2025-07-31 06:00:20.081372184,2025-07-31 08:18:20.081372184,4 - Baixa,Infraestrutura,Sub B,lsin,CI-356,NOC N1,Monitoramento,NAO,NAO,Falha de Aplicação,Reinício de serviço,13880.081372183693
INC102328,2025-07-31 02:24:00,2025-07-31 04:34:46.803166230,2025-07-31 04:40:46.803166230,2 - Alta,Aplicação,Sub A,lcem,CI-239,SRE,Monitoramento,SIM,NAO,Erro de Configuração,Reinício de serviço,7846.803166227987
INC102329,2025-07-31 03:25:00,2025-07-31 04:09:14.122786530,2025-07-31 05:38:14.122786530,3 - Média,Aplicação,Sub B,lsin,CI-252,Suporte N3,Monitoramento,SIM,NAO,Erro de Configuração,Patch aplicado,2654.122786528881
INC102330,2025-07-31 07:59:00,2025-07-31 08:25:52.525026882,2025-07-31 11:14:52.525026882,4 - Baixa,Banco de Dados,Sub A,lrev,CI-144,NOC N1,Monitoramento,NAO,NAO,Erro de Configuração,Reinício de serviço,1612.5250268839823
INC102331,2025-07-31 13:01:00,2025-07-31 15:51:32.993992757,2025-07-31 19:48:32.993992757,3 - Média,Infraestrutura,Sub C,lhco,CI-391,SRE,Monitoramento,SIM,NAO,Falha de Rede,Ajuste de configuração,10232.99399275723
INC102332,2025-07-31 17:17:00,2025-07-31 20:23:22.527195906,2025-07-31 22:17:22.527195906,4 - Baixa,Banco de Dados,Sub A,lhco,CI-122,NOC N1,Monitoramento,NAO,NAO,Manutenção Programada,Ajuste de configuração,11182.52719590869
INC102333,2025-07-31 18:24:00,2025-07-31 19:01:55.960005594,2025-07-31 22:22:55.960005594,3 - Média,Banco de Dados,Sub B,lcem,CI-22,SRE,Monitoramento,SIM,NAO,Erro de Configuração,Ajuste de configuração,2275.960005593409
INC102334,2025-07-31 18:27:00,2025-07-31 18:57:32.583343326,2025-07-31 19:23:32.583343326,3 - Média,Banco de Dados,Sub C,lhco,CI-117,NOC N1,Monitoramento,SIM,NAO,Falha de Aplicação,Ajuste de configuração,1832.58334332581
INC102335,2025-07-31 20:08:00,2025-07-31 22:04:32.054678489,2025-07-31 22:06:32.054678489,4 - Baixa,Banco de Dados,Sub C,lhco,CI-41,NOC N2,Monitoramento,NAO,NAO,Falha de Aplicação,Patch aplicado,6992.054678490275
INC102336,2025-07-31 21:51:00,2025-07-31 23:58:24.018819024,2025-08-01 03:01:24.018819024,3 - Média,Rede,Sub C,lcem,CI-204,Suporte N3,Monitoramento,SIM,NAO,Erro de Configuração,Ajuste de configuração,7644.018819023611
INC102337,2025-07-31 22:24:00,2025-08-01 00:25:20.948538042,2025-08-01 00:37:20.948538042,3 - Média,Banco de Dados,Sub B,lhco,CI-295,NOC N1,Monitoramento,SIM,NAO,Falha de Aplicação,Reinício de serviço,7280.948538039776
INC102338,2025-08-01 03:07:00,2025-08-01 03:22:49.054824138,2025-08-01 06:17:49.054824138,3 - Média,Infraestrutura,Sub A,lsin,CI-108,NOC N2,Monitoramento,SIM,NAO,Manutenção Programada,Ajuste de configuração,949.0548241381243
INC102339,2025-08-01 03:11:00,2025-08-01 07:47:54.520297272,2025-08-01 09:28:54.520297272,4 - Baixa,Banco de Dados,Sub C,lhco,CI-105,NOC N1,Monitoramento,NAO,NAO,Manutenção Programada,Ajuste de configuração,16614.520297271054
INC102340,2025-08-01 03:43:00,2025-08-01 06:54:58.527291630,2025-08-01 09:00:58.527291630,2 - Alta,Aplicação,Sub C,lcem,CI-130,NOC N2,Monitoramento,SIM,NAO,Falha de Rede,Ajuste de configuração,11518.527291629165
INC102341,2025-08-01 05:29:00,2025-08-01 07:39:52.756113126,2025-08-01 08:02:52.756113126,3 - Média,Rede,Sub C,lsin,CI-202,NOC N2,Monitoramento,SIM,NAO,Manutenção Programada,Ajuste de configuração,7852.756113127563
INC102342,2025-08-01 07:02:00,2025-08-01 09:01:03.870551520,2025-08-01 09:34:03.870551520,2 - Alta,Banco de Dados,Sub B,lcem,CI-173,NOC N2,Monitoramento,SIM,NAO,Falha de Rede,Reinício de serviço,7143.870551521442
INC102343,2025-08-01 08:26:00,2025-08-01 12:17:58.783653750,2025-08-01 13:56:58.783653750,3 - Média,Banco de Dados,Sub A,lsin,CI-394,Suporte N3,Manual,SIM,NAO,Erro de Configuração,Reinício de serviço,13918.783653751478
INC102344,2025-08-01 10:26:00,2025-08-01 11:57:15.828033449,2025-08-01 12:09:15.828033449,2 - Alta,Aplicação,Sub C,lsin,CI-198,NOC N1,Monitoramento,SIM,NAO,Erro de Configuração,Patch aplicado,5475.828033451932
INC102345,2025-08-01 11:10:00,2025-08-01 12:05:44.634177960,2025-08-01 15:28:44.634177960,4 - Baixa,Aplicação,Sub B,lsin,CI-135,SRE,Monitoramento,NAO,NAO,Falha de Aplicação,Patch aplicado,3344.634177957207
INC102346,2025-08-01 11:25:00,2025-08-01 12:04:16.495744698,2025-08-01 14:58:16.495744698,3 - Média,Aplicação,Sub A,lsin,CI-371,SRE,Monitoramento,SIM,NAO,Erro de Configuração,Patch aplicado,2356.4957446975022
INC102347,2025-08-01 11:54:00,2025-08-01 15:10:16.783999415,2025-08-01 15:29:16.783999415,2 - Alta,Aplicação,Sub B,lsin,CI-110,SRE,Monitoramento,SIM,NAO,Manutenção Programada,Patch aplicado,11776.783999416382
INC102348,2025-08-01 12:48:00,2025-08-01 13:31:13.605514338,2025-08-01 17:14:13.605514338,3 - Média,Rede,Sub B,lhco,CI-274,Suporte N3,Manual,SIM,NAO,Falha de Aplicação,Patch aplicado,2593.6055143363587
INC102349,2025-08-01 15:05:00,2025-08-01 17:21:20.074741800,2025-08-01 19:31:20.074741800,4 - Baixa,Infraestrutura,Sub B,lcem,CI-351,NOC N2,Monitoramento,NAO,NAO,Falha de Aplicação,Patch aplicado,8180.074741801309
INC102350,2025-08-01 15:05:00,2025-08-01 16:06:59.390128728,2025-08-01 18:38:59.390128728,2 - Alta,Infraestrutura,Sub C,lsin,CI-41,NOC N1,Monitoramento,SIM,NAO,Falha de Rede,Ajuste de configuração,3719.3901287267536
INC102351,2025-08-01 17:04:00,2025-08-01 19:04:02.418105450,2025-08-01 22:51:02.418105450,2 - Alta,Aplicação,Sub C,lrev,CI-11,SRE,Monitoramento,SIM,NAO,Manutenção Programada,Patch aplicado,7202.418105451344
INC102352,2025-08-01 20:52:00,2025-08-01 22:59:44.372960712,2025-08-01 23:31:44.372960712,4 - Baixa,Infraestrutura,Sub B,lhco,CI-156,Suporte N3,Monitoramento,NAO,NAO,Manutenção Programada,Patch aplicado,7664.372960710194
INC102353,2025-08-01 22:37:00,2025-08-02 00:49:28.323297924,2025-08-02 02:04:28.323297924,3 - Média,Aplicação,Sub B,lrev,CI-361,SRE,Manual,SIM,NAO,Falha de Rede,Ajuste de configuração,7948.32329792256
INC102354,2025-08-02 02:05:00,2025-08-02 05:35:06.889806090,2025-08-02 06:14:06.889806090,4 - Baixa,Aplicação,Sub A,lhvp,CI-269,NOC N1,Monitoramento,NAO,NAO,Falha de Rede,Reinício de serviço,12606.889806089599
INC102355,2025-08-02 03:55:00,2025-08-02 04:36:28.182167238,2025-08-02 04:50:28.182167238,2 - Alta,Rede,Sub A,lhco,CI-258,SRE,Monitoramento,SIM,NAO,Erro de Configuração,Reinício de serviço,2488.1821672379115
INC102356,2025-08-02 04:48:00,2025-08-02 06:00:44.975967288,2025-08-02 08:24:44.975967288,2 - Alta,Infraestrutura,Sub B,lsin,CI-122,NOC N1,Monitoramento,SIM,NAO,Falha de Rede,Patch aplicado,4364.975967290072
INC102357,2025-08-02 07:30:00,2025-08-02 08:50:14.783574060,2025-08-02 11:29:14.783574060,4 - Baixa,Rede,Sub C,lsin,CI-361,NOC N2,Monitoramento,NAO,NAO,Erro de Configuração,Ajuste de configuração,4814.783574061477
INC102358,2025-08-02 07:49:00,2025-08-02 10:24:33.335717616,2025-08-02 13:09:33.335717616,3 - Média,Banco de Dados,Sub B,lhco,CI-32,SRE,Monitoramento,SIM,NAO,Manutenção Programada,Ajuste de configuração,9333.335717613547
INC102359,2025-08-02 11:58:00,2025-08-02 12:10:46.076359284,2025-08-02 14:15:46.076359284,2 - Alta,Aplicação,Sub C,lsin,CI-292,SRE,Monitoramento,SIM,NAO,Falha de Rede,Reinício de serviço,766.0763592835709
INC102360,2025-08-02 14:19:00,2025-08-02 16:56:11.025640146,2025-08-02 18:51:11.025640146,3 - Média,Infraestrutura,Sub A,lrev,CI-176,NOC N2,Monitoramento,SIM,NAO,Falha de Aplicação,Ajuste de configuração,9431.025640143096
INC102361,2025-08-02 18:50:00,2025-08-02 21:04:16.056576600,2025-08-02 21:06:16.056576600,4 - Baixa,Rede,Sub C,lsin,CI-145,NOC N1,Monitoramento,NAO,NAO,Erro de Configuração,Patch aplicado,8056.056576599092
INC102362,2025-08-03 02:46:00,2025-08-03 03:08:39.774575814,2025-08-03 03:12:39.774575814,4 - Baixa,Rede,Sub C,lsin,CI-153,NOC N2,Monitoramento,NAO,NAO,Falha de Rede,Reinício de serviço,1359.7745758120857
INC102363,2025-08-03 02:49:00,2025-08-03 03:16:11.087008560,2025-08-03 05:18:11.087008560,3 - Média,Infraestrutura,Sub C,lrev,CI-194,SRE,Monitoramento,SIM,NAO,Manutenção Programada,Patch aplicado,1631.0870085587187
INC102364,2025-08-03 03:22:00,2025-08-03 04:16:04.711030920,2025-08-03 04:59:04.711030920,3 - Média,Aplicação,Sub C,lrev,CI-378,SRE,Monitoramento,SIM,NAO,Erro de Configuração,Patch aplicado,3244.7110309184595
INC102365,2025-08-03 04:17:00,2025-08-03 05:43:02.251063116,2025-08-03 07:35:02.251063116,4 - Baixa,Infraestrutura,Sub C,lhco,CI-203,SRE,Manual,NAO,NAO,Falha de Aplicação,Ajuste de configuração,5162.251063113272
INC102366,2025-08-03 13:50:00,2025-08-03 15:33:20.342907360,2025-08-03 18:18:20.342907360,3 - Média,Rede,Sub B,lcem,CI-238,NOC N2,Manual,SIM,NAO,Erro de Configuração,Patch aplicado,6200.342907359302
INC102367,2025-08-03 14:42:00,2025-08-03 16:15:41.239341858,2025-08-03 18:01:41.239341858,4 - Baixa,Infraestrutura,Sub B,lcem,CI-102,Suporte N3,Monitoramento,NAO,NAO,Falha de Aplicação,Patch aplicado,5621.2393418559
INC102368,2025-08-03 18:34:00,2025-08-03 20:06:26.918711724,2025-08-03 21:22:26.918711724,4 - Baixa,Aplicação,Sub C,lsin,CI-173,NOC N2,Monitoramento,NAO,NAO,Manutenção Programada,Ajuste de configuração,5546.918711722647
INC102369,2025-08-03 19:28:00,2025-08-03 19:43:02.793158310,2025-08-03 20:21:02.793158310,4 - Baixa,Aplicação,Sub A,lhco,CI-237,NOC N1,Manual,NAO,NAO,Falha de Aplicação,Ajuste de configuração,902.793158311945
INC102370,2025-08-03 19:31:00,2025-08-03 20:02:22.753783080,2025-08-03 22:00:22.753783080,2 - Alta,Infraestrutura,Sub B,lcem,CI-235,Suporte N3,Monitoramento,SIM,NAO,Falha de Rede,Patch aplicado,1882.753783077814
INC102371,2025-08-03 20:32:00,2025-08-03 20:55:01.438485498,2025-08-03 22:29:01.438485498,4 - Baixa,Rede,Sub A,lsin,CI-15,SRE,Monitoramento,NAO,NAO,Manutenção Programada,Reinício de serviço,1381.4384854952866
INC102372,2025-08-03 21:59:00,2025-08-03 22:51:21.519672150,2025-08-04 01:46:21.519672150,3 - Média,Rede,Sub B,lsin,CI-141,Suporte N3,Monitoramento,SIM,NAO,Falha de Rede,Reinício de serviço,3141.5196721476927
INC102373,2025-08-03 22:36:00,2025-08-04 00:11:17.009653146,2025-08-04 00:53:17.009653146,4 - Baixa,Rede,Sub C,lsin,CI-159,Suporte N3,Monitoramento,NAO,NAO,Falha de Aplicação,Ajuste de configuração,5717.009653144755
INC102374,2025-08-03 22:42:00,2025-08-03 23:51:42.863679984,2025-08-04 00:26:42.863679984,2 - Alta,Banco de Dados,Sub B,lsin,CI-55,Suporte N3,Monitoramento,SIM,NAO,Erro de Configuração,Reinício de serviço,4182.863679981546
INC102375,2025-08-03 22:57:00,2025-08-04 01:36:13.314092814,2025-08-04 04:21:13.314092814,2 - Alta,Infraestrutura,Sub B,lsin,CI-385,NOC N1,Monitoramento,SIM,NAO,Falha de Rede,Reinício de serviço,9553.314092813795
INC102376,2025-08-04 04:32:00,2025-08-04 05:49:25.192099578,2025-08-04 09:25:25.192099578,2 - Alta,Infraestrutura,Sub A,lhvp,CI-192,NOC N1,Monitoramento,SIM,NAO,Falha de Aplicação,Reinício de serviço,4645.192099575767
INC102377,2025-08-04 04:34:00,2025-08-04 04:50:25.725012834,2025-08-04 08:10:25.725012834,4 - Baixa,Rede,Sub B,lrev,CI-306,SRE,Monitoramento,NAO,NAO,Manutenção Programada,Patch aplicado,985.7250128310664
INC102378,2025-08-04 04:58:00,2025-08-04 06:53:28.573879944,2025-08-04 08:59:28.573879944,3 - Média,Rede,Sub B,lsin,CI-128,NOC N2,Monitoramento,SIM,NAO,Falha de Rede,Patch aplicado,6928.573879945654
INC102379,2025-08-04 06:33:00,2025-08-04 11:15:19.698045342,2025-08-04 11:30:19.698045342,4 - Baixa,Rede,Sub A,lcem,CI-135,SRE,Manual,NAO,NAO,Manutenção Programada,Reinício de serviço,16939.698045340207
INC102380,2025-08-04 08:14:00,2025-08-04 09:06:26.794374744,2025-08-04 09:48:26.794374744,2 - Alta,Infraestrutura,Sub C,lsin,CI-371,NOC N2,Monitoramento,SIM,NAO,Erro de Configuração,Reinício de serviço,3146.794374746561
INC102381,2025-08-04 08:35:00,2025-08-04 09:45:20.398418940,2025-08-04 10:20:20.398418940,2 - Alta,Rede,Sub A,lsin,CI-90,Suporte N3,Monitoramento,SIM,NAO,Erro de Configuração,Patch aplicado,4220.398418940296
INC102382,2025-08-04 10:52:00,2025-08-04 11:22:24.276469152,2025-08-04 15:12:24.276469152,3 - Média,Infraestrutura,Sub C,lhco,CI-218,NOC N1,Monitoramento,SIM,NAO,Manutenção Programada,Reinício de serviço,1824.2764691499451
INC102383,2025-08-04 11:04:00,2025-08-04 11:22:57.345353238,2025-08-04 13:14:57.345353238,2 - Alta,Rede,Sub C,lsin,CI-241,NOC N2,Monitoramento,SIM,NAO,Falha de Rede,Reinício de serviço,1137.345353239905
INC102384,2025-08-04 15:36:00,2025-08-04 17:26:34.074596538,2025-08-04 19:33:34.074596538,3 - Média,Aplicação,Sub A,lsin,CI-165,Suporte N3,Monitoramento,SIM,NAO,Falha de Aplicação,Patch aplicado,6634.074596540309
INC102385,2025-08-04 17:05:00,2025-08-04 21:02:50.604088248,2025-08-04 23:43:50.604088248,2 - Alta,Infraestrutura,Sub B,lhco,CI-178,NOC N2,Monitoramento,SIM,NAO,Erro de Configuração,Ajuste de configuração,14270.604088245984
INC102386,2025-08-04 17:21:00,2025-08-04 19:19:42.210363504,2025-08-04 21:20:42.210363504,3 - Média,Banco de Dados,Sub B,lsin,CI-342,NOC N1,Monitoramento,SIM,NAO,Erro de Configuração,Patch aplicado,7122.2103635014355
INC102387,2025-08-04 18:01:00,2025-08-04 19:20:42.619278840,2025-08-04 19:21:42.619278840,3 - Média,Banco de Dados,Sub C,lhvp,CI-213,NOC N2,Manual,SIM,NAO,Falha de Aplicação,Patch aplicado,4782.619278840486
INC102388,2025-08-04 18:45:00,2025-08-04 22:51:28.007562066,2025-08-05 02:08:28.007562066,3 - Média,Rede,Sub A,lcem,CI-128,SRE,Monitoramento,SIM,NAO,Erro de Configuração,Reinício de serviço,14788.007562068511
INC102389,2025-08-04 18:47:00,2025-08-04 20:38:45.833353662,2025-08-04 21:23:45.833353662,3 - Média,Rede,Sub B,lcem,CI-16,Suporte N3,Monitoramento,SIM,NAO,Erro de Configuração,Reinício de serviço,6705.83335365977
INC102390,2025-08-04 20:46:00,2025-08-04 22:40:00.230245788,2025-08-04 23:54:00.230245788,4 - Baixa,Aplicação,Sub B,lsin,CI-250,NOC N2,Monitoramento,NAO,NAO,Manutenção Programada,Reinício de serviço,6840.230245790636
INC102391,2025-08-04 23:42:00,2025-08-05 00:36:39.239650506,2025-08-05 03:12:39.239650506,3 - Média,Infraestrutura,Sub C,lhvp,CI-125,Suporte N3,Monitoramento,SIM,NAO,Manutenção Programada,Patch aplicado,3279.239650505003
INC102392,2025-08-05 00:16:00,2025-08-05 00:34:19.174359630,2025-08-05 03:29:19.174359630,3 - Média,Aplicação,Sub A,lhco,CI-136,Suporte N3,Manual,SIM,NAO,Manutenção Programada,Patch aplicado,1099.1743596305341
INC102393,2025-08-05 03:39:00,2025-08-05 03:59:04.516224114,2025-08-05 04:59:04.516224114,3 - Média,Infraestrutura,Sub B,lhco,CI-271,Suporte N3,Monitoramento,SIM,NAO,Erro de Configuração,Ajuste de configuração,1204.5162241141797
INC102394,2025-08-05 04:47:00,2025-08-05 06:39:21.028675158,2025-08-05 09:21:21.028675158,2 - Alta,Infraestrutura,Sub B,lrev,CI-314,SRE,Manual,SIM,NAO,Falha de Rede,Patch aplicado,6741.028675157956
INC102395,2025-08-05 06:03:00,2025-08-05 09:09:38.928996336,2025-08-05 09:35:38.928996336,4 - Baixa,Aplicação,Sub B,lcem,CI-245,Suporte N3,Monitoramento,NAO,NAO,Falha de Aplicação,Ajuste de configuração,11198.928996335319
INC102396,2025-08-05 11:20:00,2025-08-05 12:24:10.031254518,2025-08-05 13:58:10.031254518,3 - Média,Banco de Dados,Sub B,lrev,CI-372,NOC N1,Monitoramento,SIM,NAO,Manutenção Programada,Patch aplicado,3850.0312545199417
INC102397,2025-08-05 12:41:00,2025-08-05 14:56:41.170116972,2025-08-05 17:18:41.170116972,4 - Baixa,Rede,Sub C,lsin,CI-23,NOC N1,Monitoramento,NAO,NAO,Erro de Configuração,Reinício de serviço,8141.1701169707285
INC102398,2025-08-05 13:49:00,2025-08-05 15:27:39.225438498,2025-08-05 18:16:39.225438498,3 - Média,Rede,Sub B,lhco,CI-334,NOC N1,Monitoramento,SIM,NAO,Falha de Aplicação,Patch aplicado,5919.225438495879
INC102399,2025-08-05 19:54:00,2025-08-05 20:38:01.231033170,2025-08-05 22:41:01.231033170,2 - Alta,Rede,Sub C,lhco,CI-44,NOC N2,Monitoramento,SIM,NAO,Falha de Rede,Patch aplicado,2641.231033169103
INC102400,2025-08-05 23:52:00,2025-08-06 00:26:29.808297216,2025-08-06 04:19:29.808297216,3 - Média,Banco de Dados,Sub C,lhco,CI-267,SRE,Monitoramento,SIM,NAO,Manutenção Programada,Patch aplicado,2069.808297214689
INC102401,2025-08-06 01:23:00,2025-08-06 02:05:02.209594800,2025-08-06 04:37:02.209594800,2 - Alta,Aplicação,Sub A,lsin,CI-146,SRE,Manual,SIM,NAO,Falha de Rede,Patch aplicado,2522.2095948015676
INC102402,2025-08-06 05:32:00,2025-08-06 06:23:11.165954274,2025-08-06 08:15:11.165954274,2 - Alta,Infraestrutura,Sub C,lcem,CI-307,NOC N2,Monitoramento,SIM,NAO,Erro de Configuração,Patch aplicado,3071.1659542763855
INC102403,2025-08-06 05:32:00,2025-08-06 06:58:06.439717080,2025-08-06 09:39:06.439717080,3 - Média,Banco de Dados,Sub B,lhvp,CI-34,NOC N2,Monitoramento,SIM,NAO,Falha de Aplicação,Patch aplicado,5166.439717079393
INC102404,2025-08-06 05:56:00,2025-08-06 06:51:23.553751482,2025-08-06 09:42:23.553751482,3 - Média,Infraestrutura,Sub B,lhco,CI-115,NOC N2,Monitoramento,SIM,NAO,Falha de Aplicação,Patch aplicado,3323.553751479113
INC102405,2025-08-06 09:56:00,2025-08-06 10:08:46.484366736,2025-08-06 12:27:46.484366736,3 - Média,Aplicação,Sub A,lhco,CI-191,NOC N2,Monitoramento,SIM,NAO,Erro de Configuração,Ajuste de configuração,766.484366735365
INC102406,2025-08-06 10:25:00,2025-08-06 11:30:09.095996160,2025-08-06 12:36:09.095996160,4 - Baixa,Infraestrutura,Sub B,lsin,CI-2,NOC N1,Monitoramento,NAO,NAO,Falha de Aplicação,Reinício de serviço,3909.0959961604663
INC102407,2025-08-06 11:23:00,2025-08-06 13:06:20.387333736,2025-08-06 14:17:20.387333736,3 - Média,Banco de Dados,Sub B,lsin,CI-249,NOC N1,Manual,SIM,NAO,Falha de Rede,Reinício de serviço,6200.387333738168
INC102408,2025-08-06 14:34:00,2025-08-06 16:05:41.499587706,2025-08-06 17:29:41.499587706,2 - Alta,Aplicação,Sub B,lcem,CI-340,SRE,Monitoramento,SIM,NAO,Erro de Configuração,Reinício de serviço,5501.499587707149
INC102409,2025-08-06 15:28:00,2025-08-06 16:34:02.436838758,2025-08-06 19:28:02.436838758,4 - Baixa,Rede,Sub A,lsin,CI-276,NOC N1,Monitoramento,NAO,NAO,Manutenção Programada,Patch aplicado,3962.4368387554227
INC102410,2025-08-06 16:02:00,2025-08-06 18:42:52.028640738,2025-08-06 20:43:52.028640738,3 - Média,Rede,Sub B,lsin,CI-182,SRE,Monitoramento,SIM,NAO,Manutenção Programada,Reinício de serviço,9652.028640737744
INC102411,2025-08-06 17:28:00,2025-08-06 19:55:54.918520272,2025-08-06 23:34:54.918520272,4 - Baixa,Aplicação,Sub A,lhvp,CI-190,Suporte N3,Monitoramento,NAO,NAO,Manutenção Programada,Ajuste de configuração,8874.918520271198
INC102412,2025-08-06 20:28:00,2025-08-06 21:04:52.071816312,2025-08-07 00:38:52.071816312,2 - Alta,Rede,Sub C,lhco,CI-396,SRE,Monitoramento,SIM,NAO,Falha de Rede,Ajuste de configuração,2212.0718163137835
INC102413,2025-08-07 00:03:00,2025-08-07 01:33:03.966458910,2025-08-07 01:37:03.966458910,3 - Média,Rede,Sub A,lrev,CI-122,NOC N2,Monitoramento,SIM,NAO,Falha de Aplicação,Patch aplicado,5403.966458908888
INC102414,2025-08-07 02:56:00,2025-08-07 03:53:07.479668358,2025-08-07 05:22:07.479668358,4 - Baixa,Rede,Sub A,lsin,CI-358,Suporte N3,Monitoramento,NAO,NAO,Manutenção Programada,Reinício de serviço,3427.4796683566215
INC102415,2025-08-07 05:30:00,2025-08-07 07:10:51.577231968,2025-08-07 08:34:51.577231968,3 - Média,Banco de Dados,Sub A,lsin,CI-26,NOC N2,Monitoramento,SIM,NAO,Erro de Configuração,Patch aplicado,6051.577231968516
INC102416,2025-08-07 08:36:00,2025-08-07 09:17:52.323334272,2025-08-07 09:43:52.323334272,2 - Alta,Rede,Sub B,lhvp,CI-315,NOC N1,Monitoramento,SIM,NAO,Falha de Aplicação,Patch aplicado,2512.323334271333
INC102417,2025-08-07 10:22:00,2025-08-07 11:30:42.709264800,2025-08-07 15:08:42.709264800,4 - Baixa,Banco de Dados,Sub A,lhco,CI-64,NOC N2,Monitoramento,NAO,NAO,Manutenção Programada,Patch aplicado,4122.70926479919
INC102418,2025-08-07 14:02:00,2025-08-07 15:15:41.014283634,2025-08-07 18:05:41.014283634,3 - Média,Banco de Dados,Sub C,lsin,CI-311,SRE,Monitoramento,SIM,NAO,Falha de Rede,Reinício de serviço,4421.014283634414
INC102419,2025-08-07 16:54:00,2025-08-07 17:00:24.149906160,2025-08-07 17:01:24.149906160,4 - Baixa,Banco de Dados,Sub B,lcem,CI-319,SRE,Monitoramento,NAO,NAO,Manutenção Programada,Reinício de serviço,384.1499061600865
INC102420,2025-08-07 18:20:00,2025-08-07 19:14:21.159569322,2025-08-07 22:11:21.159569322,3 - Média,Infraestrutura,Sub C,lcem,CI-302,NOC N1,Monitoramento,SIM,NAO,Erro de Configuração,Reinício de serviço,3261.159569321536
INC102421,2025-08-07 18:50:00,2025-08-07 20:48:35.894017542,2025-08-08 00:16:35.894017542,4 - Baixa,Infraestrutura,Sub A,lsin,CI-366,NOC N1,Monitoramento,NAO,NAO,Manutenção Programada,Reinício de serviço,7115.894017542248
INC102422,2025-08-07 22:04:00,2025-08-07 22:50:13.750332132,2025-08-08 02:07:13.750332132,2 - Alta,Aplicação,Sub B,lrev,CI-348,NOC N1,Monitoramento,SIM,NAO,Manutenção Programada,Patch aplicado,2773.7503321301724
INC102423,2025-08-07 22:36:00,2025-08-08 02:17:47.181730182,2025-08-08 02:18:47.181730182,3 - Média,Banco de Dados,Sub B,lcem,CI-87,SRE,Monitoramento,SIM,NAO,Falha de Aplicação,Ajuste de configuração,13307.181730182898
INC102424,2025-08-07 23:18:00,2025-08-07 23:49:25.555189026,2025-08-08 02:53:25.555189026,3 - Média,Banco de Dados,Sub A,lhvp,CI-42,Suporte N3,Monitoramento,SIM,NAO,Erro de Configuração,Ajuste de configuração,1885.5551890236793
INC102425,2025-08-08 04:03:00,2025-08-08 04:28:25.601375016,2025-08-08 06:22:25.601375016,2 - Alta,Rede,Sub A,lhco,CI-77,SRE,Monitoramento,SIM,NAO,Manutenção Programada,Patch aplicado,1525.6013750188638
INC102426,2025-08-08 06:17:00,2025-08-08 07:15:00.449517432,2025-08-08 10:43:00.449517432,3 - Média,Rede,Sub B,lsin,CI-285,NOC N2,Monitoramento,SIM,NAO,Falha de Rede,Patch aplicado,3480.4495174332324
INC102427,2025-08-08 09:49:00,2025-08-08 10:39:09.404079126,2025-08-08 14:24:09.404079126,4 - Baixa,Rede,Sub B,lhvp,CI-367,NOC N2,Manual,NAO,NAO,Falha de Aplicação,Patch aplicado,3009.4040791230955
INC102428,2025-08-08 10:25:00,2025-08-08 10:52:50.755595010,2025-08-08 13:33:50.755595010,3 - Média,Aplicação,Sub B,lhvp,CI-330,Suporte N3,Monitoramento,SIM,NAO,Falha de Aplicação,Ajuste de configuração,1670.7555950115175
INC102429,2025-08-08 15:33:00,2025-08-08 17:47:21.120235200,2025-08-08 21:10:21.120235200,3 - Média,Aplicação,Sub C,lsin,CI-47,NOC N1,Monitoramento,SIM,NAO,Falha de Rede,Patch aplicado,8061.120235201962
INC102430,2025-08-08 21:54:00,2025-08-08 23:02:28.107626016,2025-08-08 23:40:28.107626016,2 - Alta,Banco de Dados,Sub A,lsin,CI-334,Suporte N3,Monitoramento,SIM,NAO,Falha de Rede,Reinício de serviço,4108.1076260179425
INC102431,2025-08-08 23:03:00,2025-08-09 02:15:17.001037074,2025-08-09 02:33:17.001037074,4 - Baixa,Infraestrutura,Sub B,lsin,CI-285,Suporte N3,Monitoramento,NAO,NAO,Manutenção Programada,Reinício de serviço,11537.001037075823
INC102432,2025-08-09 00:16:00,2025-08-09 00:39:37.413370314,2025-08-09 03:01:37.413370314,2 - Alta,Infraestrutura,Sub A,lcem,CI-16,SRE,Monitoramento,SIM,NAO,Manutenção Programada,Ajuste de configuração,1417.4133703168573
INC102433,2025-08-09 00:57:00,2025-08-09 03:01:47.296773288,2025-08-09 04:44:47.296773288,4 - Baixa,Infraestrutura,Sub B,lhco,CI-100,Suporte N3,Monitoramento,NAO,NAO,Erro de Configuração,Reinício de serviço,7487.296773287171
INC102434,2025-08-09 03:53:00,2025-08-09 04:43:52.212346254,2025-08-09 07:51:52.212346254,2 - Alta,Aplicação,Sub A,lhco,CI-288,SRE,Monitoramento,SIM,NAO,Falha de Aplicação,Reinício de serviço,3052.212346251625
INC102435,2025-08-09 09:32:00,2025-08-09 11:38:25.048541520,2025-08-09 14:03:25.048541520,4 - Baixa,Aplicação,Sub B,lsin,CI-3,Suporte N3,Monitoramento,NAO,NAO,Manutenção Programada,Ajuste de configuração,7585.048541519245
INC102436,2025-08-09 11:29:00,2025-08-09 11:57:00.107474226,2025-08-09 12:45:00.107474226,3 - Média,Banco de Dados,Sub C,lsin,CI-319,SRE,Monitoramento,SIM,NAO,Falha de Rede,Patch aplicado,1680.107474225803
INC102437,2025-08-09 15:43:00,2025-08-09 19:04:03.249521322,2025-08-09 21:38:03.249521322,4 - Baixa,Aplicação,Sub B,lhco,CI-143,NOC N1,Monitoramento,NAO,NAO,Erro de Configuração,Patch aplicado,12063.249521321071
INC102438,2025-08-09 16:59:00,2025-08-09 18:23:00.412845102,2025-08-09 20:11:00.412845102,4 - Baixa,Aplicação,Sub B,lhco,CI-63,SRE,Monitoramento,NAO,NAO,Falha de Rede,Reinício de serviço,5040.412845104436
INC102439,2025-08-09 23:04:00,2025-08-09 23:52:19.621555464,2025-08-10 03:31:19.621555464,4 - Baixa,Aplicação,Sub B,lhco,CI-168,NOC N1,Monitoramento,NAO,NAO,Erro de Configuração,Patch aplicado,2899.621555466721
INC102440,2025-08-10 03:00:00,2025-08-10 05:07:22.293864834,2025-08-10 08:42:22.293864834,4 - Baixa,Infraestrutura,Sub B,lsin,CI-308,SRE,Monitoramento,NAO,NAO,Falha de Rede,Ajuste de configuração,7642.293864832207
INC102441,2025-08-10 07:23:00,2025-08-10 08:55:14.976711810,2025-08-10 12:17:14.976711810,4 - Baixa,Infraestrutura,Sub C,lhvp,CI-316,SRE,Monitoramento,NAO,NAO,Falha de Aplicação,Reinício de serviço,5534.976711807961
INC102442,2025-08-10 10:35:00,2025-08-10 10:37:18.093844152,2025-08-10 12:56:18.093844152,2 - Alta,Aplicação,Sub A,lsin,CI-344,Suporte N3,Monitoramento,SIM,NAO,Falha de Aplicação,Reinício de serviço,138.09384415389619
INC102443,2025-08-10 13:29:00,2025-08-10 14:21:30.121096499,2025-08-10 17:23:30.121096499,4 - Baixa,Rede,Sub A,lhco,CI-134,SRE,Monitoramento,NAO,NAO,Falha de Aplicação,Patch aplicado,3150.121096498875
INC102444,2025-08-10 15:19:00,2025-08-10 15:32:58.354397442,2025-08-10 17:32:58.354397442,4 - Baixa,Infraestrutura,Sub B,lhco,CI-162,NOC N1,Manual,NAO,NAO,Falha de Aplicação,Ajuste de configuração,838.3543974445789
INC102445,2025-08-10 15:45:00,2025-08-10 16:48:19.311608040,2025-08-10 18:50:19.311608040,4 - Baixa,Infraestrutura,Sub B,lhco,CI-326,NOC N1,Monitoramento,NAO,NAO,Falha de Rede,Ajuste de configuração,3799.311608042906
INC102446,2025-08-10 16:30:00,2025-08-10 16:39:16.024145586,2025-08-10 17:26:16.024145586,2 - Alta,Aplicação,Sub A,lrev,CI-204,Suporte N3,Monitoramento,SIM,NAO,Manutenção Programada,Patch aplicado,556.0241455844296
INC102447,2025-08-10 17:29:00,2025-08-10 19:39:58.891221390,2025-08-10 21:36:58.891221390,3 - Média,Banco de Dados,Sub B,lcem,CI-69,NOC N2,Monitoramento,SIM,NAO,Erro de Configuração,Reinício de serviço,7858.891221390601
INC102448,2025-08-10 18:14:00,2025-08-10 20:04:37.273525500,2025-08-10 20:48:37.273525500,3 - Média,Rede,Sub B,lsin,CI-148,Suporte N3,Monitoramento,SIM,NAO,Manutenção Programada,Patch aplicado,6637.273525501098
INC102449,2025-08-10 23:12:00,2025-08-11 00:33:10.017057792,2025-08-11 02:43:10.017057792,3 - Média,Banco de Dados,Sub A,lhco,CI-270,SRE,Monitoramento,SIM,NAO,Manutenção Programada,Reinício de serviço,4870.017057793675
INC102450,2025-08-11 01:59:00,2025-08-11 03:53:42.060198270,2025-08-11 06:16:42.060198270,3 - Média,Infraestrutura,Sub A,lhvp,CI-305,NOC N1,Monitoramento,SIM,NAO,Falha de Rede,Ajuste de configuração,6882.06019827286
INC102451,2025-08-11 08:24:00,2025-08-11 09:58:06.794421582,2025-08-11 10:15:06.794421582,3 - Média,Aplicação,Sub B,lhco,CI-188,NOC N1,Monitoramento,SIM,NAO,Erro de Configuração,Ajuste de configuração,5646.794421583154
INC102452,2025-08-11 11:18:00,2025-08-11 12:15:11.075032740,2025-08-11 14:53:11.075032740,4 - Baixa,Rede,Sub A,lhco,CI-326,Suporte N3,Manual,NAO,NAO,Falha de Aplicação,Reinício de serviço,3431.0750327401106
INC102453,2025-08-11 12:31:00,2025-08-11 13:01:32.827222092,2025-08-11 15:07:32.827222092,4 - Baixa,Infraestrutura,Sub C,lcem,CI-53,Suporte N3,Manual,NAO,NAO,Falha de Aplicação,Reinício de serviço,1832.8272220908866
INC102454,2025-08-11 17:37:00,2025-08-11 20:47:37.453060506,2025-08-11 21:26:37.453060506,4 - Baixa,Aplicação,Sub B,lrev,CI-236,NOC N1,Monitoramento,NAO,NAO,Erro de Configuração,Patch aplicado,11437.453060508651
INC102455,2025-08-11 21:40:00,2025-08-11 23:34:19.764986538,2025-08-12 02:22:19.764986538,3 - Média,Aplicação,Sub B,lcem,CI-103,SRE,Manual,SIM,NAO,Falha de Rede,Ajuste de configuração,6859.764986540176
INC102456,2025-08-11 22:50:00,2025-08-11 23:20:58.943319306,2025-08-12 00:32:58.943319306,4 - Baixa,Banco de Dados,Sub A,lrev,CI-274,NOC N1,Monitoramento,NAO,NAO,Falha de Rede,Reinício de serviço,1858.943319308355
INC102457,2025-08-12 00:04:00,2025-08-12 00:33:26.084588454,2025-08-12 02:12:26.084588454,2 - Alta,Banco de Dados,Sub B,lsin,CI-244,SRE,Monitoramento,SIM,NAO,Falha de Rede,Patch aplicado,1766.0845884523194
INC102458,2025-08-12 05:44:00,2025-08-12 06:30:24.452646792,2025-08-12 10:28:24.452646792,2 - Alta,Rede,Sub C,lsin,CI-329,NOC N1,Monitoramento,SIM,NAO,Falha de Aplicação,Patch aplicado,2784.4526467894398
INC102459,2025-08-12 06:59:00,2025-08-12 08:21:20.788486842,2025-08-12 10:34:20.788486842,3 - Média,Infraestrutura,Sub A,lsin,CI-393,NOC N1,Manual,SIM,NAO,Falha de Aplicação,Reinício de serviço,4940.788486841862
INC102460,2025-08-12 07:12:00,2025-08-12 08:05:08.636795022,2025-08-12 08:56:08.636795022,3 - Média,Banco de Dados,Sub A,lcem,CI-263,Suporte N3,Monitoramento,SIM,NAO,Manutenção Programada,Patch aplicado,3188.6367950222325
INC102461,2025-08-12 07:41:00,2025-08-12 08:32:55.898904168,2025-08-12 11:11:55.898904168,2 - Alta,Rede,Sub A,lcem,CI-57,SRE,Manual,SIM,NAO,Erro de Configuração,Reinício de serviço,3115.898904169201
INC102462,2025-08-12 10:07:00,2025-08-12 11:35:07.569469608,2025-08-12 12:30:07.569469608,3 - Média,Infraestrutura,Sub A,lhvp,CI-372,SRE,Manual,SIM,NAO,Erro de Configuração,Patch aplicado,5287.569469605683
INC102463,2025-08-12 10:27:00,2025-08-12 10:54:11.078820570,2025-08-12 11:22:11.078820570,2 - Alta,Rede,Sub C,lhvp,CI-378,NOC N2,Manual,SIM,NAO,Falha de Rede,Patch aplicado,1631.0788205675083
INC102464,2025-08-12 10:28:00,2025-08-12 12:40:48.413259090,2025-08-12 14:19:48.413259090,3 - Média,Banco de Dados,Sub A,lsin,CI-217,Suporte N3,Monitoramento,SIM,NAO,Falha de Aplicação,Ajuste de configuração,7968.4132590911395
INC102465,2025-08-12 12:10:00,2025-08-12 13:03:34.660437990,2025-08-12 14:17:34.660437990,2 - Alta,Infraestrutura,Sub B,lsin,CI-302,Suporte N3,Manual,SIM,NAO,Erro de Configuração,Ajuste de configuração,3214.66043799058
INC102466,2025-08-12 13:06:00,2025-08-12 14:33:44.235190272,2025-08-12 17:17:44.235190272,3 - Média,Rede,Sub A,lsin,CI-26,SRE,Monitoramento,SIM,NAO,Erro de Configuração,Patch aplicado,5264.2351902731
INC102467,2025-08-12 13:28:00,2025-08-12 15:41:23.290667412,2025-08-12 16:50:23.290667412,3 - Média,Aplicação,Sub C,lcem,CI-115,Suporte N3,Monitoramento,SIM,NAO,Manutenção Programada,Reinício de serviço,8003.2906674121205
INC102468,2025-08-12 17:26:00,2025-08-12 17:56:29.568025962,2025-08-12 20:49:29.568025962,4 - Baixa,Banco de Dados,Sub B,lhco,CI-1,SRE,Manual,NAO,NAO,Manutenção Programada,Reinício de serviço,1829.5680259632945
INC102469,2025-08-12 20:03:00,2025-08-12 21:21:40.664435130,2025-08-12 21:35:40.664435130,3 - Média,Aplicação,Sub A,lhco,CI-304,NOC N2,Monitoramento,SIM,NAO,Manutenção Programada,Reinício de serviço,4720.664435129786
INC102470,2025-08-13 00:56:00,2025-08-13 01:56:28.862670342,2025-08-13 04:48:28.862670342,2 - Alta,Infraestrutura,Sub B,lcem,CI-263,SRE,Monitoramento,SIM,NAO,Falha de Aplicação,Reinício de serviço,3628.8626703392065
INC102471,2025-08-13 03:38:00,2025-08-13 05:20:08.909262822,2025-08-13 07:08:08.909262822,2 - Alta,Infraestrutura,Sub A,lhco,CI-221,NOC N1,Manual,SIM,NAO,Erro de Configuração,Patch aplicado,6128.909262821416
INC102472,2025-08-13 05:35:00,2025-08-13 05:47:40.523799162,2025-08-13 06:12:40.523799162,2 - Alta,Banco de Dados,Sub C,lsin,CI-223,Suporte N3,Monitoramento,SIM,NAO,Falha de Rede,Reinício de serviço,760.5237991644699
INC102473,2025-08-13 06:22:00,2025-08-13 06:48:55.142933286,2025-08-13 08:12:55.142933286,4 - Baixa,Aplicação,Sub C,lhco,CI-295,Suporte N3,Monitoramento,NAO,NAO,Manutenção Programada,Reinício de serviço,1615.1429332832743
INC102474,2025-08-13 06:51:00,2025-08-13 07:05:26.068693212,2025-08-13 09:32:26.068693212,2 - Alta,Banco de Dados,Sub A,lcem,CI-363,NOC N1,Monitoramento,SIM,NAO,Manutenção Programada,Reinício de serviço,866.0686932112498
INC102475,2025-08-13 07:10:00,2025-08-13 07:29:59.685475182,2025-08-13 08:14:59.685475182,3 - Média,Rede,Sub B,lsin,CI-375,NOC N1,Monitoramento,SIM,NAO,Falha de Rede,Ajuste de configuração,1199.6854751805477
INC102476,2025-08-13 07:44:00,2025-08-13 09:11:40.681431300,2025-08-13 11:14:40.681431300,2 - Alta,Infraestrutura,Sub C,lhvp,CI-369,NOC N2,Monitoramento,SIM,NAO,Falha de Rede,Ajuste de configuração,5260.681431298849
INC102477,2025-08-13 09:45:00,2025-08-13 11:17:21.003333546,2025-08-13 11:36:21.003333546,3 - Média,Rede,Sub B,lrev,CI-29,NOC N1,Monitoramento,SIM,NAO,Falha de Aplicação,Ajuste de configuração,5541.003333548705
INC102478,2025-08-13 10:54:00,2025-08-13 11:52:54.648531408,2025-08-13 12:03:54.648531408,2 - Alta,Banco de Dados,Sub C,lrev,CI-283,Suporte N3,Monitoramento,SIM,NAO,Manutenção Programada,Reinício de serviço,3534.648531405993
INC102479,2025-08-13 11:22:00,2025-08-13 14:31:12.933620004,2025-08-13 15:35:12.933620004,2 - Alta,Infraestrutura,Sub B,lhco,CI-20,NOC N1,Monitoramento,SIM,NAO,Falha de Aplicação,Ajuste de configuração,11352.933620005591
INC102480,2025-08-13 14:15:00,2025-08-13 16:00:52.482066762,2025-08-13 16:36:52.482066762,3 - Média,Rede,Sub C,lsin,CI-323,Suporte N3,Monitoramento,SIM,NAO,Falha de Aplicação,Ajuste de configuração,6352.482066759816
INC102481,2025-08-13 15:21:00,2025-08-13 16:05:06.959195826,2025-08-13 16:32:06.959195826,2 - Alta,Rede,Sub C,lsin,CI-69,SRE,Monitoramento,SIM,NAO,Falha de Rede,Reinício de serviço,2646.9591958269207
INC102482,2025-08-13 19:19:00,2025-08-13 19:37:57.486402168,2025-08-13 19:56:57.486402168,3 - Média,Infraestrutura,Sub A,lhvp,CI-167,NOC N2,Monitoramento,SIM,NAO,Erro de Configuração,Reinício de serviço,1137.486402168054
INC102483,2025-08-13 19:44:00,2025-08-13 21:55:36.082563678,2025-08-14 00:12:36.082563678,2 - Alta,Banco de Dados,Sub C,lhco,CI-250,NOC N1,Monitoramento,SIM,NAO,Falha de Rede,Ajuste de configuração,7896.082563679012
INC102484,2025-08-13 20:54:00,2025-08-13 23:12:13.853568114,2025-08-13 23:52:13.853568114,4 - Baixa,Aplicação,Sub A,lcem,CI-301,NOC N2,Manual,NAO,NAO,Falha de Rede,Patch aplicado,8293.853568111657
INC102485,2025-08-13 21:11:00,2025-08-13 21:59:32.074137858,2025-08-14 01:50:32.074137858,2 - Alta,Rede,Sub B,lsin,CI-187,Suporte N3,Monitoramento,SIM,NAO,Manutenção Programada,Ajuste de configuração,2912.0741378572184
INC102486,2025-08-14 00:25:00,2025-08-14 01:15:52.006888116,2025-08-14 02:00:52.006888116,3 - Média,Aplicação,Sub B,lsin,CI-190,Suporte N3,Monitoramento,SIM,NAO,Erro de Configuração,Reinício de serviço,3052.0068881138827
INC102487,2025-08-14 02:06:00,2025-08-14 04:26:53.130022182,2025-08-14 05:19:53.130022182,3 - Média,Banco de Dados,Sub B,lsin,CI-85,SRE,Monitoramento,SIM,NAO,Erro de Configuração,Patch aplicado,8453.130022182306
INC102488,2025-08-14 04:01:00,2025-08-14 07:25:22.013504430,2025-08-14 10:34:22.013504430,3 - Média,Aplicação,Sub B,lsin,CI-357,NOC N2,Monitoramento,SIM,NAO,Falha de Aplicação,Patch aplicado,12262.013504430095
INC102489,2025-08-14 06:21:00,2025-08-14 09:50:05.375051502,2025-08-14 13:36:05.375051502,2 - Alta,Banco de Dados,Sub B,lhvp,CI-113,Suporte N3,Manual,SIM,NAO,Falha de Rede,Patch aplicado,12545.375051499725
INC102490,2025-08-14 07:20:00,2025-08-14 09:38:51.824338632,2025-08-14 09:56:51.824338632,2 - Alta,Aplicação,Sub A,lhco,CI-372,Suporte N3,Monitoramento,SIM,NAO,Erro de Configuração,Reinício de serviço,8331.824338632492
INC102491,2025-08-14 08:23:00,2025-08-14 11:37:05.682481536,2025-08-14 14:01:05.682481536,2 - Alta,Infraestrutura,Sub C,lrev,CI-308,SRE,Monitoramento,SIM,NAO,Falha de Aplicação,Ajuste de configuração,11645.682481534213
INC102492,2025-08-14 09:40:00,2025-08-14 13:08:25.391649780,2025-08-14 17:07:25.391649780,4 - Baixa,Aplicação,Sub C,lrev,CI-109,Suporte N3,Monitoramento,NAO,NAO,Erro de Configuração,Reinício de serviço,12505.391649778006
INC102493,2025-08-14 10:06:00,2025-08-14 13:03:20.291173248,2025-08-14 13:10:20.291173248,4 - Baixa,Aplicação,Sub B,lsin,CI-340,NOC N2,Monitoramento,NAO,NAO,Erro de Configuração,Ajuste de configuração,10640.29117324748
INC102494,2025-08-14 11:03:00,2025-08-14 13:26:37.248764982,2025-08-14 15:06:37.248764982,4 - Baixa,Rede,Sub B,lhvp,CI-101,SRE,Monitoramento,NAO,NAO,Manutenção Programada,Reinício de serviço,8617.24876498047
INC102495,2025-08-14 14:43:00,2025-08-14 15:19:29.435623830,2025-08-14 18:10:29.435623830,4 - Baixa,Aplicação,Sub B,lhco,CI-211,NOC N2,Monitoramento,NAO,NAO,Manutenção Programada,Patch aplicado,2189.435623827295
INC102496,2025-08-14 16:07:00,2025-08-14 16:24:26.610505344,2025-08-14 20:06:26.610505344,2 - Alta,Aplicação,Sub A,lsin,CI-263,SRE,Manual,SIM,NAO,Falha de Aplicação,Reinício de serviço,1046.6105053414315
INC102497,2025-08-14 17:04:00,2025-08-14 18:25:59.804108046,2025-08-14 19:41:59.804108046,3 - Média,Aplicação,Sub A,lhvp,CI-19,NOC N2,Monitoramento,SIM,NAO,Manutenção Programada,Reinício de serviço,4919.804108048131
INC102498,2025-08-14 19:58:00,2025-08-14 20:36:47.628380700,2025-08-14 22:23:47.628380700,4 - Baixa,Banco de Dados,Sub C,lsin,CI-301,Suporte N3,Monitoramento,NAO,NAO,Falha de Rede,Patch aplicado,2327.6283807022874
INC102499,2025-08-14 20:25:00,2025-08-14 20:32:12.981196110,2025-08-14 21:16:12.981196110,2 - Alta,Aplicação,Sub A,lhco,CI-44,Suporte N3,Monitoramento,SIM,NAO,Erro de Configuração,Ajuste de configuração,432.9811961075213
INC102500,2025-08-14 22:14:00,2025-08-14 23:07:29.236363086,2025-08-14 23:13:29.236363086,2 - Alta,Aplicação,Sub B,lsin,CI-72,NOC N1,Monitoramento,SIM,NAO,Falha de Rede,Ajuste de configuração,3209.236363086778
INC102501,2025-08-15 00:13:00,2025-08-15 00:35:38.661968664,2025-08-15 02:47:38.661968664,2 - Alta,Rede,Sub C,lsin,CI-171,NOC N1,Monitoramento,SIM,NAO,Manutenção Programada,Reinício de serviço,1358.661968664145
INC102502,2025-08-15 03:02:00,2025-08-15 04:09:27.858401400,2025-08-15 07:57:27.858401400,3 - Média,Infraestrutura,Sub C,lhco,CI-316,NOC N1,Monitoramento,SIM,NAO,Manutenção Programada,Patch aplicado,4047.8584013981003
INC102503,2025-08-15 03:02:00,2025-08-15 03:50:31.982332055,2025-08-15 05:26:31.982332055,3 - Média,Rede,Sub A,lhco,CI-296,Suporte N3,Manual,SIM,NAO,Erro de Configuração,Ajuste de configuração,2911.982332058092
INC102504,2025-08-15 03:35:00,2025-08-15 05:01:07.181938650,2025-08-15 06:18:07.181938650,4 - Baixa,Infraestrutura,Sub B,lsin,CI-36,SRE,Monitoramento,NAO,NAO,Falha de Rede,Ajuste de configuração,5167.181938652295
INC102505,2025-08-15 03:57:00,2025-08-15 04:08:16.259454041,2025-08-15 07:51:16.259454041,3 - Média,Rede,Sub B,lsin,CI-9,NOC N2,Manual,SIM,NAO,Erro de Configuração,Patch aplicado,676.2594540397395
INC102506,2025-08-15 04:24:00,2025-08-15 04:39:32.537000412,2025-08-15 06:24:32.537000412,2 - Alta,Infraestrutura,Sub B,lsin,CI-369,SRE,Monitoramento,SIM,NAO,Falha de Rede,Reinício de serviço,932.537000414495
INC102507,2025-08-15 10:39:00,2025-08-15 12:27:35.437038276,2025-08-15 15:37:35.437038276,3 - Média,Infraestrutura,Sub B,lsin,CI-291,Suporte N3,Monitoramento,SIM,NAO,Manutenção Programada,Reinício de serviço,6515.437038278819
INC102508,2025-08-15 13:21:00,2025-08-15 14:39:11.347823832,2025-08-15 17:27:11.347823832,4 - Baixa,Infraestrutura,Sub A,lsin,CI-302,NOC N2,Monitoramento,NAO,NAO,Manutenção Programada,Ajuste de configuração,4691.347823829613
INC102509,2025-08-15 16:24:00,2025-08-15 16:49:43.576705548,2025-08-15 19:34:43.576705548,2 - Alta,Banco de Dados,Sub C,lrev,CI-367,NOC N1,Manual,SIM,NAO,Falha de Aplicação,Ajuste de configuração,1543.5767055496278
INC102510,2025-08-15 20:22:00,2025-08-15 21:12:47.289541806,2025-08-15 21:33:47.289541806,2 - Alta,Aplicação,Sub A,lsin,CI-116,SRE,Monitoramento,SIM,NAO,Manutenção Programada,Reinício de serviço,3047.289541804764
INC102511,2025-08-15 21:21:00,2025-08-15 23:39:53.381663268,2025-08-16 03:08:53.381663268,3 - Média,Infraestrutura,Sub C,lhco,CI-384,NOC N2,Monitoramento,SIM,NAO,Erro de Configuração,Patch aplicado,8333.381663267715
INC102512,2025-08-15 23:33:00,2025-08-16 00:54:49.647844548,2025-08-16 02:09:49.647844548,2 - Alta,Rede,Sub B,lsin,CI-104,SRE,Monitoramento,SIM,NAO,Erro de Configuração,Patch aplicado,4909.647844547817
INC102513,2025-08-15 23:51:00,2025-08-16 01:08:51.063704808,2025-08-16 03:36:51.063704808,4 - Baixa,Infraestrutura,Sub C,lhco,CI-394,NOC N1,Monitoramento,NAO,NAO,Erro de Configuração,Ajuste de configuração,4671.063704807149
INC102514,2025-08-16 00:16:00,2025-08-16 01:50:11.957353356,2025-08-16 03:18:11.957353356,3 - Média,Banco de Dados,Sub B,lrev,CI-321,SRE,Manual,SIM,NAO,Falha de Aplicação,Ajuste de configuração,5651.9573533536395
INC102515,2025-08-16 17:45:00,2025-08-16 19:33:00.309350334,2025-08-16 21:01:00.309350334,4 - Baixa,Infraestrutura,Sub B,lcem,CI-154,Suporte N3,Monitoramento,NAO,NAO,Manutenção Programada,Reinício de serviço,6480.309350333491
INC102516,2025-08-16 18:36:00,2025-08-16 19:40:05.349180480,2025-08-16 23:30:05.349180480,2 - Alta,Aplicação,Sub A,lsin,CI-147,NOC N2,Monitoramento,SIM,NAO,Falha de Rede,Reinício de serviço,3845.3491804828545
INC102517,2025-08-16 19:25:00,2025-08-16 21:39:31.547534892,2025-08-16 22:35:31.547534892,2 - Alta,Infraestrutura,Sub A,lsin,CI-72,SRE,Manual,SIM,NAO,Manutenção Programada,Reinício de serviço,8071.547534892564
INC102518,2025-08-16 21:41:00,2025-08-16 22:02:08.504783790,2025-08-16 22:25:08.504783790,3 - Média,Rede,Sub C,lhco,CI-390,SRE,Monitoramento,SIM,NAO,Manutenção Programada,Ajuste de configuração,1268.5047837921727
INC102519,2025-08-17 02:04:00,2025-08-17 02:55:43.913855052,2025-08-17 04:44:43.913855052,2 - Alta,Banco de Dados,Sub B,lsin,CI-11,SRE,Monitoramento,SIM,NAO,Erro de Configuração,Ajuste de configuração,3103.9138550497064
INC102520,2025-08-17 03:14:00,2025-08-17 03:51:20.798001402,2025-08-17 03:56:20.798001402,3 - Média,Banco de Dados,Sub B,lrev,CI-8,NOC N1,Monitoramento,SIM,NAO,Erro de Configuração,Reinício de serviço,2240.798001400386
INC102521,2025-08-17 04:39:00,2025-08-17 05:22:23.365773834,2025-08-17 06:20:23.365773834,3 - Média,Infraestrutura,Sub A,lsin,CI-13,Suporte N3,Monitoramento,SIM,NAO,Falha de Aplicação,Patch aplicado,2603.3657738340917
INC102522,2025-08-17 05:27:00,2025-08-17 06:22:23.011430748,2025-08-17 09:57:23.011430748,2 - Alta,Rede,Sub A,lsin,CI-157,SRE,Monitoramento,SIM,NAO,Erro de Configuração,Patch aplicado,3323.0114307467557
INC102523,2025-08-17 05:42:00,2025-08-17 10:54:14.649901032,2025-08-17 11:09:14.649901032,4 - Baixa,Aplicação,Sub A,lhco,CI-127,NOC N1,Monitoramento,NAO,NAO,Falha de Rede,Patch aplicado,18734.64990102983
INC102524,2025-08-17 08:29:00,2025-08-17 08:50:45.543811008,2025-08-17 12:40:45.543811008,3 - Média,Infraestrutura,Sub B,lrev,CI-345,Suporte N3,Manual,SIM,NAO,Falha de Rede,Reinício de serviço,1305.5438110086682
INC102525,2025-08-17 09:50:00,2025-08-17 10:51:03.662928090,2025-08-17 13:06:03.662928090,3 - Média,Infraestrutura,Sub B,lrev,CI-190,Suporte N3,Monitoramento,SIM,NAO,Falha de Rede,Ajuste de configuração,3663.6629280889056
INC102526,2025-08-17 10:38:00,2025-08-17 11:26:37.599861246,2025-08-17 15:03:37.599861246,2 - Alta,Banco de Dados,Sub C,lsin,CI-19,NOC N1,Monitoramento,SIM,NAO,Manutenção Programada,Patch aplicado,2917.5998612457115
INC102527,2025-08-17 14:00:00,2025-08-17 16:14:13.272989472,2025-08-17 17:26:13.272989472,3 - Média,Aplicação,Sub A,lsin,CI-92,Suporte N3,Monitoramento,SIM,NAO,Falha de Rede,Ajuste de configuração,8053.27298946983
INC102528,2025-08-17 14:30:00,2025-08-17 15:29:08.320265058,2025-08-17 18:53:08.320265058,3 - Média,Infraestrutura,Sub B,lhvp,CI-353,NOC N2,Monitoramento,SIM,NAO,Falha de Aplicação,Reinício de serviço,3548.320265059285
INC102529,2025-08-17 23:51:00,2025-08-18 00:20:58.857294522,2025-08-18 03:08:58.857294522,2 - Alta,Infraestrutura,Sub A,lsin,CI-117,NOC N2,Manual,SIM,NAO,Manutenção Programada,Ajuste de configuração,1798.8572945205099
INC102530,2025-08-18 01:40:00,2025-08-18 04:38:42.046397598,2025-08-18 05:36:42.046397598,4 - Baixa,Aplicação,Sub C,lhco,CI-165,SRE,Monitoramento,NAO,NAO,Falha de Rede,Reinício de serviço,10722.046397598999
INC102531,2025-08-18 02:07:00,2025-08-18 03:08:16.865801759,2025-08-18 06:51:16.865801759,4 - Baixa,Rede,Sub C,lcem,CI-131,NOC N1,Monitoramento,NAO,NAO,Falha de Rede,Patch aplicado,3676.8658017584694
INC102532,2025-08-18 04:12:00,2025-08-18 04:46:18.209930856,2025-08-18 06:03:18.209930856,4 - Baixa,Banco de Dados,Sub A,lhco,CI-21,NOC N1,Monitoramento,NAO,NAO,Manutenção Programada,Reinício de serviço,2058.209930856429
INC102533,2025-08-18 08:23:00,2025-08-18 09:16:32.492168766,2025-08-18 12:34:32.492168766,4 - Baixa,Infraestrutura,Sub C,lsin,CI-142,NOC N1,Monitoramento,NAO,NAO,Falha de Rede,Reinício de serviço,3212.4921687673354
INC102534,2025-08-18 09:27:00,2025-08-18 10:29:59.871173790,2025-08-18 11:38:59.871173790,2 - Alta,Banco de Dados,Sub C,lrev,CI-265,Suporte N3,Monitoramento,SIM,NAO,Falha de Aplicação,Reinício de serviço,3779.871173792635
INC102535,2025-08-18 13:58:00,2025-08-18 15:09:31.005145973,2025-08-18 18:56:31.005145973,4 - Baixa,Aplicação,Sub B,lcem,CI-142,NOC N1,Monitoramento,NAO,NAO,Manutenção Programada,Patch aplicado,4291.005145972709
INC102536,2025-08-18 16:32:00,2025-08-18 17:25:08.891405832,2025-08-18 18:16:08.891405832,3 - Média,Infraestrutura,Sub C,lcem,CI-298,SRE,Monitoramento,SIM,NAO,Falha de Rede,Reinício de serviço,3188.8914058312025
INC102537,2025-08-18 17:00:00,2025-08-18 18:01:13.557927036,2025-08-18 21:08:13.557927036,4 - Baixa,Banco de Dados,Sub C,lsin,CI-350,Suporte N3,Monitoramento,NAO,NAO,Erro de Configuração,Patch aplicado,3673.5579270339085
INC102538,2025-08-18 19:13:00,2025-08-18 20:45:09.147875898,2025-08-18 22:27:09.147875898,2 - Alta,Rede,Sub C,lhvp,CI-203,NOC N2,Monitoramento,SIM,NAO,Manutenção Programada,Reinício de serviço,5529.147875899613
INC102539,2025-08-18 19:39:00,2025-08-18 20:45:09.354498372,2025-08-18 23:56:09.354498372,3 - Média,Banco de Dados,Sub A,lrev,CI-170,SRE,Monitoramento,SIM,NAO,Falha de Rede,Ajuste de configuração,3969.3544983711818
INC102540,2025-08-18 20:09:00,2025-08-18 22:02:34.556406456,2025-08-19 00:56:34.556406456,3 - Média,Banco de Dados,Sub B,lsin,CI-374,NOC N2,Monitoramento,SIM,NAO,Erro de Configuração,Patch aplicado,6814.556406456536
INC102541,2025-08-19 00:00:00,2025-08-19 00:59:13.607857338,2025-08-19 04:40:13.607857338,3 - Média,Banco de Dados,Sub A,lcem,CI-51,SRE,Monitoramento,SIM,NAO,Manutenção Programada,Patch aplicado,3553.6078573390682
INC102542,2025-08-19 04:50:00,2025-08-19 05:45:08.730522324,2025-08-19 07:16:08.730522324,4 - Baixa,Aplicação,Sub B,lhco,CI-259,NOC N1,Monitoramento,NAO,NAO,Manutenção Programada,Ajuste de configuração,3308.7305223222675
INC102543,2025-08-19 08:41:00,2025-08-19 10:14:21.846465930,2025-08-19 13:57:21.846465930,2 - Alta,Infraestrutura,Sub A,lhco,CI-336,Suporte N3,Monitoramento,SIM,NAO,Falha de Rede,Reinício de serviço,5601.846465931825
INC102544,2025-08-19 11:10:00,2025-08-19 13:02:56.665338852,2025-08-19 14:58:56.665338852,4 - Baixa,Aplicação,Sub C,lcem,CI-364,Suporte N3,Monitoramento,NAO,NAO,Manutenção Programada,Reinício de serviço,6776.66533884996
INC102545,2025-08-19 11:32:00,2025-08-19 13:08:38.531765232,2025-08-19 13:27:38.531765232,4 - Baixa,Rede,Sub B,lhvp,CI-105,Suporte N3,Monitoramento,NAO,NAO,Manutenção Programada,Ajuste de configuração,5798.531765234161
INC102546,2025-08-19 12:33:00,2025-08-19 14:36:46.737807000,2025-08-19 14:40:46.737807000,3 - Média,Infraestrutura,Sub A,lrev,CI-138,SRE,Monitoramento,SIM,NAO,Falha de Rede,Ajuste de configuração,7426.737806998408
INC102547,2025-08-19 14:31:00,2025-08-19 17:31:41.576257746,2025-08-19 17:44:41.576257746,2 - Alta,Aplicação,Sub C,lsin,CI-239,NOC N2,Monitoramento,SIM,NAO,Falha de Aplicação,Ajuste de configuração,10841.576257748915
INC102548,2025-08-19 18:05:00,2025-08-19 18:25:23.362182078,2025-08-19 20:57:23.362182078,3 - Média,Banco de Dados,Sub A,lhco,CI-270,NOC N2,Monitoramento,SIM,NAO,Falha de Rede,Patch aplicado,1223.3621820808903
INC102549,2025-08-19 20:47:00,2025-08-19 22:40:35.361973782,2025-08-20 00:34:35.361973782,3 - Média,Rede,Sub A,lhco,CI-288,SRE,Manual,SIM,NAO,Falha de Rede,Reinício de serviço,6815.361973782688
INC102550,2025-08-19 21:18:00,2025-08-19 23:35:23.298477360,2025-08-20 01:43:23.298477360,3 - Média,Banco de Dados,Sub C,lhco,CI-43,SRE,Monitoramento,SIM,NAO,Manutenção Programada,Ajuste de configuração,8243.298477361132
INC102551,2025-08-20 00:16:00,2025-08-20 04:09:26.335436844,2025-08-20 05:06:26.335436844,3 - Média,Banco de Dados,Sub C,lsin,CI-175,NOC N1,Manual,SIM,NAO,Erro de Configuração,Reinício de serviço,14006.33543684431
INC102552,2025-08-20 01:17:00,2025-08-20 02:04:53.967255486,2025-08-20 05:00:53.967255486,4 - Baixa,Rede,Sub C,lsin,CI-285,NOC N1,Monitoramento,NAO,NAO,Falha de Rede,Patch aplicado,2873.9672554834397
INC102553,2025-08-20 01:20:00,2025-08-20 02:35:55.263156954,2025-08-20 06:33:55.263156954,3 - Média,Banco de Dados,Sub A,lcem,CI-300,SRE,Monitoramento,SIM,NAO,Erro de Configuração,Ajuste de configuração,4555.263156952035
INC102554,2025-08-20 06:02:00,2025-08-20 06:07:53.096181672,2025-08-20 08:39:53.096181672,3 - Média,Banco de Dados,Sub A,lcem,CI-232,Suporte N3,Monitoramento,SIM,NAO,Manutenção Programada,Reinício de serviço,353.09618166904124
INC102555,2025-08-20 15:04:00,2025-08-20 15:21:44.434479708,2025-08-20 17:38:44.434479708,4 - Baixa,Banco de Dados,Sub B,lsin,CI-94,SRE,Monitoramento,NAO,NAO,Falha de Aplicação,Ajuste de configuração,1064.4344797095418
INC102556,2025-08-20 20:53:00,2025-08-20 22:04:22.537443978,2025-08-20 22:08:22.537443978,2 - Alta,Aplicação,Sub C,lsin,CI-345,NOC N2,Manual,SIM,NAO,Falha de Rede,Reinício de serviço,4282.537443980764
INC102557,2025-08-20 21:02:00,2025-08-20 21:28:39.791673648,2025-08-21 01:12:39.791673648,3 - Média,Infraestrutura,Sub A,lcem,CI-326,NOC N2,Manual,SIM,NAO,Manutenção Programada,Ajuste de configuração,1599.7916736497548
INC102558,2025-08-20 21:26:00,2025-08-20 21:51:01.126621650,2025-08-21 01:20:01.126621650,4 - Baixa,Banco de Dados,Sub C,lsin,CI-398,NOC N1,Monitoramento,NAO,NAO,Erro de Configuração,Patch aplicado,1501.1266216471863
INC102559,2025-08-20 21:31:00,2025-08-20 22:07:14.251790640,2025-08-21 00:16:14.251790640,3 - Média,Banco de Dados,Sub B,lcem,CI-287,NOC N2,Monitoramento,SIM,NAO,Manutenção Programada,Patch aplicado,2174.251790637092
INC102560,2025-08-21 00:39:00,2025-08-21 01:25:40.786605474,2025-08-21 04:23:40.786605474,4 - Baixa,Infraestrutura,Sub A,lhco,CI-244,Suporte N3,Monitoramento,NAO,NAO,Falha de Aplicação,Ajuste de configuração,2800.7866054716083
INC102561,2025-08-21 13:16:00,2025-08-21 13:47:36.308522040,2025-08-21 14:55:36.308522040,4 - Baixa,Banco de Dados,Sub B,lcem,CI-61,NOC N2,Monitoramento,NAO,NAO,Manutenção Programada,Ajuste de configuração,1896.3085220411085
INC102562,2025-08-21 19:47:00,2025-08-21 19:59:33.772591278,2025-08-21 23:47:33.772591278,3 - Média,Aplicação,Sub B,lhco,CI-133,SRE,Monitoramento,SIM,NAO,Falha de Aplicação,Ajuste de configuração,753.7725912762211
INC102563,2025-08-21 21:31:00,2025-08-21 23:23:13.908860610,2025-08-21 23:31:13.908860610,3 - Média,Banco de Dados,Sub B,lcem,CI-64,NOC N1,Manual,SIM,NAO,Falha de Rede,Patch aplicado,6733.908860612681
INC102564,2025-08-21 22:54:00,2025-08-21 23:34:35.431184304,2025-08-21 23:36:35.431184304,3 - Média,Infraestrutura,Sub A,lhco,CI-126,NOC N1,Monitoramento,SIM,NAO,Falha de Rede,Patch aplicado,2435.4311843062264
INC102565,2025-08-22 02:40:00,2025-08-22 07:27:59.933094072,2025-08-22 10:56:59.933094072,3 - Média,Banco de Dados,Sub A,lcem,CI-286,SRE,Monitoramento,SIM,NAO,Falha de Aplicação,Ajuste de configuração,17279.933094069358
INC102566,2025-08-22 03:18:00,2025-08-22 04:11:29.442026286,2025-08-22 05:32:29.442026286,2 - Alta,Infraestrutura,Sub C,lhco,CI-395,NOC N1,Monitoramento,SIM,NAO,Erro de Configuração,Patch aplicado,3209.44202628474
INC102567,2025-08-22 06:41:00,2025-08-22 07:40:51.620058918,2025-08-22 11:24:51.620058918,4 - Baixa,Banco de Dados,Sub A,lhvp,CI-140,NOC N2,Monitoramento,NAO,NAO,Falha de Aplicação,Patch aplicado,3591.6200589170835
INC102568,2025-08-22 07:23:00,2025-08-22 08:33:49.118079726,2025-08-22 11:44:49.118079726,4 - Baixa,Infraestrutura,Sub A,lsin,CI-351,NOC N1,Monitoramento,NAO,NAO,Manutenção Programada,Ajuste de configuração,4249.11807972374
INC102569,2025-08-22 07:45:00,2025-08-22 09:52:17.725355856,2025-08-22 10:21:17.725355856,3 - Média,Banco de Dados,Sub A,lcem,CI-115,SRE,Monitoramento,SIM,NAO,Falha de Aplicação,Ajuste de configuração,7637.725355857153
INC102570,2025-08-22 11:04:00,2025-08-22 12:28:20.750269878,2025-08-22 15:13:20.750269878,4 - Baixa,Infraestrutura,Sub C,lsin,CI-212,SRE,Manual,NAO,NAO,Erro de Configuração,Reinício de serviço,5060.750269876626
INC102571,2025-08-22 15:31:00,2025-08-22 16:10:24.127606260,2025-08-22 18:47:24.127606260,4 - Baixa,Banco de Dados,Sub A,lhco,CI-324,NOC N2,Manual,NAO,NAO,Falha de Aplicação,Ajuste de configuração,2364.1276062620145
INC102572,2025-08-22 15:58:00,2025-08-22 18:37:17.596178280,2025-08-22 22:24:17.596178280,4 - Baixa,Banco de Dados,Sub B,lsin,CI-225,Suporte N3,Monitoramento,NAO,NAO,Manutenção Programada,Reinício de serviço,9557.596178277385
INC102573,2025-08-22 16:00:00,2025-08-22 17:50:39.318303942,2025-08-22 19:55:39.318303942,3 - Média,Banco de Dados,Sub A,lsin,CI-125,NOC N2,Monitoramento,SIM,NAO,Falha de Rede,Reinício de serviço,6639.31830394421
INC102574,2025-08-22 18:47:00,2025-08-22 20:55:46.958342478,2025-08-22 22:25:46.958342478,3 - Média,Rede,Sub B,lhvp,CI-264,NOC N2,Monitoramento,SIM,NAO,Falha de Aplicação,Reinício de serviço,7726.958342477153
INC102575,2025-08-22 18:55:00,2025-08-22 19:36:22.412527224,2025-08-22 20:47:22.412527224,4 - Baixa,Infraestrutura,Sub C,lhvp,CI-56,NOC N1,Monitoramento,NAO,NAO,Falha de Aplicação,Ajuste de configuração,2482.4125272225965
INC102576,2025-08-23 07:11:00,2025-08-23 07:32:26.656741428,2025-08-23 11:11:26.656741428,3 - Média,Rede,Sub A,lsin,CI-91,SRE,Monitoramento,SIM,NAO,Falha de Aplicação,Ajuste de configuração,1286.6567414279082
INC102577,2025-08-23 08:39:00,2025-08-23 10:24:33.030863292,2025-08-23 11:04:33.030863292,4 - Baixa,Aplicação,Sub B,lhco,CI-357,Suporte N3,Manual,NAO,NAO,Erro de Configuração,Ajuste de configuração,6333.0308632907145
INC102578,2025-08-23 09:11:00,2025-08-23 09:23:13.614502062,2025-08-23 10:14:13.614502062,3 - Média,Aplicação,Sub B,lrev,CI-177,NOC N1,Monitoramento,SIM,NAO,Manutenção Programada,Reinício de serviço,733.6145020602538
INC102579,2025-08-23 11:12:00,2025-08-23 12:09:53.509032714,2025-08-23 12:48:53.509032714,2 - Alta,Banco de Dados,Sub C,lhco,CI-367,NOC N2,Monitoramento,SIM,NAO,Falha de Rede,Patch aplicado,3473.5090327143243
INC102580,2025-08-23 12:05:00,2025-08-23 13:23:04.687280190,2025-08-23 15:20:04.687280190,3 - Média,Infraestrutura,Sub A,lcem,CI-195,NOC N2,Monitoramento,SIM,NAO,Falha de Rede,Ajuste de configuração,4684.6872801894315
INC102581,2025-08-23 12:14:00,2025-08-23 12:29:46.709321130,2025-08-23 13:20:46.709321130,2 - Alta,Rede,Sub B,lsin,CI-382,NOC N2,Monitoramento,SIM,NAO,Falha de Aplicação,Patch aplicado,946.7093211301427
INC102582,2025-08-23 12:38:00,2025-08-23 13:48:38.062051542,2025-08-23 17:12:38.062051542,4 - Baixa,Infraestrutura,Sub A,lhvp,CI-311,SRE,Monitoramento,NAO,NAO,Falha de Rede,Ajuste de configuração,4238.06205154478
INC102583,2025-08-23 12:59:00,2025-08-23 14:08:37.626575214,2025-08-23 16:45:37.626575214,3 - Média,Aplicação,Sub B,lsin,CI-367,NOC N2,Monitoramento,SIM,NAO,Manutenção Programada,Reinício de serviço,4177.626575216183
INC102584,2025-08-23 16:10:00,2025-08-23 17:46:27.212985996,2025-08-23 20:20:27.212985996,3 - Média,Rede,Sub C,lsin,CI-357,Suporte N3,Monitoramento,SIM,NAO,Falha de Aplicação,Reinício de serviço,5787.212985998668
INC102585,2025-08-23 20:03:00,2025-08-23 20:49:18.564745998,2025-08-23 22:00:18.564745998,3 - Média,Infraestrutura,Sub B,lhvp,CI-229,SRE,Monitoramento,SIM,NAO,Erro de Configuração,Reinício de serviço,2778.564745997264
INC102586,2025-08-23 22:04:00,2025-08-24 00:02:33.292353210,2025-08-24 01:02:33.292353210,4 - Baixa,Aplicação,Sub B,lsin,CI-231,SRE,Monitoramento,NAO,NAO,Falha de Aplicação,Patch aplicado,7113.292353210593
INC102587,2025-08-24 00:00:00,2025-08-24 00:29:24.988219356,2025-08-24 02:24:24.988219356,3 - Média,Banco de Dados,Sub A,lhco,CI-163,NOC N1,Monitoramento,SIM,NAO,Erro de Configuração,Patch aplicado,1764.98821935688
INC102588,2025-08-24 01:48:00,2025-08-24 04:00:17.610676230,2025-08-24 06:00:17.610676230,4 - Baixa,Rede,Sub C,lsin,CI-206,Suporte N3,Monitoramento,NAO,NAO,Erro de Configuração,Reinício de serviço,7937.610676230708
INC102589,2025-08-24 05:51:00,2025-08-24 06:29:46.123551732,2025-08-24 06:32:46.123551732,3 - Média,Rede,Sub A,lhco,CI-358,NOC N2,Monitoramento,SIM,NAO,Falha de Rede,Reinício de serviço,2326.1235517294112
INC102590,2025-08-24 07:06:00,2025-08-24 07:11:27.985635006,2025-08-24 09:41:27.985635006,2 - Alta,Infraestrutura,Sub B,lhco,CI-69,SRE,Monitoramento,SIM,NAO,Manutenção Programada,Reinício de serviço,327.9856350063242
INC102591,2025-08-24 08:27:00,2025-08-24 11:09:05.506067274,2025-08-24 13:48:05.506067274,4 - Baixa,Banco de Dados,Sub B,lsin,CI-73,Suporte N3,Monitoramento,NAO,NAO,Falha de Aplicação,Reinício de serviço,9725.506067273645
INC102592,2025-08-24 08:35:00,2025-08-24 09:03:56.523845748,2025-08-24 13:00:56.523845748,4 - Baixa,Aplicação,Sub B,lsin,CI-268,NOC N2,Manual,NAO,NAO,Falha de Rede,Ajuste de configuração,1736.523845750158
INC102593,2025-08-24 10:01:00,2025-08-24 12:57:06.655044444,2025-08-24 16:03:06.655044444,4 - Baixa,Infraestrutura,Sub A,lrev,CI-290,SRE,Monitoramento,NAO,NAO,Erro de Configuração,Ajuste de configuração,10566.655044445393
INC102594,2025-08-24 13:14:00,2025-08-24 13:45:51.652630182,2025-08-24 13:52:51.652630182,3 - Média,Banco de Dados,Sub C,lsin,CI-249,NOC N1,Monitoramento,SIM,NAO,Erro de Configuração,Ajuste de configuração,1911.6526301843596
INC102595,2025-08-24 13:22:00,2025-08-24 13:48:27.475847346,2025-08-24 15:52:27.475847346,4 - Baixa,Banco de Dados,Sub A,lsin,CI-31,SRE,Monitoramento,NAO,NAO,Falha de Rede,Reinício de serviço,1587.4758473472566
INC102596,2025-08-24 15:04:00,2025-08-24 18:46:08.570682672,2025-08-24 21:29:08.570682672,3 - Média,Rede,Sub A,lrev,CI-138,NOC N1,Monitoramento,SIM,NAO,Falha de Rede,Patch aplicado,13328.570682673597
INC102597,2025-08-24 16:36:00,2025-08-24 19:03:45.473828442,2025-08-24 19:44:45.473828442,3 - Média,Aplicação,Sub B,lsin,CI-309,Suporte N3,Monitoramento,SIM,NAO,Erro de Configuração,Ajuste de configuração,8865.473828444508
INC102598,2025-08-24 17:22:00,2025-08-24 19:03:51.416288226,2025-08-24 22:39:51.416288226,4 - Baixa,Banco de Dados,Sub B,lsin,CI-277,SRE,Monitoramento,NAO,NAO,Falha de Rede,Reinício de serviço,6111.4162882241
INC102599,2025-08-24 18:43:00,2025-08-24 19:59:16.707597000,2025-08-24 23:19:16.707597000,3 - Média,Banco de Dados,Sub A,lhco,CI-61,Suporte N3,Monitoramento,SIM,NAO,Falha de Rede,Reinício de serviço,4576.7075969971875
INC102600,2025-08-24 18:44:00,2025-08-24 20:15:44.957063952,2025-08-24 22:20:44.957063952,3 - Média,Banco de Dados,Sub C,lrev,CI-3,NOC N2,Monitoramento,SIM,NAO,Falha de Aplicação,Patch aplicado,5504.957063954516
INC102601,2025-08-24 23:15:00,2025-08-25 00:15:45.914442312,2025-08-25 03:07:45.914442312,4 - Baixa,Rede,Sub A,lhco,CI-98,NOC N1,Manual,NAO,NAO,Falha de Rede,Patch aplicado,3645.914442312427
INC102602,2025-08-24 23:33:00,2025-08-25 00:08:54.393312834,2025-08-25 00:49:54.393312834,3 - Média,Rede,Sub A,lrev,CI-272,SRE,Manual,SIM,NAO,Falha de Aplicação,Reinício de serviço,2154.393312832428
INC102603,2025-08-25 00:58:00,2025-08-25 02:04:23.053792674,2025-08-25 02:50:23.053792674,3 - Média,Rede,Sub B,lsin,CI-190,NOC N2,Monitoramento,SIM,NAO,Falha de Rede,Ajuste de configuração,3983.0537926730817
INC102604,2025-08-25 01:13:00,2025-08-25 02:17:00.300995592,2025-08-25 04:24:00.300995592,3 - Média,Infraestrutura,Sub B,lsin,CI-285,SRE,Monitoramento,SIM,NAO,Falha de Rede,Reinício de serviço,3840.300995592319
INC102605,2025-08-25 01:17:00,2025-08-25 04:29:34.047528042,2025-08-25 06:46:34.047528042,4 - Baixa,Aplicação,Sub C,lsin,CI-200,NOC N2,Monitoramento,NAO,NAO,Erro de Configuração,Ajuste de configuração,11554.047528039464
INC102606,2025-08-25 02:39:00,2025-08-25 04:16:56.337569880,2025-08-25 05:12:56.337569880,4 - Baixa,Banco de Dados,Sub B,lsin,CI-333,NOC N1,Monitoramento,NAO,NAO,Manutenção Programada,Patch aplicado,5876.337569879332
INC102607,2025-08-25 03:33:00,2025-08-25 03:43:24.489727908,2025-08-25 06:04:24.489727908,2 - Alta,Aplicação,Sub A,lsin,CI-140,SRE,Monitoramento,SIM,NAO,Manutenção Programada,Ajuste de configuração,624.4897279086794
INC102608,2025-08-25 03:39:00,2025-08-25 04:57:32.005242149,2025-08-25 06:02:32.005242149,3 - Média,Aplicação,Sub B,lsin,CI-396,NOC N1,Monitoramento,SIM,NAO,Falha de Rede,Patch aplicado,4712.005242151472
INC102609,2025-08-25 04:00:00,2025-08-25 05:33:42.165772284,2025-08-25 07:37:42.165772284,2 - Alta,Infraestrutura,Sub B,lsin,CI-379,SRE,Monitoramento,SIM,NAO,Manutenção Programada,Reinício de serviço,5622.165772282458
INC102610,2025-08-25 04:11:00,2025-08-25 05:15:43.596486018,2025-08-25 06:14:43.596486018,3 - Média,Infraestrutura,Sub C,lrev,CI-263,SRE,Monitoramento,SIM,NAO,Falha de Rede,Patch aplicado,3883.5964860167182
INC102611,2025-08-25 05:05:00,2025-08-25 07:13:11.816287908,2025-08-25 10:40:11.816287908,4 - Baixa,Infraestrutura,Sub C,lhco,CI-320,SRE,Monitoramento,NAO,NAO,Falha de Rede,Patch aplicado,7691.8162879090405
INC102612,2025-08-25 08:53:00,2025-08-25 10:17:08.181400800,2025-08-25 12:53:08.181400800,3 - Média,Rede,Sub B,lcem,CI-29,Suporte N3,Monitoramento,SIM,NAO,Falha de Aplicação,Patch aplicado,5048.181400797908
INC102613,2025-08-25 10:47:00,2025-08-25 14:44:01.009258914,2025-08-25 14:45:01.009258914,3 - Média,Infraestrutura,Sub A,lsin,CI-216,SRE,Monitoramento,SIM,NAO,Erro de Configuração,Reinício de serviço,14221.00925891126
INC102614,2025-08-25 11:18:00,2025-08-25 12:22:46.871739294,2025-08-25 16:21:46.871739294,3 - Média,Infraestrutura,Sub A,lcem,CI-66,NOC N1,Monitoramento,SIM,NAO,Falha de Rede,Ajuste de configuração,3886.871739293782
INC102615,2025-08-25 15:33:00,2025-08-25 17:53:47.549683758,2025-08-25 18:24:47.549683758,3 - Média,Aplicação,Sub A,lcem,CI-7,Suporte N3,Monitoramento,SIM,NAO,Falha de Aplicação,Patch aplicado,8447.549683755093
INC102616,2025-08-25 18:01:00,2025-08-25 18:51:24.333716964,2025-08-25 19:56:24.333716964,2 - Alta,Rede,Sub B,lsin,CI-203,SRE,Monitoramento,SIM,NAO,Manutenção Programada,Ajuste de configuração,3024.333716963974
INC102617,2025-08-26 01:22:00,2025-08-26 03:03:03.403638780,2025-08-26 06:22:03.403638780,3 - Média,Rede,Sub B,lsin,CI-335,NOC N1,Manual,SIM,NAO,Falha de Rede,Patch aplicado,6063.403638780921
INC102618,2025-08-26 01:27:00,2025-08-26 02:49:57.432055650,2025-08-26 03:36:57.432055650,4 - Baixa,Rede,Sub A,lsin,CI-62,SRE,Monitoramento,NAO,NAO,Falha de Aplicação,Reinício de serviço,4977.432055652163
INC102619,2025-08-26 08:11:00,2025-08-26 10:49:09.440513682,2025-08-26 14:06:09.440513682,4 - Baixa,Rede,Sub A,lsin,CI-228,NOC N1,Monitoramento,NAO,NAO,Manutenção Programada,Reinício de serviço,9489.440513680069
INC102620,2025-08-26 08:32:00,2025-08-26 09:34:26.397396150,2025-08-26 12:12:26.397396150,2 - Alta,Rede,Sub B,lhco,CI-287,SRE,Monitoramento,SIM,NAO,Erro de Configuração,Patch aplicado,3746.3973961517436
INC102621,2025-08-26 08:41:00,2025-08-26 10:57:04.340148804,2025-08-26 14:41:04.340148804,4 - Baixa,Banco de Dados,Sub C,lsin,CI-341,NOC N2,Monitoramento,NAO,NAO,Erro de Configuração,Ajuste de configuração,8164.340148804333
INC102622,2025-08-26 08:47:00,2025-08-26 10:24:31.315978049,2025-08-26 13:58:31.315978049,2 - Alta,Aplicação,Sub C,lsin,CI-191,NOC N1,Monitoramento,SIM,NAO,Erro de Configuração,Reinício de serviço,5851.315978048293
INC102623,2025-08-26 10:48:00,2025-08-26 13:03:12.660662730,2025-08-26 13:11:12.660662730,4 - Baixa,Banco de Dados,Sub B,lhvp,CI-331,SRE,Monitoramento,NAO,NAO,Manutenção Programada,Patch aplicado,8112.660662729669
INC102624,2025-08-26 10:57:00,2025-08-26 12:54:10.411571616,2025-08-26 16:36:10.411571616,3 - Média,Rede,Sub A,lsin,CI-275,SRE,Monitoramento,SIM,NAO,Falha de Aplicação,Reinício de serviço,7030.411571615835
INC102625,2025-08-26 11:09:00,2025-08-26 12:59:23.658730734,2025-08-26 13:19:23.658730734,2 - Alta,Infraestrutura,Sub B,lcem,CI-90,SRE,Monitoramento,SIM,NAO,Erro de Configuração,Patch aplicado,6623.658730735875
INC102626,2025-08-26 13:34:00,2025-08-26 15:36:16.570647630,2025-08-26 18:50:16.570647630,4 - Baixa,Rede,Sub C,lsin,CI-129,SRE,Monitoramento,NAO,NAO,Falha de Aplicação,Patch aplicado,7336.570647629534
INC102627,2025-08-26 13:41:00,2025-08-26 15:09:33.665547444,2025-08-26 19:05:33.665547444,2 - Alta,Banco de Dados,Sub B,lhco,CI-145,NOC N1,Monitoramento,SIM,NAO,Falha de Aplicação,Patch aplicado,5313.665547444883
INC102628,2025-08-26 16:27:00,2025-08-26 17:51:04.131506843,2025-08-26 19:08:04.131506843,3 - Média,Banco de Dados,Sub C,lrev,CI-282,SRE,Monitoramento,SIM,NAO,Manutenção Programada,Reinício de serviço,5044.1315068429885
INC102629,2025-08-26 19:35:00,2025-08-26 19:52:53.423789502,2025-08-26 20:20:53.423789502,4 - Baixa,Infraestrutura,Sub C,lrev,CI-49,NOC N1,Manual,NAO,NAO,Erro de Configuração,Ajuste de configuração,1073.423789503875
INC102630,2025-08-26 20:40:00,2025-08-26 21:46:39.184370028,2025-08-27 00:05:39.184370028,3 - Média,Banco de Dados,Sub B,lsin,CI-314,Suporte N3,Monitoramento,SIM,NAO,Falha de Aplicação,Ajuste de configuração,3999.1843700269137
INC102631,2025-08-26 23:01:00,2025-08-27 00:30:18.625328472,2025-08-27 02:32:18.625328472,2 - Alta,Infraestrutura,Sub C,lhco,CI-112,NOC N2,Monitoramento,SIM,NAO,Falha de Aplicação,Ajuste de configuração,5358.62532847298
INC102632,2025-08-26 23:03:00,2025-08-26 23:41:57.816860424,2025-08-27 00:57:57.816860424,4 - Baixa,Infraestrutura,Sub B,lhvp,CI-191,NOC N2,Monitoramento,NAO,NAO,Falha de Aplicação,Reinício de serviço,2337.8168604233742
INC102633,2025-08-27 00:19:00,2025-08-27 00:49:54.943673670,2025-08-27 03:54:54.943673670,2 - Alta,Aplicação,Sub A,lhco,CI-269,NOC N1,Monitoramento,SIM,NAO,Manutenção Programada,Ajuste de configuração,1854.943673668249
INC102634,2025-08-27 06:04:00,2025-08-27 06:24:29.343755652,2025-08-27 09:54:29.343755652,4 - Baixa,Aplicação,Sub A,lhco,CI-264,SRE,Monitoramento,NAO,NAO,Erro de Configuração,Patch aplicado,1229.3437556548686
INC102635,2025-08-27 06:39:00,2025-08-27 07:57:56.458772616,2025-08-27 08:10:56.458772616,3 - Média,Infraestrutura,Sub B,lhco,CI-74,NOC N1,Monitoramento,SIM,NAO,Falha de Aplicação,Reinício de serviço,4736.45877261625
INC102636,2025-08-27 11:01:00,2025-08-27 11:38:45.221268528,2025-08-27 12:32:45.221268528,4 - Baixa,Banco de Dados,Sub C,lhco,CI-227,NOC N2,Monitoramento,NAO,NAO,Manutenção Programada,Patch aplicado,2265.221268526508
INC102637,2025-08-27 11:54:00,2025-08-27 12:07:40.385667234,2025-08-27 14:48:40.385667234,2 - Alta,Aplicação,Sub A,lsin,CI-270,NOC N2,Monitoramento,SIM,NAO,Manutenção Programada,Ajuste de configuração,820.3856672358507
INC102638,2025-08-27 17:35:00,2025-08-27 18:14:30.331016814,2025-08-27 18:26:30.331016814,2 - Alta,Banco de Dados,Sub B,lhco,CI-80,Suporte N3,Monitoramento,SIM,NAO,Erro de Configuração,Patch aplicado,2370.331016811205
INC102639,2025-08-28 02:42:00,2025-08-28 04:40:12.006223476,2025-08-28 05:39:12.006223476,3 - Média,Infraestrutura,Sub C,lsin,CI-396,NOC N1,Monitoramento,SIM,NAO,Falha de Rede,Ajuste de configuração,7092.006223478338
INC102640,2025-08-28 03:43:00,2025-08-28 04:54:24.870087870,2025-08-28 06:52:24.870087870,2 - Alta,Aplicação,Sub C,lhco,CI-1,NOC N2,Monitoramento,SIM,NAO,Falha de Aplicação,Patch aplicado,4284.870087871366
INC102641,2025-08-28 03:46:00,2025-08-28 04:17:10.457593500,2025-08-28 06:47:10.457593500,4 - Baixa,Rede,Sub B,lhco,CI-197,SRE,Monitoramento,NAO,NAO,Erro de Configuração,Ajuste de configuração,1870.4575934996367
INC102642,2025-08-28 05:10:00,2025-08-28 06:31:23.639996766,2025-08-28 06:49:23.639996766,3 - Média,Infraestrutura,Sub A,lsin,CI-178,NOC N2,Manual,SIM,NAO,Erro de Configuração,Patch aplicado,4883.639996764629
INC102643,2025-08-28 07:04:00,2025-08-28 07:40:29.201699472,2025-08-28 08:10:29.201699472,2 - Alta,Rede,Sub C,lcem,CI-319,NOC N1,Monitoramento,SIM,NAO,Manutenção Programada,Reinício de serviço,2189.2016994706346
INC102644,2025-08-28 14:01:00,2025-08-28 16:44:25.903703970,2025-08-28 20:06:25.903703970,4 - Baixa,Banco de Dados,Sub A,lsin,CI-29,NOC N1,Monitoramento,NAO,NAO,Falha de Rede,Ajuste de configuração,9805.903703967228
INC102645,2025-08-28 16:19:00,2025-08-28 19:07:17.311687566,2025-08-28 19:26:17.311687566,2 - Alta,Infraestrutura,Sub C,lhco,CI-102,SRE,Monitoramento,SIM,NAO,Falha de Aplicação,Reinício de serviço,10097.311687566735
INC102646,2025-08-28 20:52:00,2025-08-28 22:21:18.047167986,2025-08-29 01:46:18.047167986,3 - Média,Rede,Sub C,lsin,CI-265,NOC N1,Monitoramento,SIM,NAO,Falha de Rede,Patch aplicado,5358.0471679887205
INC102647,2025-08-28 22:59:00,2025-08-28 23:26:46.155400596,2025-08-29 02:09:46.155400596,3 - Média,Banco de Dados,Sub A,lhvp,CI-283,NOC N2,Monitoramento,SIM,NAO,Falha de Rede,Reinício de serviço,1666.1554005963617
INC102648,2025-08-29 00:54:00,2025-08-29 01:08:03.019517808,2025-08-29 01:50:03.019517808,3 - Média,Banco de Dados,Sub C,lrev,CI-208,NOC N2,Monitoramento,SIM,NAO,Manutenção Programada,Reinício de serviço,843.0195178084414
INC102649,2025-08-29 03:26:00,2025-08-29 04:23:56.303122182,2025-08-29 06:04:56.303122182,3 - Média,Banco de Dados,Sub C,lrev,CI-302,Suporte N3,Monitoramento,SIM,NAO,Manutenção Programada,Patch aplicado,3476.303122184789
INC102650,2025-08-29 04:57:00,2025-08-29 05:42:04.613108694,2025-08-29 06:36:04.613108694,2 - Alta,Infraestrutura,Sub B,lhvp,CI-150,NOC N2,Monitoramento,SIM,NAO,Erro de Configuração,Ajuste de configuração,2704.6131086961886
INC102651,2025-08-29 06:38:00,2025-08-29 06:57:10.613003754,2025-08-29 09:26:10.613003754,2 - Alta,Infraestrutura,Sub A,lcem,CI-5,Suporte N3,Monitoramento,SIM,NAO,Manutenção Programada,Ajuste de configuração,1150.6130037510268
INC102652,2025-08-29 07:17:00,2025-08-29 08:31:37.076465832,2025-08-29 09:48:37.076465832,2 - Alta,Aplicação,Sub A,lhco,CI-219,NOC N1,Manual,SIM,NAO,Erro de Configuração,Patch aplicado,4477.076465831559
INC102653,2025-08-29 08:35:00,2025-08-29 10:00:58.788013164,2025-08-29 12:29:58.788013164,3 - Média,Infraestrutura,Sub A,lcem,CI-363,Suporte N3,Monitoramento,SIM,NAO,Falha de Aplicação,Reinício de serviço,5158.788013161487
INC102654,2025-08-29 10:44:00,2025-08-29 11:58:11.459476776,2025-08-29 12:13:11.459476776,2 - Alta,Aplicação,Sub B,lhco,CI-365,NOC N2,Monitoramento,SIM,NAO,Erro de Configuração,Patch aplicado,4451.459476778492
INC102655,2025-08-29 18:18:00,2025-08-29 19:10:19.643545074,2025-08-29 21:30:19.643545074,4 - Baixa,Infraestrutura,Sub B,lhvp,CI-198,NOC N2,Manual,NAO,SIM,Falha de Aplicação,Ajuste de configuração,3139.6435450751283
INC102656,2025-08-29 18:33:00,2025-08-29 21:09:34.387351974,2025-08-30 00:05:34.387351974,4 - Baixa,Aplicação,Sub B,lhvp,CI-331,NOC N1,Monitoramento,NAO,NAO,Falha de Rede,Reinício de serviço,9394.387351976313
INC102657,2025-08-29 20:01:00,2025-08-29 22:56:35.170280436,2025-08-30 00:34:35.170280436,4 - Baixa,Aplicação,Sub B,lhco,CI-23,NOC N1,Monitoramento,NAO,NAO,Falha de Aplicação,Patch aplicado,10535.170280438744
INC102658,2025-08-29 22:14:00,2025-08-29 22:23:53.758169544,2025-08-29 22:24:53.758169544,2 - Alta,Aplicação,Sub C,lcem,CI-394,Suporte N3,Monitoramento,SIM,NAO,Falha de Aplicação,Patch aplicado,593.7581695464925
INC102659,2025-08-30 02:12:00,2025-08-30 03:00:04.670008932,2025-08-30 03:14:04.670008932,2 - Alta,Infraestrutura,Sub C,lhco,CI-287,SRE,Monitoramento,SIM,NAO,Falha de Aplicação,Patch aplicado,2884.670008934074
INC102660,2025-08-30 09:26:00,2025-08-30 12:55:09.526669146,2025-08-30 13:36:09.526669146,4 - Baixa,Aplicação,Sub A,lsin,CI-12,SRE,Monitoramento,NAO,NAO,Falha de Rede,Ajuste de configuração,12549.526669148094
INC102661,2025-08-30 14:17:00,2025-08-30 14:54:23.725851156,2025-08-30 18:44:23.725851156,3 - Média,Rede,Sub B,lhvp,CI-369,NOC N1,Monitoramento,SIM,NAO,Falha de Aplicação,Ajuste de configuração,2243.7258511531536
INC102662,2025-08-30 16:13:00,2025-08-30 21:25:11.795407758,2025-08-31 01:00:11.795407758,3 - Média,Infraestrutura,Sub C,lsin,CI-297,NOC N1,Manual,SIM,NAO,Erro de Configuração,Ajuste de configuração,18731.795407756425
INC102663,2025-08-30 16:32:00,2025-08-30 17:42:28.877754702,2025-08-30 21:39:28.877754702,3 - Média,Rede,Sub A,lsin,CI-225,NOC N2,Monitoramento,SIM,NAO,Falha de Rede,Ajuste de configuração,4228.877754699448
INC102664,2025-08-30 19:39:00,2025-08-30 21:51:28.512046260,2025-08-30 23:11:28.512046260,3 - Média,Infraestrutura,Sub C,lcem,CI-283,NOC N2,Monitoramento,SIM,NAO,Falha de Aplicação,Reinício de serviço,7948.512046257159
INC102665,2025-08-30 19:41:00,2025-08-30 21:43:26.455515516,2025-08-30 22:07:26.455515516,4 - Baixa,Aplicação,Sub B,lsin,CI-174,Suporte N3,Manual,NAO,NAO,Erro de Configuração,Reinício de serviço,7346.455515516461
INC102666,2025-08-30 20:32:00,2025-08-30 21:23:37.568848482,2025-08-31 00:25:37.568848482,4 - Baixa,Banco de Dados,Sub B,lcem,CI-106,NOC N2,Monitoramento,NAO,NAO,Erro de Configuração,Reinício de serviço,3097.568848483258
INC102667,2025-08-30 23:38:00,2025-08-31 01:18:43.675874592,2025-08-31 04:12:43.675874592,3 - Média,Rede,Sub A,lcem,CI-359,NOC N2,Manual,SIM,NAO,Falha de Aplicação,Ajuste de configuração,6043.675874593319
INC102668,2025-08-31 01:21:00,2025-08-31 02:10:33.113123550,2025-08-31 04:21:33.113123550,4 - Baixa,Infraestrutura,Sub C,lhvp,CI-368,Suporte N3,Monitoramento,NAO,NAO,Manutenção Programada,Patch aplicado,2973.1131235471817
INC102669,2025-08-31 03:20:00,2025-08-31 05:03:47.882567496,2025-08-31 05:53:47.882567496,4 - Baixa,Aplicação,Sub B,lhvp,CI-80,SRE,Monitoramento,NAO,NAO,Erro de Configuração,Patch aplicado,6227.882567495873
INC102670,2025-08-31 04:25:00,2025-08-31 05:28:48.896641296,2025-08-31 06:03:48.896641296,2 - Alta,Infraestrutura,Sub C,lrev,CI-167,Suporte N3,Manual,SIM,NAO,Manutenção Programada,Reinício de serviço,3828.8966412963914
INC102671,2025-08-31 08:25:00,2025-08-31 09:41:34.426717236,2025-08-31 12:18:34.426717236,3 - Média,Infraestrutura,Sub C,lhco,CI-270,Suporte N3,Monitoramento,SIM,NAO,Falha de Rede,Ajuste de configuração,4594.426717237885
INC102672,2025-08-31 11:02:00,2025-08-31 12:09:27.148429104,2025-08-31 15:03:27.148429104,4 - Baixa,Infraestrutura,Sub A,lhvp,CI-387,Suporte N3,Monitoramento,NAO,NAO,Manutenção Programada,Patch aplicado,4047.1484291054235
INC102673,2025-08-31 13:11:00,2025-08-31 14:35:47.165042358,2025-08-31 16:07:47.165042358,3 - Média,Infraestrutura,Sub B,lcem,CI-199,NOC N2,Manual,SIM,NAO,Erro de Configuração,Reinício de serviço,5087.165042359541
INC102674,2025-08-31 14:34:00,2025-08-31 15:10:53.610654294,2025-08-31 16:41:53.610654294,3 - Média,Infraestrutura,Sub C,lhco,CI-326,Suporte N3,Manual,SIM,NAO,Manutenção Programada,Ajuste de configuração,2213.610654293726
INC102675,2025-08-31 15:33:00,2025-08-31 16:54:46.711596126,2025-08-31 19:48:46.711596126,3 - Média,Banco de Dados,Sub A,lhco,CI-378,NOC N2,Manual,SIM,NAO,Manutenção Programada,Ajuste de configuração,4906.711596126583
INC102676,2025-08-31 16:09:00,2025-08-31 18:54:29.894115162,2025-08-31 20:32:29.894115162,4 - Baixa,Rede,Sub A,lsin,CI-296,NOC N1,Monitoramento,NAO,NAO,Falha de Aplicação,Patch aplicado,9929.89411516107
INC102677,2025-08-31 16:39:00,2025-08-31 17:22:36.940299666,2025-08-31 17:30:36.940299666,3 - Média,Aplicação,Sub B,lrev,CI-238,SRE,Monitoramento,SIM,NAO,Erro de Configuração,Patch aplicado,2616.940299668184
INC102678,2025-08-31 20:09:00,2025-08-31 21:22:05.627492670,2025-08-31 22:14:05.627492670,3 - Média,Infraestrutura,Sub A,lcem,CI-62,NOC N2,Monitoramento,SIM,NAO,Falha de Rede,Patch aplicado,4385.627492669312
INC102679,2025-08-31 23:39:00,2025-09-01 00:58:49.177786356,2025-09-01 01:26:49.177786356,3 - Média,Aplicação,Sub C,lsin,CI-22,NOC N1,Monitoramento,SIM,NAO,Erro de Configuração,Patch aplicado,4789.177786357072
INC102680,2025-09-01 00:19:00,2025-09-01 01:16:05.941914480,2025-09-01 02:58:05.941914480,2 - Alta,Infraestrutura,Sub B,lhco,CI-87,NOC N2,Monitoramento,SIM,NAO,Erro de Configuração,Reinício de serviço,3425.941914479154
INC102681,2025-09-01 01:43:00,2025-09-01 04:03:59.988355344,2025-09-01 06:03:59.988355344,2 - Alta,Rede,Sub A,lhco,CI-230,NOC N1,Monitoramento,SIM,NAO,Falha de Rede,Reinício de serviço,8459.988355341226
INC102682,2025-09-01 03:36:00,2025-09-01 04:00:22.156061586,2025-09-01 04:42:22.156061586,3 - Média,Banco de Dados,Sub C,lhco,CI-205,Suporte N3,Monitoramento,SIM,NAO,Manutenção Programada,Patch aplicado,1462.1560615887777
INC102683,2025-09-01 11:26:00,2025-09-01 13:56:27.196837626,2025-09-01 16:23:27.196837626,2 - Alta,Rede,Sub C,lhco,CI-97,NOC N2,Monitoramento,SIM,NAO,Falha de Aplicação,Reinício de serviço,9027.196837628073
INC102684,2025-09-01 13:23:00,2025-09-01 14:38:07.768466874,2025-09-01 18:26:07.768466874,2 - Alta,Banco de Dados,Sub B,lsin,CI-41,NOC N1,Monitoramento,SIM,NAO,Manutenção Programada,Ajuste de configuração,4507.768466876501
INC102685,2025-09-01 14:06:00,2025-09-01 15:54:42.890347092,2025-09-01 19:09:42.890347092,3 - Média,Infraestrutura,Sub A,lhco,CI-154,SRE,Monitoramento,SIM,NAO,Falha de Aplicação,Ajuste de configuração,6522.890347092311
INC102686,2025-09-01 17:27:00,2025-09-01 18:33:25.625610684,2025-09-01 22:15:25.625610684,2 - Alta,Infraestrutura,Sub A,lhco,CI-257,Suporte N3,Monitoramento,SIM,NAO,Erro de Configuração,Ajuste de configuração,3985.6256106869787
INC102687,2025-09-01 18:13:00,2025-09-01 19:11:25.856471700,2025-09-01 21:16:25.856471700,4 - Baixa,Rede,Sub A,lsin,CI-148,SRE,Manual,NAO,NAO,Falha de Aplicação,Ajuste de configuração,3505.856471698467
INC102688,2025-09-01 20:28:00,2025-09-01 22:44:57.310173042,2025-09-02 01:32:57.310173042,3 - Média,Rede,Sub C,lsin,CI-208,Suporte N3,Monitoramento,SIM,NAO,Manutenção Programada,Patch aplicado,8217.310173041962
INC102689,2025-09-02 03:55:00,2025-09-02 05:28:36.330549966,2025-09-02 08:42:36.330549966,4 - Baixa,Aplicação,Sub A,lsin,CI-167,NOC N1,Monitoramento,NAO,NAO,Manutenção Programada,Patch aplicado,5616.330549967463
INC102690,2025-09-02 05:44:00,2025-09-02 07:07:48.799076790,2025-09-02 10:41:48.799076790,4 - Baixa,Banco de Dados,Sub B,lrev,CI-316,Suporte N3,Manual,NAO,NAO,Manutenção Programada,Ajuste de configuração,5028.799076790883
INC102691,2025-09-02 08:14:00,2025-09-02 10:08:35.357485914,2025-09-02 11:04:35.357485914,2 - Alta,Aplicação,Sub C,lhco,CI-25,SRE,Monitoramento,SIM,NAO,Falha de Rede,Patch aplicado,6875.357485913182
INC102692,2025-09-02 09:43:00,2025-09-02 11:01:24.467468514,2025-09-02 14:07:24.467468514,4 - Baixa,Banco de Dados,Sub A,lcem,CI-352,Suporte N3,Monitoramento,NAO,NAO,Manutenção Programada,Patch aplicado,4704.467468515937
INC102693,2025-09-02 11:42:00,2025-09-02 12:37:37.704476310,2025-09-02 12:53:37.704476310,3 - Média,Aplicação,Sub A,lsin,CI-145,Suporte N3,Monitoramento,SIM,NAO,Falha de Aplicação,Ajuste de configuração,3337.7044763115186
INC102694,2025-09-02 12:45:00,2025-09-02 13:49:18.840182046,2025-09-02 17:06:18.840182046,3 - Média,Banco de Dados,Sub A,lrev,CI-390,SRE,Monitoramento,SIM,NAO,Erro de Configuração,Patch aplicado,3858.8401820476174
INC102695,2025-09-02 13:43:00,2025-09-02 15:01:09.173804322,2025-09-02 17:57:09.173804322,2 - Alta,Infraestrutura,Sub A,lcem,CI-380,NOC N1,Monitoramento,SIM,NAO,Falha de Aplicação,Patch aplicado,4689.173804321354
INC102696,2025-09-02 16:58:00,2025-09-02 18:49:25.931274312,2025-09-02 22:03:25.931274312,4 - Baixa,Infraestrutura,Sub A,lhvp,CI-217,SRE,Manual,NAO,SIM,Erro de Configuração,Patch aplicado,6685.931274311704
INC102697,2025-09-02 19:05:00,2025-09-02 20:09:03.755999676,2025-09-02 23:57:03.755999676,3 - Média,Banco de Dados,Sub C,lhco,CI-77,SRE,Monitoramento,SIM,NAO,Manutenção Programada,Ajuste de configuração,3843.755999678973
INC102698,2025-09-02 20:49:00,2025-09-02 21:13:37.299781692,2025-09-03 00:04:37.299781692,2 - Alta,Aplicação,Sub C,lcem,CI-282,NOC N2,Monitoramento,SIM,NAO,Erro de Configuração,Patch aplicado,1477.2997816908112
INC102699,2025-09-03 04:50:00,2025-09-03 07:21:53.006910930,2025-09-03 09:36:53.006910930,2 - Alta,Banco de Dados,Sub B,lhvp,CI-107,NOC N1,Monitoramento,SIM,NAO,Manutenção Programada,Ajuste de configuração,9113.006910930122
INC102700,2025-09-03 08:24:00,2025-09-03 09:35:39.188097618,2025-09-03 10:04:39.188097618,3 - Média,Rede,Sub A,lhvp,CI-303,Suporte N3,Monitoramento,SIM,NAO,Erro de Configuração,Ajuste de configuração,4299.188097617634
INC102701,2025-09-03 15:01:00,2025-09-03 15:42:51.468552414,2025-09-03 16:00:51.468552414,2 - Alta,Infraestrutura,Sub B,lhco,CI-348,NOC N2,Monitoramento,SIM,NAO,Erro de Configuração,Patch aplicado,2511.468552411089
INC102702,2025-09-03 18:28:00,2025-09-03 19:54:55.710879666,2025-09-03 21:16:55.710879666,3 - Média,Banco de Dados,Sub C,lsin,CI-110,NOC N1,Monitoramento,SIM,NAO,Erro de Configuração,Reinício de serviço,5215.710879664038
INC102703,2025-09-03 21:44:00,2025-09-03 22:09:44.597274546,2025-09-03 23:38:44.597274546,4 - Baixa,Infraestrutura,Sub A,lsin,CI-56,NOC N2,Monitoramento,NAO,NAO,Manutenção Programada,Patch aplicado,1544.5972745444
INC102704,2025-09-03 23:33:00,2025-09-03 23:53:29.755497132,2025-09-04 00:04:29.755497132,2 - Alta,Aplicação,Sub A,lcem,CI-289,SRE,Manual,SIM,NAO,Erro de Configuração,Patch aplicado,1229.7554971333425
INC102705,2025-09-03 23:51:00,2025-09-04 01:11:10.184942598,2025-09-04 02:04:10.184942598,3 - Média,Aplicação,Sub C,lhco,CI-45,NOC N1,Monitoramento,SIM,NAO,Falha de Aplicação,Reinício de serviço,4810.184942600677
INC102706,2025-09-04 00:46:00,2025-09-04 01:25:57.758491170,2025-09-04 02:32:57.758491170,4 - Baixa,Rede,Sub A,lhvp,CI-181,NOC N2,Monitoramento,NAO,NAO,Erro de Configuração,Ajuste de configuração,2397.758491168403
INC102707,2025-09-04 03:50:00,2025-09-04 05:14:19.477156512,2025-09-04 06:24:19.477156512,3 - Média,Aplicação,Sub B,lhco,CI-3,NOC N2,Monitoramento,SIM,NAO,Manutenção Programada,Ajuste de configuração,5059.477156512902
INC102708,2025-09-04 04:32:00,2025-09-04 05:48:46.643728290,2025-09-04 07:59:46.643728290,4 - Baixa,Infraestrutura,Sub B,lhco,CI-398,SRE,Monitoramento,NAO,NAO,Falha de Aplicação,Reinício de serviço,4606.643728290629
INC102709,2025-09-04 07:08:00,2025-09-04 07:24:46.543567164,2025-09-04 10:36:46.543567164,3 - Média,Rede,Sub A,lsin,CI-320,NOC N1,Manual,SIM,NAO,Manutenção Programada,Ajuste de configuração,1006.5435671617156
INC102710,2025-09-04 07:11:00,2025-09-04 08:39:36.851967462,2025-09-04 10:43:36.851967462,3 - Média,Rede,Sub B,lsin,CI-325,NOC N1,Monitoramento,SIM,NAO,Falha de Rede,Reinício de serviço,5316.851967462485
INC102711,2025-09-04 07:22:00,2025-09-04 08:11:47.645599512,2025-09-04 09:43:47.645599512,3 - Média,Banco de Dados,Sub A,lsin,CI-240,NOC N1,Monitoramento,SIM,NAO,Erro de Configuração,Ajuste de configuração,2987.645599514439
INC102712,2025-09-04 09:25:00,2025-09-04 10:03:10.810880016,2025-09-04 11:48:10.810880016,3 - Média,Banco de Dados,Sub B,lhco,CI-367,NOC N2,Monitoramento,SIM,NAO,Falha de Aplicação,Ajuste de configuração,2290.810880013053
INC102713,2025-09-04 09:53:00,2025-09-04 11:56:14.032886310,2025-09-04 14:02:14.032886310,3 - Média,Banco de Dados,Sub B,lhvp,CI-237,Suporte N3,Monitoramento,SIM,NAO,Erro de Configuração,Reinício de serviço,7394.032886310185
INC102714,2025-09-04 13:06:00,2025-09-04 14:03:25.254094914,2025-09-04 17:18:25.254094914,4 - Baixa,Rede,Sub B,lcem,CI-368,SRE,Monitoramento,NAO,NAO,Falha de Rede,Ajuste de configuração,3445.2540949138743
INC102715,2025-09-04 21:40:00,2025-09-04 22:41:02.578281354,2025-09-05 01:31:02.578281354,3 - Média,Banco de Dados,Sub B,lsin,CI-311,NOC N1,Monitoramento,SIM,SIM,Falha de Aplicação,Ajuste de configuração,3662.578281353577
INC102716,2025-09-04 23:21:00,2025-09-05 00:10:50.458897344,2025-09-05 01:57:50.458897344,2 - Alta,Aplicação,Sub A,lsin,CI-216,Suporte N3,Monitoramento,SIM,NAO,Erro de Configuração,Ajuste de configuração,2990.458897341017
INC102717,2025-09-05 01:49:00,2025-09-05 02:58:38.713437834,2025-09-05 06:49:38.713437834,4 - Baixa,Banco de Dados,Sub C,lcem,CI-325,Suporte N3,Monitoramento,NAO,NAO,Manutenção Programada,Ajuste de configuração,4178.713437834419
INC102718,2025-09-05 02:07:00,2025-09-05 06:16:10.700049072,2025-09-05 09:10:10.700049072,3 - Média,Infraestrutura,Sub B,lhco,CI-12,SRE,Monitoramento,SIM,NAO,Erro de Configuração,Patch aplicado,14950.700049072386
INC102719,2025-09-05 05:11:00,2025-09-05 06:44:07.277532438,2025-09-05 07:47:07.277532438,3 - Média,Aplicação,Sub B,lsin,CI-86,SRE,Manual,SIM,NAO,Falha de Aplicação,Patch aplicado,5587.277532437111
INC102720,2025-09-05 08:08:00,2025-09-05 09:20:48.715601064,2025-09-05 11:37:48.715601064,2 - Alta,Rede,Sub C,lhco,CI-32,SRE,Monitoramento,SIM,NAO,Falha de Aplicação,Reinício de serviço,4368.715601064588
INC102721,2025-09-05 12:57:00,2025-09-05 13:38:26.450173140,2025-09-05 17:04:26.450173140,2 - Alta,Banco de Dados,Sub C,lhco,CI-82,Suporte N3,Monitoramento,SIM,NAO,Falha de Rede,Reinício de serviço,2486.450173139146
INC102722,2025-09-05 14:53:00,2025-09-05 16:50:19.271660958,2025-09-05 19:57:19.271660958,3 - Média,Aplicação,Sub A,lrev,CI-220,Suporte N3,Monitoramento,SIM,NAO,Erro de Configuração,Patch aplicado,7039.2716609571635
INC102723,2025-09-05 16:45:00,2025-09-05 17:05:19.412944806,2025-09-05 19:09:19.412944806,4 - Baixa,Infraestrutura,Sub B,lrev,CI-17,NOC N1,Monitoramento,NAO,NAO,Erro de Configuração,Ajuste de configuração,1219.4129448061792
INC102724,2025-09-05 16:46:00,2025-09-05 17:56:36.161778270,2025-09-05 18:10:36.161778270,2 - Alta,Infraestrutura,Sub C,lsin,CI-39,SRE,Monitoramento,SIM,NAO,Falha de Aplicação,Ajuste de configuração,4236.161778269463
INC102725,2025-09-05 19:27:00,2025-09-05 23:06:23.130552888,2025-09-05 23:06:23.130552888,3 - Média,Banco de Dados,Sub B,lhco,CI-201,Suporte N3,Monitoramento,SIM,NAO,Falha de Rede,Patch aplicado,13163.130552886496
INC102726,2025-09-06 03:09:00,2025-09-06 03:14:04.360798158,2025-09-06 06:49:04.360798158,2 - Alta,Aplicação,Sub B,lhvp,CI-309,SRE,Monitoramento,SIM,NAO,Erro de Configuração,Reinício de serviço,304.360798157883
INC102727,2025-09-06 05:21:00,2025-09-06 08:16:04.305074730,2025-09-06 08:32:04.305074730,3 - Média,Banco de Dados,Sub B,lsin,CI-327,SRE,Monitoramento,SIM,NAO,Falha de Rede,Ajuste de configuração,10504.305074730823
INC102728,2025-09-06 09:40:00,2025-09-06 11:12:27.269344536,2025-09-06 14:34:27.269344536,2 - Alta,Rede,Sub A,lhco,CI-394,Suporte N3,Monitoramento,SIM,NAO,Falha de Rede,Patch aplicado,5547.269344536571
INC102729,2025-09-06 14:38:00,2025-09-06 15:10:45.742190646,2025-09-06 15:30:45.742190646,3 - Média,Aplicação,Sub C,lhvp,CI-220,SRE,Monitoramento,SIM,NAO,Falha de Aplicação,Ajuste de configuração,1965.7421906471452
INC102730,2025-09-06 23:22:00,2025-09-07 01:16:51.222872838,2025-09-07 02:25:51.222872838,3 - Média,Aplicação,Sub A,lhco,CI-378,NOC N2,Monitoramento,SIM,NAO,Falha de Rede,Patch aplicado,6891.222872835297
INC102731,2025-09-07 11:45:00,2025-09-07 13:02:28.604460552,2025-09-07 15:05:28.604460552,2 - Alta,Rede,Sub A,lcem,CI-133,NOC N2,Monitoramento,SIM,NAO,Falha de Rede,Reinício de serviço,4648.604460549885
INC102732,2025-09-07 12:10:00,2025-09-07 12:42:42.302014848,2025-09-07 15:46:42.302014848,2 - Alta,Rede,Sub A,lhco,CI-83,SRE,Monitoramento,SIM,NAO,Falha de Aplicação,Ajuste de configuração,1962.3020148506282
INC102733,2025-09-07 12:39:00,2025-09-07 13:14:14.447530254,2025-09-07 13:58:14.447530254,4 - Baixa,Banco de Dados,Sub A,lsin,CI-264,NOC N1,Monitoramento,NAO,NAO,Falha de Aplicação,Ajuste de configuração,2114.4475302564915
INC102734,2025-09-07 12:46:00,2025-09-07 14:42:25.594901652,2025-09-07 18:24:25.594901652,4 - Baixa,Aplicação,Sub C,lcem,CI-259,Suporte N3,Monitoramento,NAO,NAO,Falha de Aplicação,Reinício de serviço,6985.594901654235
INC102735,2025-09-07 13:36:00,2025-09-07 15:08:51.506976792,2025-09-07 16:38:51.506976792,3 - Média,Aplicação,Sub C,lrev,CI-161,Suporte N3,Manual,SIM,NAO,Falha de Aplicação,Reinício de serviço,5571.506976792603
INC102736,2025-09-07 23:12:00,2025-09-08 00:49:10.481585412,2025-09-08 00:52:10.481585412,3 - Média,Banco de Dados,Sub C,lhco,CI-159,Suporte N3,Monitoramento,SIM,NAO,Manutenção Programada,Patch aplicado,5830.481585411555
INC102737,2025-09-08 03:06:00,2025-09-08 05:20:03.451588740,2025-09-08 08:20:03.451588740,3 - Média,Aplicação,Sub A,lhco,CI-127,NOC N1,Monitoramento,SIM,NAO,Manutenção Programada,Patch aplicado,8043.451588738197
INC102738,2025-09-08 11:53:00,2025-09-08 14:02:24.752359872,2025-09-08 15:17:24.752359872,4 - Baixa,Infraestrutura,Sub B,lhco,CI-305,NOC N2,Monitoramento,NAO,NAO,Falha de Aplicação,Patch aplicado,7764.752359871436
INC102739,2025-09-08 12:16:00,2025-09-08 15:49:51.386140650,2025-09-08 17:09:51.386140650,2 - Alta,Banco de Dados,Sub A,lcem,CI-262,NOC N2,Monitoramento,SIM,NAO,Manutenção Programada,Reinício de serviço,12831.386140650322
INC102740,2025-09-08 13:20:00,2025-09-08 16:40:19.870919346,2025-09-08 17:59:19.870919346,2 - Alta,Aplicação,Sub B,lhvp,CI-351,NOC N2,Monitoramento,SIM,NAO,Manutenção Programada,Ajuste de configuração,12019.870919347488
INC102741,2025-09-08 14:02:00,2025-09-08 15:54:26.249386836,2025-09-08 16:55:26.249386836,4 - Baixa,Infraestrutura,Sub A,lrev,CI-319,NOC N2,Monitoramento,NAO,NAO,Erro de Configuração,Reinício de serviço,6746.249386835366
INC102742,2025-09-08 17:02:00,2025-09-08 17:51:45.658738326,2025-09-08 19:32:45.658738326,4 - Baixa,Rede,Sub C,lsin,CI-166,SRE,Monitoramento,NAO,NAO,Erro de Configuração,Reinício de serviço,2985.658738326585
INC102743,2025-09-08 17:03:00,2025-09-08 17:59:43.950660756,2025-09-08 20:48:43.950660756,4 - Baixa,Infraestrutura,Sub B,lhvp,CI-289,NOC N1,Monitoramento,NAO,NAO,Manutenção Programada,Ajuste de configuração,3403.95066075815
INC102744,2025-09-08 20:19:00,2025-09-08 22:17:32.939894153,2025-09-08 22:47:32.939894153,3 - Média,Infraestrutura,Sub A,lsin,CI-328,NOC N1,Monitoramento,SIM,NAO,Erro de Configuração,Reinício de serviço,7112.939894155234
INC102745,2025-09-08 20:32:00,2025-09-08 20:42:27.881626074,2025-09-08 22:11:27.881626074,4 - Baixa,Aplicação,Sub B,lsin,CI-135,NOC N2,Manual,NAO,NAO,Falha de Aplicação,Patch aplicado,627.8816260716768
INC102746,2025-09-08 21:03:00,2025-09-08 21:47:52.394900100,2025-09-09 00:29:52.394900100,3 - Média,Banco de Dados,Sub A,lhco,CI-238,NOC N2,Monitoramento,SIM,NAO,Falha de Rede,Ajuste de configuração,2692.394900099265
INC102747,2025-09-08 21:38:00,2025-09-08 23:47:02.392804836,2025-09-09 00:07:02.392804836,3 - Média,Infraestrutura,Sub A,lcem,CI-308,SRE,Monitoramento,SIM,NAO,Erro de Configuração,Ajuste de configuração,7742.392804833436
INC102748,2025-09-08 22:59:00,2025-09-09 00:33:10.192323960,2025-09-09 04:13:10.192323960,3 - Média,Rede,Sub A,lsin,CI-330,SRE,Monitoramento,SIM,NAO,Falha de Rede,Reinício de serviço,5650.19232395762
INC102749,2025-09-08 23:22:00,2025-09-09 00:51:08.551755834,2025-09-09 03:37:08.551755834,2 - Alta,Banco de Dados,Sub B,lhco,CI-129,NOC N2,Monitoramento,SIM,NAO,Manutenção Programada,Patch aplicado,5348.551755833668
INC102750,2025-09-09 00:03:00,2025-09-09 00:43:39.751003404,2025-09-09 01:07:39.751003404,2 - Alta,Banco de Dados,Sub B,lcem,CI-385,Suporte N3,Manual,SIM,NAO,Erro de Configuração,Reinício de serviço,2439.7510034035304
INC102751,2025-09-09 05:54:00,2025-09-09 07:30:15.205528704,2025-09-09 10:23:15.205528704,3 - Média,Infraestrutura,Sub B,lsin,CI-107,Suporte N3,Monitoramento,SIM,NAO,Falha de Aplicação,Patch aplicado,5775.2055287011535
INC102752,2025-09-09 06:20:00,2025-09-09 08:03:29.136192354,2025-09-09 12:00:29.136192354,2 - Alta,Aplicação,Sub A,lsin,CI-358,SRE,Monitoramento,SIM,NAO,Erro de Configuração,Patch aplicado,6209.136192356451
INC102753,2025-09-09 07:49:00,2025-09-09 10:02:05.114737236,2025-09-09 13:28:05.114737236,3 - Média,Infraestrutura,Sub A,lsin,CI-111,NOC N2,Monitoramento,SIM,NAO,Falha de Rede,Reinício de serviço,7985.114737236367
INC102754,2025-09-09 09:31:00,2025-09-09 10:40:21.002253762,2025-09-09 13:49:21.002253762,2 - Alta,Aplicação,Sub A,lhco,CI-394,Suporte N3,Monitoramento,SIM,NAO,Erro de Configuração,Ajuste de configuração,4161.002253764108
INC102755,2025-09-09 10:02:00,2025-09-09 10:36:25.006408380,2025-09-09 13:19:25.006408380,2 - Alta,Aplicação,Sub C,lhco,CI-128,Suporte N3,Monitoramento,SIM,NAO,Erro de Configuração,Reinício de serviço,2065.006408378859
INC102756,2025-09-09 10:31:00,2025-09-09 14:02:45.570031752,2025-09-09 15:50:45.570031752,3 - Média,Aplicação,Sub C,lhco,CI-332,NOC N1,Monitoramento,SIM,NAO,Erro de Configuração,Patch aplicado,12705.570031751882
INC102757,2025-09-09 14:24:00,2025-09-09 14:54:32.641162230,2025-09-09 15:27:32.641162230,4 - Baixa,Rede,Sub C,lsin,CI-97,NOC N2,Monitoramento,NAO,NAO,Falha de Rede,Reinício de serviço,1832.6411622295013
INC102758,2025-09-09 14:29:00,2025-09-09 15:38:39.284882070,2025-09-09 17:18:39.284882070,4 - Baixa,Rede,Sub A,lhco,CI-267,SRE,Monitoramento,NAO,NAO,Erro de Configuração,Patch aplicado,4179.284882070329
INC102759,2025-09-09 18:28:00,2025-09-09 19:29:14.903756892,2025-09-09 22:03:14.903756892,4 - Baixa,Rede,Sub C,lrev,CI-181,NOC N2,Monitoramento,NAO,NAO,Manutenção Programada,Reinício de serviço,3674.9037568927984
INC102760,2025-09-09 18:35:00,2025-09-09 19:12:24.657938136,2025-09-09 21:25:24.657938136,4 - Baixa,Banco de Dados,Sub A,lsin,CI-263,Suporte N3,Manual,NAO,NAO,Erro de Configuração,Patch aplicado,2244.6579381376587
INC102761,2025-09-09 19:12:00,2025-09-09 19:29:29.180356416,2025-09-09 19:36:29.180356416,2 - Alta,Infraestrutura,Sub A,lhvp,CI-17,Suporte N3,Monitoramento,SIM,NAO,Falha de Aplicação,Patch aplicado,1049.1803564187142
INC102762,2025-09-09 20:37:00,2025-09-09 22:21:02.412548046,2025-09-09 23:15:02.412548046,3 - Média,Infraestrutura,Sub C,lhco,CI-6,NOC N1,Monitoramento,SIM,NAO,Manutenção Programada,Ajuste de configuração,6242.412548043483
INC102763,2025-09-09 22:37:00,2025-09-09 23:07:47.372532204,2025-09-09 23:26:47.372532204,3 - Média,Rede,Sub C,lhco,CI-208,NOC N1,Monitoramento,SIM,NAO,Falha de Aplicação,Ajuste de configuração,1847.372532203456
INC102764,2025-09-09 23:24:00,2025-09-10 00:12:17.973717654,2025-09-10 04:09:17.973717654,2 - Alta,Banco de Dados,Sub A,lhco,CI-182,NOC N1,Monitoramento,SIM,NAO,Erro de Configuração,Patch aplicado,2897.973717651903
INC102765,2025-09-10 02:45:00,2025-09-10 03:40:27.606160074,2025-09-10 05:32:27.606160074,4 - Baixa,Aplicação,Sub C,lhvp,CI-224,Suporte N3,Monitoramento,NAO,NAO,Falha de Rede,Patch aplicado,3327.606160072967
INC102766,2025-09-10 04:32:00,2025-09-10 05:39:24.249310182,2025-09-10 08:41:24.249310182,4 - Baixa,Rede,Sub C,lcem,CI-71,Suporte N3,Monitoramento,NAO,NAO,Falha de Aplicação,Patch aplicado,4044.249310182609
INC102767,2025-09-10 07:24:00,2025-09-10 08:17:38.302023108,2025-09-10 10:45:38.302023108,3 - Média,Aplicação,Sub A,lsin,CI-347,NOC N2,Monitoramento,SIM,NAO,Falha de Aplicação,Reinício de serviço,3218.3020231088803
INC102768,2025-09-10 08:48:00,2025-09-10 12:04:26.279904738,2025-09-10 13:39:26.279904738,3 - Média,Infraestrutura,Sub B,lcem,CI-95,SRE,Monitoramento,SIM,NAO,Manutenção Programada,Ajuste de configuração,11786.279904736006
INC102769,2025-09-10 10:57:00,2025-09-10 12:50:22.025597808,2025-09-10 14:06:22.025597808,3 - Média,Banco de Dados,Sub C,lhvp,CI-29,NOC N1,Monitoramento,SIM,NAO,Manutenção Programada,Patch aplicado,6802.02559780719
INC102770,2025-09-10 15:42:00,2025-09-10 18:04:41.547096990,2025-09-10 18:17:41.547096990,4 - Baixa,Infraestrutura,Sub C,lcem,CI-280,SRE,Monitoramento,NAO,NAO,Manutenção Programada,Patch aplicado,8561.547096992745
INC102771,2025-09-10 21:57:00,2025-09-10 22:44:40.175486940,2025-09-11 00:38:40.175486940,4 - Baixa,Banco de Dados,Sub A,lcem,CI-101,NOC N2,Monitoramento,NAO,NAO,Erro de Configuração,Patch aplicado,2860.1754869387332
INC102772,2025-09-11 00:12:00,2025-09-11 01:00:23.661404298,2025-09-11 04:25:23.661404298,3 - Média,Aplicação,Sub B,lrev,CI-171,SRE,Manual,SIM,NAO,Falha de Rede,Patch aplicado,2903.661404299174
INC102773,2025-09-11 00:24:00,2025-09-11 03:28:42.834360384,2025-09-11 04:53:42.834360384,3 - Média,Aplicação,Sub B,lhco,CI-229,NOC N1,Monitoramento,SIM,NAO,Manutenção Programada,Reinício de serviço,11082.834360382418
INC102774,2025-09-11 05:00:00,2025-09-11 05:17:26.822195664,2025-09-11 07:20:26.822195664,4 - Baixa,Banco de Dados,Sub B,lsin,CI-125,NOC N2,Monitoramento,NAO,NAO,Erro de Configuração,Reinício de serviço,1046.82219566223
INC102775,2025-09-11 10:13:00,2025-09-11 10:18:00.400823202,2025-09-11 13:46:00.400823202,2 - Alta,Rede,Sub A,lsin,CI-40,NOC N1,Monitoramento,SIM,NAO,Erro de Configuração,Ajuste de configuração,300.4008232047892
INC102776,2025-09-11 10:42:00,2025-09-11 12:17:44.674887906,2025-09-11 15:53:44.674887906,3 - Média,Banco de Dados,Sub B,lsin,CI-241,Suporte N3,Monitoramento,SIM,NAO,Erro de Configuração,Patch aplicado,5744.674887906222
INC102777,2025-09-11 11:58:00,2025-09-11 12:37:30.869157462,2025-09-11 15:54:30.869157462,2 - Alta,Infraestrutura,Sub B,lsin,CI-359,SRE,Monitoramento,SIM,NAO,Manutenção Programada,Ajuste de configuração,2370.8691574636205
INC102778,2025-09-11 14:05:00,2025-09-11 16:19:39.215936682,2025-09-11 19:46:39.215936682,2 - Alta,Infraestrutura,Sub B,lcem,CI-117,NOC N2,Manual,SIM,NAO,Erro de Configuração,Reinício de serviço,8079.215936684269
INC102779,2025-09-11 16:27:00,2025-09-11 17:25:55.997085594,2025-09-11 18:56:55.997085594,2 - Alta,Aplicação,Sub C,lrev,CI-48,SRE,Manual,SIM,NAO,Falha de Rede,Reinício de serviço,3535.9970855941037
INC102780,2025-09-11 16:29:00,2025-09-11 17:36:24.469883100,2025-09-11 18:26:24.469883100,2 - Alta,Rede,Sub C,lsin,CI-132,NOC N1,Monitoramento,SIM,NAO,Erro de Configuração,Patch aplicado,4044.4698831006103
INC102781,2025-09-11 16:48:00,2025-09-11 17:44:23.407518420,2025-09-11 20:19:23.407518420,3 - Média,Rede,Sub A,lcem,CI-15,NOC N2,Monitoramento,SIM,NAO,Erro de Configuração,Patch aplicado,3383.4075184181893
INC102782,2025-09-11 18:43:00,2025-09-11 21:37:45.053826048,2025-09-12 01:06:45.053826048,4 - Baixa,Infraestrutura,Sub C,lhco,CI-28,NOC N1,Monitoramento,NAO,NAO,Falha de Aplicação,Reinício de serviço,10485.053826049938
INC102783,2025-09-11 20:35:00,2025-09-11 22:24:53.291673036,2025-09-12 00:18:53.291673036,3 - Média,Rede,Sub B,lhco,CI-254,Suporte N3,Monitoramento,SIM,NAO,Erro de Configuração,Reinício de serviço,6593.29167303643
INC102784,2025-09-11 20:59:00,2025-09-11 22:22:23.400987894,2025-09-11 22:26:23.400987894,3 - Média,Infraestrutura,Sub B,lhco,CI-251,NOC N1,Monitoramento,SIM,NAO,Erro de Configuração,Ajuste de configuração,5003.400987896521
INC102785,2025-09-11 21:23:00,2025-09-12 00:02:42.661461228,2025-09-12 02:29:42.661461228,3 - Média,Infraestrutura,Sub C,lhco,CI-313,NOC N1,Monitoramento,SIM,NAO,Manutenção Programada,Ajuste de configuração,9582.661461229307
INC102786,2025-09-11 23:29:00,2025-09-11 23:49:40.081695120,2025-09-12 03:04:40.081695120,4 - Baixa,Banco de Dados,Sub A,lhco,CI-248,SRE,Monitoramento,NAO,NAO,Manutenção Programada,Reinício de serviço,1240.0816951170023
INC102787,2025-09-12 01:11:00,2025-09-12 01:16:01.415786628,2025-09-12 03:41:01.415786628,2 - Alta,Banco de Dados,Sub B,lhco,CI-302,NOC N1,Monitoramento,SIM,NAO,Falha de Rede,Ajuste de configuração,301.4157866308109
INC102788,2025-09-12 02:23:00,2025-09-12 02:25:26.280126240,2025-09-12 05:55:26.280126240,2 - Alta,Banco de Dados,Sub B,lrev,CI-10,NOC N1,Monitoramento,SIM,NAO,Falha de Rede,Reinício de serviço,146.28012624118065
INC102789,2025-09-12 11:22:00,2025-09-12 12:49:38.477815374,2025-09-12 16:04:38.477815374,4 - Baixa,Banco de Dados,Sub C,lsin,CI-253,NOC N2,Monitoramento,NAO,NAO,Falha de Rede,Reinício de serviço,5258.4778153750685
INC102790,2025-09-12 13:30:00,2025-09-12 15:16:30.265798302,2025-09-12 18:21:30.265798302,2 - Alta,Aplicação,Sub A,lrev,CI-239,NOC N1,Monitoramento,SIM,NAO,Falha de Aplicação,Reinício de serviço,6390.265798302846
INC102791,2025-09-12 14:15:00,2025-09-12 15:01:27.169785960,2025-09-12 15:52:27.169785960,2 - Alta,Rede,Sub C,lhco,CI-369,Suporte N3,Monitoramento,SIM,NAO,Erro de Configuração,Reinício de serviço,2787.1697859576307
INC102792,2025-09-12 17:37:00,2025-09-12 19:07:18.629346480,2025-09-12 19:48:18.629346480,4 - Baixa,Aplicação,Sub B,lhco,CI-222,Suporte N3,Monitoramento,NAO,NAO,Erro de Configuração,Reinício de serviço,5418.629346482407
INC102793,2025-09-12 17:56:00,2025-09-12 17:58:28.625117634,2025-09-12 18:17:28.625117634,3 - Média,Infraestrutura,Sub B,lcem,CI-112,NOC N2,Manual,SIM,NAO,Falha de Rede,Reinício de serviço,148.62511763223236
INC102794,2025-09-12 19:55:00,2025-09-12 22:11:39.212329098,2025-09-12 22:41:39.212329098,3 - Média,Aplicação,Sub B,lhco,CI-282,Suporte N3,Manual,SIM,NAO,Falha de Rede,Reinício de serviço,8199.212329095633
INC102795,2025-09-12 21:14:00,2025-09-12 22:17:40.188633738,2025-09-12 23:00:40.188633738,4 - Baixa,Infraestrutura,Sub B,lhvp,CI-82,NOC N1,Manual,NAO,NAO,Falha de Rede,Patch aplicado,3820.1886337387937
INC102796,2025-09-13 04:41:00,2025-09-13 08:08:22.033537128,2025-09-13 10:49:22.033537128,2 - Alta,Aplicação,Sub B,lcem,CI-105,NOC N1,Monitoramento,SIM,NAO,Manutenção Programada,Patch aplicado,12442.03353712894
INC102797,2025-09-13 05:11:00,2025-09-13 09:09:37.048581450,2025-09-13 12:17:37.048581450,2 - Alta,Infraestrutura,Sub C,lrev,CI-109,NOC N2,Monitoramento,SIM,NAO,Falha de Aplicação,Ajuste de configuração,14317.048581451827
INC102798,2025-09-13 07:33:00,2025-09-13 09:52:42.220458198,2025-09-13 10:04:42.220458198,4 - Baixa,Rede,Sub C,lhco,CI-29,NOC N2,Monitoramento,NAO,NAO,Falha de Rede,Reinício de serviço,8382.220458195818
INC102799,2025-09-13 07:55:00,2025-09-13 08:16:52.711977564,2025-09-13 10:13:52.711977564,3 - Média,Aplicação,Sub A,lsin,CI-262,SRE,Monitoramento,SIM,NAO,Manutenção Programada,Ajuste de configuração,1312.7119775613955
INC102800,2025-09-13 08:43:00,2025-09-13 11:16:57.021400584,2025-09-13 12:03:57.021400584,2 - Alta,Banco de Dados,Sub A,lhco,CI-281,SRE,Manual,SIM,NAO,Manutenção Programada,Ajuste de configuração,9237.021400584985
INC102801,2025-09-13 13:43:00,2025-09-13 14:31:51.280171704,2025-09-13 18:02:51.280171704,2 - Alta,Rede,Sub B,lsin,CI-8,NOC N1,Monitoramento,SIM,NAO,Erro de Configuração,Patch aplicado,2931.2801717041953
INC102802,2025-09-13 15:02:00,2025-09-13 19:00:40.058889654,2025-09-13 20:28:40.058889654,4 - Baixa,Infraestrutura,Sub C,lsin,CI-98,NOC N1,Monitoramento,NAO,NAO,Falha de Rede,Patch aplicado,14320.058889656126
INC102803,2025-09-13 21:57:00,2025-09-13 23:19:53.417834904,2025-09-13 23:35:53.417834904,3 - Média,Rede,Sub C,lcem,CI-372,Suporte N3,Monitoramento,SIM,NAO,Manutenção Programada,Ajuste de configuração,4973.417834903272
INC102804,2025-09-14 00:33:00,2025-09-14 00:56:03.494283462,2025-09-14 03:46:03.494283462,4 - Baixa,Aplicação,Sub A,lsin,CI-208,SRE,Monitoramento,NAO,NAO,Erro de Configuração,Ajuste de configuração,1383.4942834615213
INC102805,2025-09-14 03:22:00,2025-09-14 06:11:14.126814576,2025-09-14 06:45:14.126814576,2 - Alta,Banco de Dados,Sub B,lhvp,CI-120,NOC N1,Monitoramento,SIM,NAO,Falha de Aplicação,Reinício de serviço,10154.126814574774
INC102806,2025-09-14 07:55:00,2025-09-14 09:29:13.783191372,2025-09-14 09:53:13.783191372,3 - Média,Banco de Dados,Sub A,lrev,CI-147,NOC N1,Monitoramento,SIM,NAO,Falha de Aplicação,Ajuste de configuração,5653.783191369911
INC102807,2025-09-14 08:03:00,2025-09-14 08:22:02.690084010,2025-09-14 10:51:02.690084010,3 - Média,Infraestrutura,Sub C,lhvp,CI-6,SRE,Monitoramento,SIM,NAO,Manutenção Programada,Patch aplicado,1142.6900840080334
INC102808,2025-09-14 09:37:00,2025-09-14 14:04:18.948528684,2025-09-14 16:01:18.948528684,3 - Média,Banco de Dados,Sub B,lcem,CI-219,Suporte N3,Monitoramento,SIM,NAO,Manutenção Programada,Ajuste de configuração,16038.948528683868
INC102809,2025-09-14 10:56:00,2025-09-14 11:43:02.089416131,2025-09-14 15:32:02.089416131,3 - Média,Rede,Sub A,lcem,CI-289,NOC N1,Monitoramento,SIM,NAO,Falha de Rede,Reinício de serviço,2822.089416132672
INC102810,2025-09-14 16:10:00,2025-09-14 18:21:51.368465340,2025-09-14 19:52:51.368465340,2 - Alta,Rede,Sub A,lcem,CI-266,NOC N2,Monitoramento,SIM,NAO,Manutenção Programada,Reinício de serviço,7911.368465337563
INC102811,2025-09-14 18:30:00,2025-09-14 19:39:22.787170140,2025-09-14 21:49:22.787170140,3 - Média,Infraestrutura,Sub A,lhvp,CI-220,NOC N2,Monitoramento,SIM,NAO,Falha de Rede,Reinício de serviço,4162.787170142069
INC102812,2025-09-14 21:28:00,2025-09-14 22:45:06.827929284,2025-09-15 00:18:06.827929284,4 - Baixa,Infraestrutura,Sub A,lsin,CI-187,Suporte N3,Monitoramento,NAO,NAO,Falha de Rede,Reinício de serviço,4626.827929285469
INC102813,2025-09-14 22:20:00,2025-09-14 22:50:09.333567216,2025-09-14 23:44:09.333567216,2 - Alta,Banco de Dados,Sub A,lsin,CI-381,Suporte N3,Monitoramento,SIM,NAO,Manutenção Programada,Patch aplicado,1809.333567214389
INC102814,2025-09-15 05:22:00,2025-09-15 07:09:03.333936198,2025-09-15 07:09:03.333936198,3 - Média,Aplicação,Sub A,lsin,CI-224,Suporte N3,Manual,SIM,NAO,Erro de Configuração,Reinício de serviço,6423.333936200402
INC102815,2025-09-15 07:10:00,2025-09-15 08:21:59.567449110,2025-09-15 09:15:59.567449110,3 - Média,Infraestrutura,Sub B,lsin,CI-144,Suporte N3,Manual,SIM,NAO,Erro de Configuração,Ajuste de configuração,4319.567449107666
INC102816,2025-09-15 08:17:00,2025-09-15 09:54:26.425044858,2025-09-15 12:16:26.425044858,4 - Baixa,Banco de Dados,Sub B,lsin,CI-385,NOC N1,Monitoramento,NAO,NAO,Falha de Aplicação,Ajuste de configuração,5846.425044859423
INC102817,2025-09-15 14:34:00,2025-09-15 15:30:17.496728340,2025-09-15 18:07:17.496728340,4 - Baixa,Aplicação,Sub C,lhco,CI-307,Suporte N3,Monitoramento,NAO,NAO,Manutenção Programada,Reinício de serviço,3377.4967283409424
INC102818,2025-09-15 20:41:00,2025-09-15 22:43:05.883188712,2025-09-16 00:06:05.883188712,3 - Média,Rede,Sub A,lhvp,CI-346,NOC N1,Monitoramento,SIM,NAO,Erro de Configuração,Patch aplicado,7325.8831887148735
INC102819,2025-09-15 21:09:00,2025-09-15 22:42:24.243908610,2025-09-15 23:48:24.243908610,3 - Média,Rede,Sub B,lcem,CI-353,NOC N1,Monitoramento,SIM,NAO,Erro de Configuração,Patch aplicado,5604.243908608674
INC102820,2025-09-15 21:10:00,2025-09-15 23:11:41.942805990,2025-09-16 01:40:41.942805990,3 - Média,Infraestrutura,Sub C,lsin,CI-61,NOC N1,Monitoramento,SIM,NAO,Falha de Rede,Patch aplicado,7301.942805988331
INC102821,2025-09-16 03:41:00,2025-09-16 04:17:18.406488792,2025-09-16 07:13:18.406488792,3 - Média,Rede,Sub C,lrev,CI-116,NOC N1,Manual,SIM,NAO,Falha de Rede,Ajuste de configuração,2178.4064887902036
INC102822,2025-09-16 03:41:00,2025-09-16 04:34:49.260129474,2025-09-16 06:03:49.260129474,3 - Média,Rede,Sub C,lhco,CI-255,Suporte N3,Monitoramento,SIM,NAO,Manutenção Programada,Ajuste de configuração,3229.2601294759143
INC102823,2025-09-16 07:34:00,2025-09-16 08:16:36.584374062,2025-09-16 09:00:36.584374062,2 - Alta,Aplicação,Sub A,lcem,CI-312,SRE,Monitoramento,SIM,NAO,Erro de Configuração,Patch aplicado,2556.584374063428
INC102824,2025-09-16 08:19:00,2025-09-16 09:01:53.391158982,2025-09-16 12:37:53.391158982,4 - Baixa,Infraestrutura,Sub B,lhco,CI-169,Suporte N3,Monitoramento,NAO,NAO,Manutenção Programada,Patch aplicado,2573.3911589811887
INC102825,2025-09-16 15:05:00,2025-09-16 16:51:50.824356894,2025-09-16 17:27:50.824356894,2 - Alta,Infraestrutura,Sub A,lhco,CI-283,Suporte N3,Monitoramento,SIM,NAO,Manutenção Programada,Patch aplicado,6410.824356896619
INC102826,2025-09-16 21:08:00,2025-09-16 22:24:49.585159350,2025-09-17 01:08:49.585159350,4 - Baixa,Aplicação,Sub C,lhco,CI-308,NOC N1,Manual,NAO,NAO,Manutenção Programada,Ajuste de configuração,4609.585159349441
INC102827,2025-09-16 21:17:00,2025-09-16 21:55:26.861898828,2025-09-17 01:37:26.861898828,4 - Baixa,Rede,Sub A,lsin,CI-280,Suporte N3,Monitoramento,NAO,NAO,Falha de Aplicação,Patch aplicado,2306.861898829529
INC102828,2025-09-17 00:37:00,2025-09-17 01:47:01.973372514,2025-09-17 04:17:01.973372514,3 - Média,Infraestrutura,Sub C,lhco,CI-12,SRE,Monitoramento,SIM,NAO,Manutenção Programada,Reinício de serviço,4201.973372516099
INC102829,2025-09-17 02:58:00,2025-09-17 06:12:13.914015864,2025-09-17 09:49:13.914015864,3 - Média,Rede,Sub B,lhco,CI-114,NOC N1,Monitoramento,SIM,NAO,Falha de Rede,Reinício de serviço,11653.914015861395
INC102830,2025-09-17 03:13:00,2025-09-17 04:37:27.115729410,2025-09-17 08:03:27.115729410,4 - Baixa,Banco de Dados,Sub A,lhco,CI-129,Suporte N3,Monitoramento,NAO,NAO,Falha de Aplicação,Reinício de serviço,5067.115729408164
INC102831,2025-09-17 03:56:00,2025-09-17 04:27:34.402871190,2025-09-17 04:42:34.402871190,4 - Baixa,Banco de Dados,Sub B,lrev,CI-149,NOC N2,Manual,NAO,NAO,Falha de Aplicação,Ajuste de configuração,1894.4028711918215
INC102832,2025-09-17 04:30:00,2025-09-17 05:28:56.566948848,2025-09-17 08:02:56.566948848,3 - Média,Banco de Dados,Sub B,lhco,CI-125,NOC N2,Monitoramento,SIM,NAO,Falha de Aplicação,Reinício de serviço,3536.566948845263
INC102833,2025-09-17 06:21:00,2025-09-17 08:09:08.330266260,2025-09-17 08:50:08.330266260,4 - Baixa,Aplicação,Sub B,lsin,CI-285,SRE,Monitoramento,NAO,NAO,Falha de Aplicação,Patch aplicado,6488.330266261556
INC102834,2025-09-17 07:33:00,2025-09-17 07:45:28.091694948,2025-09-17 09:02:28.091694948,4 - Baixa,Aplicação,Sub A,lcem,CI-271,NOC N2,Monitoramento,NAO,NAO,Erro de Configuração,Reinício de serviço,748.0916949497597
INC102835,2025-09-17 12:04:00,2025-09-17 12:11:49.855531662,2025-09-17 12:13:49.855531662,4 - Baixa,Banco de Dados,Sub B,lcem,CI-19,SRE,Manual,NAO,NAO,Manutenção Programada,Patch aplicado,469.8555316644339
INC102836,2025-09-17 14:05:00,2025-09-17 14:30:26.889694338,2025-09-17 16:13:26.889694338,4 - Baixa,Rede,Sub A,lhco,CI-231,NOC N1,Manual,NAO,NAO,Manutenção Programada,Ajuste de configuração,1526.8896943384982
INC102837,2025-09-18 01:09:00,2025-09-18 02:19:42.693706764,2025-09-18 06:10:42.693706764,2 - Alta,Infraestrutura,Sub A,lsin,CI-374,NOC N2,Monitoramento,SIM,NAO,Erro de Configuração,Reinício de serviço,4242.6937067642375
INC102838,2025-09-18 01:53:00,2025-09-18 02:30:09.490481748,2025-09-18 05:00:09.490481748,3 - Média,Aplicação,Sub C,lsin,CI-249,Suporte N3,Monitoramento,SIM,NAO,Falha de Aplicação,Ajuste de configuração,2229.490481746087
INC102839,2025-09-18 02:13:00,2025-09-18 03:22:01.775463900,2025-09-18 03:46:01.775463900,3 - Média,Aplicação,Sub C,lhvp,CI-270,NOC N2,Monitoramento,SIM,NAO,Manutenção Programada,Ajuste de configuração,4141.775463899228
INC102840,2025-09-18 05:47:00,2025-09-18 07:27:14.216132862,2025-09-18 09:10:14.216132862,4 - Baixa,Infraestrutura,Sub C,lsin,CI-39,NOC N1,Monitoramento,NAO,NAO,Manutenção Programada,Ajuste de configuração,6014.216132864167
INC102841,2025-09-18 08:31:00,2025-09-18 09:20:39.647293428,2025-09-18 13:14:39.647293428,3 - Média,Rede,Sub B,lcem,CI-336,SRE,Monitoramento,SIM,NAO,Falha de Rede,Patch aplicado,2979.64729342821
INC102842,2025-09-18 10:14:00,2025-09-18 11:20:41.580420846,2025-09-18 11:58:41.580420846,3 - Média,Aplicação,Sub C,lcem,CI-50,NOC N2,Monitoramento,SIM,NAO,Manutenção Programada,Reinício de serviço,4001.5804208434492
INC102843,2025-09-18 13:11:00,2025-09-18 14:14:28.241459784,2025-09-18 14:21:28.241459784,3 - Média,Infraestrutura,Sub C,lrev,CI-111,NOC N1,Monitoramento,SIM,NAO,Manutenção Programada,Ajuste de configuração,3808.24145978577
INC102844,2025-09-18 14:42:00,2025-09-18 16:48:02.039661521,2025-09-18 19:24:02.039661521,2 - Alta,Aplicação,Sub B,lhvp,CI-163,SRE,Manual,SIM,NAO,Manutenção Programada,Patch aplicado,7562.039661520987
INC102845,2025-09-18 15:22:00,2025-09-18 17:04:08.732355114,2025-09-18 17:18:08.732355114,3 - Média,Aplicação,Sub C,lhco,CI-330,NOC N2,Monitoramento,SIM,NAO,Falha de Rede,Patch aplicado,6128.732355112363
INC102846,2025-09-18 15:25:00,2025-09-18 17:12:51.588274782,2025-09-18 18:06:51.588274782,4 - Baixa,Aplicação,Sub B,lsin,CI-124,NOC N1,Manual,NAO,NAO,Falha de Aplicação,Patch aplicado,6471.5882747820615
INC102847,2025-09-19 00:54:00,2025-09-19 02:11:33.915220541,2025-09-19 03:51:33.915220541,3 - Média,Infraestrutura,Sub B,lsin,CI-393,SRE,Monitoramento,SIM,NAO,Falha de Rede,Reinício de serviço,4653.915220544649
INC102848,2025-09-19 02:05:00,2025-09-19 02:40:01.149092004,2025-09-19 06:24:01.149092004,3 - Média,Banco de Dados,Sub B,lhco,CI-233,Suporte N3,Monitoramento,SIM,NAO,Erro de Configuração,Reinício de serviço,2101.149092006038
INC102849,2025-09-19 07:26:00,2025-09-19 08:02:38.454800064,2025-09-19 11:11:38.454800064,3 - Média,Banco de Dados,Sub A,lhvp,CI-259,Suporte N3,Manual,SIM,NAO,Falha de Aplicação,Patch aplicado,2198.4548000638056
INC102850,2025-09-19 08:43:00,2025-09-19 10:15:41.178647100,2025-09-19 13:23:41.178647100,2 - Alta,Infraestrutura,Sub B,lhco,CI-190,NOC N2,Manual,SIM,NAO,Falha de Aplicação,Reinício de serviço,5561.178647097387
INC102851,2025-09-19 16:33:00,2025-09-19 17:17:18.429746268,2025-09-19 18:38:18.429746268,4 - Baixa,Infraestrutura,Sub C,lcem,CI-324,NOC N1,Monitoramento,NAO,NAO,Manutenção Programada,Reinício de serviço,2658.429746266504
INC102852,2025-09-19 17:44:00,2025-09-19 18:37:45.763331184,2025-09-19 19:22:45.763331184,3 - Média,Aplicação,Sub A,lcem,CI-71,NOC N1,Monitoramento,SIM,NAO,Falha de Aplicação,Ajuste de configuração,3225.763331183425
INC102853,2025-09-19 18:18:00,2025-09-19 18:46:49.219651404,2025-09-19 20:10:49.219651404,3 - Média,Rede,Sub A,lhco,CI-107,NOC N1,Monitoramento,SIM,NAO,Erro de Configuração,Reinício de serviço,1729.2196514015825
INC102854,2025-09-19 20:53:00,2025-09-19 22:33:24.479214276,2025-09-20 01:39:24.479214276,2 - Alta,Aplicação,Sub C,lrev,CI-100,Suporte N3,Monitoramento,SIM,NAO,Falha de Rede,Patch aplicado,6024.479214273699
INC102855,2025-09-20 02:13:00,2025-09-20 03:21:37.160378514,2025-09-20 06:51:37.160378514,4 - Baixa,Banco de Dados,Sub B,lhvp,CI-64,NOC N2,Monitoramento,NAO,NAO,Falha de Rede,Ajuste de configuração,4117.160378514449
INC102856,2025-09-20 04:37:00,2025-09-20 05:22:41.099346036,2025-09-20 06:38:41.099346036,2 - Alta,Infraestrutura,Sub B,lrev,CI-269,SRE,Monitoramento,SIM,NAO,Erro de Configuração,Patch aplicado,2741.099346034213
INC102857,2025-09-20 09:16:00,2025-09-20 10:15:09.724221384,2025-09-20 11:59:09.724221384,3 - Média,Banco de Dados,Sub A,lsin,CI-31,Suporte N3,Monitoramento,SIM,NAO,Erro de Configuração,Reinício de serviço,3549.724221383179
INC102858,2025-09-20 14:30:00,2025-09-20 15:42:10.633178676,2025-09-20 18:13:10.633178676,3 - Média,Rede,Sub B,lhco,CI-135,Suporte N3,Monitoramento,SIM,NAO,Erro de Configuração,Patch aplicado,4330.633178678714
INC102859,2025-09-20 18:32:00,2025-09-20 21:00:51.639043062,2025-09-20 22:57:51.639043062,2 - Alta,Infraestrutura,Sub B,lrev,CI-241,SRE,Monitoramento,SIM,NAO,Falha de Rede,Ajuste de configuração,8931.639043060022
INC102860,2025-09-20 18:37:00,2025-09-20 21:29:17.850763716,2025-09-21 00:17:17.850763716,3 - Média,Infraestrutura,Sub A,lhco,CI-101,NOC N1,Monitoramento,SIM,NAO,Erro de Configuração,Ajuste de configuração,10337.850763716366
INC102861,2025-09-20 20:31:00,2025-09-20 20:51:29.117887332,2025-09-21 00:40:29.117887332,2 - Alta,Banco de Dados,Sub A,lhco,CI-242,NOC N2,Monitoramento,SIM,NAO,Falha de Aplicação,Reinício de serviço,1229.1178873312763
INC102862,2025-09-20 22:55:00,2025-09-21 00:59:19.763284074,2025-09-21 02:12:19.763284074,2 - Alta,Rede,Sub C,lsin,CI-280,NOC N1,Monitoramento,SIM,NAO,Manutenção Programada,Patch aplicado,7459.763284076711
INC102863,2025-09-21 03:43:00,2025-09-21 06:06:00.258128730,2025-09-21 06:13:00.258128730,3 - Média,Infraestrutura,Sub A,lhvp,CI-251,SRE,Monitoramento,SIM,NAO,Erro de Configuração,Ajuste de configuração,8580.258128729452
INC102864,2025-09-21 08:07:00,2025-09-21 08:56:57.469540920,2025-09-21 11:35:57.469540920,4 - Baixa,Rede,Sub B,lhco,CI-89,NOC N2,Monitoramento,NAO,NAO,Falha de Rede,Ajuste de configuração,2997.4695409224905
INC102865,2025-09-21 11:16:00,2025-09-21 12:31:24.230182488,2025-09-21 14:46:24.230182488,4 - Baixa,Aplicação,Sub C,lsin,CI-242,Suporte N3,Manual,NAO,NAO,Falha de Rede,Ajuste de configuração,4524.23018248933
INC102866,2025-09-21 11:50:00,2025-09-21 12:13:47.166844188,2025-09-21 15:52:47.166844188,3 - Média,Rede,Sub B,lhco,CI-33,SRE,Monitoramento,SIM,NAO,Falha de Aplicação,Ajuste de configuração,1427.1668441904326
INC102867,2025-09-21 13:51:00,2025-09-21 14:37:09.682423236,2025-09-21 15:53:09.682423236,3 - Média,Banco de Dados,Sub B,lhco,CI-261,SRE,Manual,SIM,NAO,Falha de Aplicação,Reinício de serviço,2769.6824232358417
INC102868,2025-09-21 15:36:00,2025-09-21 15:59:13.708999194,2025-09-21 19:14:13.708999194,3 - Média,Infraestrutura,Sub A,lsin,CI-211,SRE,Manual,SIM,NAO,Erro de Configuração,Patch aplicado,1393.7089991952325
INC102869,2025-09-21 17:43:00,2025-09-21 18:30:05.357573622,2025-09-21 21:19:05.357573622,4 - Baixa,Banco de Dados,Sub A,lrev,CI-31,Suporte N3,Monitoramento,NAO,NAO,Falha de Aplicação,Reinício de serviço,2825.357573621421
INC102870,2025-09-21 20:16:00,2025-09-21 21:41:25.302607482,2025-09-21 22:13:25.302607482,3 - Média,Aplicação,Sub A,lsin,CI-361,NOC N2,Monitoramento,SIM,NAO,Falha de Aplicação,Ajuste de configuração,5125.302607483992
INC102871,2025-09-21 21:15:00,2025-09-21 22:29:08.429597808,2025-09-21 23:46:08.429597808,2 - Alta,Rede,Sub B,lcem,CI-265,NOC N1,Manual,SIM,NAO,Falha de Rede,Reinício de serviço,4448.429597807148
INC102872,2025-09-21 23:40:00,2025-09-22 02:06:59.862600060,2025-09-22 05:20:59.862600060,2 - Alta,Rede,Sub C,lhvp,CI-178,NOC N1,Monitoramento,SIM,NAO,Manutenção Programada,Patch aplicado,8819.862600061539
INC102873,2025-09-22 00:42:00,2025-09-22 01:12:01.353828108,2025-09-22 04:52:01.353828108,3 - Média,Rede,Sub B,lsin,CI-394,NOC N2,Monitoramento,SIM,NAO,Falha de Aplicação,Ajuste de configuração,1801.3538281085523
INC102874,2025-09-22 01:52:00,2025-09-22 03:26:53.502123654,2025-09-22 05:10:53.502123654,2 - Alta,Rede,Sub A,lsin,CI-351,NOC N1,Monitoramento,SIM,NAO,Falha de Aplicação,Patch aplicado,5693.502123651287
INC102875,2025-09-22 03:01:00,2025-09-22 04:43:49.236337152,2025-09-22 08:18:49.236337152,2 - Alta,Infraestrutura,Sub A,lhvp,CI-76,SRE,Monitoramento,SIM,NAO,Erro de Configuração,Reinício de serviço,6169.236337153609
INC102876,2025-09-22 03:31:00,2025-09-22 04:00:00.088908930,2025-09-22 05:11:00.088908930,3 - Média,Infraestrutura,Sub A,lsin,CI-253,NOC N1,Monitoramento,SIM,NAO,Falha de Aplicação,Reinício de serviço,1740.088908931091
INC102877,2025-09-22 05:33:00,2025-09-22 07:49:54.659861274,2025-09-22 08:56:54.659861274,4 - Baixa,Rede,Sub B,lrev,CI-221,Suporte N3,Monitoramento,NAO,NAO,Manutenção Programada,Patch aplicado,8214.659861271966
INC102878,2025-09-22 07:52:00,2025-09-22 10:46:57.199194882,2025-09-22 11:29:57.199194882,2 - Alta,Banco de Dados,Sub A,lcem,CI-202,SRE,Monitoramento,SIM,NAO,Manutenção Programada,Ajuste de configuração,10497.19919488122
INC102879,2025-09-22 11:23:00,2025-09-22 13:33:18.066039222,2025-09-22 17:12:18.066039222,3 - Média,Infraestrutura,Sub B,lhco,CI-89,Suporte N3,Monitoramento,SIM,NAO,Falha de Aplicação,Reinício de serviço,7818.066039223173
INC102880,2025-09-22 11:31:00,2025-09-22 14:34:03.762879149,2025-09-22 18:18:03.762879149,4 - Baixa,Aplicação,Sub C,lhco,CI-83,NOC N2,Monitoramento,NAO,NAO,Falha de Aplicação,Ajuste de configuração,10983.762879147236
INC102881,2025-09-22 11:40:00,2025-09-22 12:32:38.840099382,2025-09-22 16:28:38.840099382,3 - Média,Rede,Sub A,lhco,CI-325,Suporte N3,Monitoramento,SIM,NAO,Falha de Aplicação,Reinício de serviço,3158.840099382467
INC102882,2025-09-22 13:23:00,2025-09-22 14:18:17.001507528,2025-09-22 17:11:17.001507528,4 - Baixa,Infraestrutura,Sub B,lhvp,CI-41,NOC N1,Monitoramento,NAO,NAO,Erro de Configuração,Reinício de serviço,3317.0015075305796
INC102883,2025-09-22 13:27:00,2025-09-22 14:34:22.217022798,2025-09-22 16:44:22.217022798,3 - Média,Banco de Dados,Sub B,lrev,CI-264,NOC N2,Monitoramento,SIM,NAO,Manutenção Programada,Ajuste de configuração,4042.2170227965444
INC102884,2025-09-22 15:01:00,2025-09-22 16:53:02.593381686,2025-09-22 17:45:02.593381686,3 - Média,Aplicação,Sub A,lhco,CI-180,SRE,Monitoramento,SIM,NAO,Manutenção Programada,Ajuste de configuração,6722.593381683108
INC102885,2025-09-22 19:13:00,2025-09-22 21:13:30.093035976,2025-09-22 21:53:30.093035976,3 - Média,Aplicação,Sub A,lhco,CI-267,SRE,Monitoramento,SIM,NAO,Falha de Rede,Reinício de serviço,7230.09303597448
INC102886,2025-09-22 21:24:00,2025-09-23 03:44:27.802333194,2025-09-23 03:49:27.802333194,2 - Alta,Infraestrutura,Sub A,lhco,CI-326,NOC N1,Monitoramento,SIM,NAO,Erro de Configuração,Patch aplicado,22827.802333191277
INC102887,2025-09-23 00:59:00,2025-09-23 01:37:48.712927602,2025-09-23 03:43:48.712927602,3 - Média,Banco de Dados,Sub B,lhco,CI-41,Suporte N3,Monitoramento,SIM,NAO,Manutenção Programada,Patch aplicado,2328.7129276000605
INC102888,2025-09-23 01:26:00,2025-09-23 03:09:24.844433460,2025-09-23 03:53:24.844433460,4 - Baixa,Rede,Sub B,lsin,CI-373,SRE,Manual,NAO,SIM,Erro de Configuração,Reinício de serviço,6204.8444334577
INC102889,2025-09-23 01:52:00,2025-09-23 02:45:17.200471938,2025-09-23 05:26:17.200471938,3 - Média,Rede,Sub C,lhco,CI-360,Suporte N3,Monitoramento,SIM,NAO,Falha de Aplicação,Patch aplicado,3197.200471939056
INC102890,2025-09-23 02:13:00,2025-09-23 03:26:11.107838424,2025-09-23 03:45:11.107838424,4 - Baixa,Banco de Dados,Sub C,lhvp,CI-305,NOC N1,Monitoramento,NAO,NAO,Falha de Aplicação,Reinício de serviço,4391.107838425291
INC102891,2025-09-23 02:14:00,2025-09-23 02:38:55.477255860,2025-09-23 06:17:55.477255860,4 - Baixa,Aplicação,Sub A,lhco,CI-392,NOC N1,Monitoramento,NAO,NAO,Falha de Rede,Reinício de serviço,1495.477255861274
INC102892,2025-09-23 02:26:00,2025-09-23 04:02:01.098362544,2025-09-23 05:36:01.098362544,3 - Média,Infraestrutura,Sub C,lsin,CI-81,Suporte N3,Monitoramento,SIM,NAO,Erro de Configuração,Ajuste de configuração,5761.098362546193
INC102893,2025-09-23 02:30:00,2025-09-23 04:00:33.221002409,2025-09-23 04:35:33.221002409,4 - Baixa,Aplicação,Sub A,lsin,CI-228,NOC N1,Monitoramento,NAO,NAO,Falha de Rede,Reinício de serviço,5433.221002407984
INC102894,2025-09-23 08:20:00,2025-09-23 10:22:34.166839907,2025-09-23 10:41:34.166839907,2 - Alta,Rede,Sub A,lhco,CI-279,SRE,Monitoramento,SIM,NAO,Falha de Rede,Reinício de serviço,7354.166839910649
INC102895,2025-09-23 08:40:00,2025-09-23 10:33:43.843134576,2025-09-23 11:18:43.843134576,3 - Média,Rede,Sub B,lhco,CI-388,Suporte N3,Monitoramento,SIM,NAO,Manutenção Programada,Patch aplicado,6823.84313457742
INC102896,2025-09-23 10:37:00,2025-09-23 12:20:32.560648128,2025-09-23 13:47:32.560648128,3 - Média,Infraestrutura,Sub A,lhco,CI-353,NOC N2,Monitoramento,SIM,NAO,Falha de Rede,Patch aplicado,6212.5606481252125
INC102897,2025-09-23 12:40:00,2025-09-23 12:56:30.920940768,2025-09-23 13:24:30.920940768,4 - Baixa,Infraestrutura,Sub A,lsin,CI-251,SRE,Manual,NAO,NAO,Falha de Rede,Patch aplicado,990.9209407682278
INC102898,2025-09-23 20:00:00,2025-09-23 22:51:12.485657400,2025-09-24 02:34:12.485657400,4 - Baixa,Rede,Sub C,lhvp,CI-82,NOC N1,Manual,NAO,NAO,Manutenção Programada,Ajuste de configuração,10272.485657401334
INC102899,2025-09-23 20:59:00,2025-09-23 21:40:33.943986102,2025-09-23 22:29:33.943986102,3 - Média,Aplicação,Sub A,lsin,CI-219,SRE,Monitoramento,SIM,NAO,Falha de Rede,Reinício de serviço,2493.9439861002816
INC102900,2025-09-23 21:45:00,2025-09-24 00:04:17.758965006,2025-09-24 03:39:17.758965006,3 - Média,Infraestrutura,Sub B,lhco,CI-365,Suporte N3,Monitoramento,SIM,NAO,Falha de Aplicação,Ajuste de configuração,8357.758965006038
INC102901,2025-09-23 22:54:00,2025-09-24 00:44:17.043288462,2025-09-24 03:12:17.043288462,3 - Média,Rede,Sub B,lhco,CI-382,NOC N2,Monitoramento,SIM,NAO,Erro de Configuração,Reinício de serviço,6617.043288462189
INC102902,2025-09-24 01:23:00,2025-09-24 03:01:59.948200728,2025-09-24 06:44:59.948200728,3 - Média,Infraestrutura,Sub A,lhco,CI-341,Suporte N3,Monitoramento,SIM,NAO,Manutenção Programada,Ajuste de configuração,5939.948200727947
INC102903,2025-09-24 05:45:00,2025-09-24 07:12:30.002620217,2025-09-24 10:11:30.002620217,3 - Média,Banco de Dados,Sub B,lsin,CI-290,Suporte N3,Manual,SIM,NAO,Manutenção Programada,Reinício de serviço,5250.00262021673
INC102904,2025-09-24 14:35:00,2025-09-24 15:51:50.537593182,2025-09-24 19:26:50.537593182,4 - Baixa,Rede,Sub C,lhco,CI-133,SRE,Monitoramento,NAO,NAO,Falha de Rede,Reinício de serviço,4610.5375931812405
INC102905,2025-09-24 14:42:00,2025-09-24 16:36:32.662710882,2025-09-24 18:13:32.662710882,4 - Baixa,Rede,Sub B,lcem,CI-180,NOC N1,Monitoramento,NAO,NAO,Erro de Configuração,Ajuste de configuração,6872.662710883523
INC102906,2025-09-24 17:08:00,2025-09-24 18:02:04.043114292,2025-09-24 18:14:04.043114292,2 - Alta,Aplicação,Sub A,lsin,CI-18,Suporte N3,Monitoramento,SIM,NAO,Falha de Aplicação,Patch aplicado,3244.0431142890484
INC102907,2025-09-24 18:00:00,2025-09-24 19:29:47.034358788,2025-09-24 23:26:47.034358788,3 - Média,Aplicação,Sub C,lsin,CI-373,NOC N1,Monitoramento,SIM,NAO,Falha de Aplicação,Ajuste de configuração,5387.034358789865
INC102908,2025-09-24 21:34:00,2025-09-24 21:56:45.099396054,2025-09-24 21:57:45.099396054,2 - Alta,Rede,Sub B,lhvp,CI-293,Suporte N3,Monitoramento,SIM,NAO,Falha de Rede,Ajuste de configuração,1365.0993960568505
INC102909,2025-09-24 21:42:00,2025-09-24 22:20:29.483544972,2025-09-25 00:21:29.483544972,3 - Média,Infraestrutura,Sub A,lhco,CI-55,NOC N2,Monitoramento,SIM,NAO,Falha de Rede,Ajuste de configuração,2309.483544974594
INC102910,2025-09-24 22:10:00,2025-09-24 22:24:21.180418188,2025-09-24 22:26:21.180418188,4 - Baixa,Infraestrutura,Sub B,lhco,CI-116,NOC N1,Monitoramento,NAO,NAO,Manutenção Programada,Patch aplicado,861.1804181901321
INC102911,2025-09-24 23:19:00,2025-09-25 00:20:27.573469536,2025-09-25 01:29:27.573469536,2 - Alta,Rede,Sub C,lcem,CI-167,NOC N1,Monitoramento,SIM,NAO,Falha de Aplicação,Patch aplicado,3687.573469534072
INC102912,2025-09-25 00:06:00,2025-09-25 01:44:17.771963520,2025-09-25 03:00:17.771963520,4 - Baixa,Infraestrutura,Sub B,lrev,CI-155,SRE,Monitoramento,NAO,NAO,Falha de Rede,Reinício de serviço,5897.7719635172
INC102913,2025-09-25 03:01:00,2025-09-25 05:01:59.510552898,2025-09-25 06:28:59.510552898,2 - Alta,Infraestrutura,Sub C,lhco,CI-37,NOC N2,Monitoramento,SIM,NAO,Manutenção Programada,Ajuste de configuração,7259.510552895459
INC102914,2025-09-25 04:29:00,2025-09-25 04:51:29.295601050,2025-09-25 07:13:29.295601050,3 - Média,Infraestrutura,Sub B,lhco,CI-191,SRE,Monitoramento,SIM,NAO,Erro de Configuração,Patch aplicado,1349.2956010501819
INC102915,2025-09-25 04:42:00,2025-09-25 05:36:44.773467798,2025-09-25 09:06:44.773467798,4 - Baixa,Infraestrutura,Sub C,lhco,CI-315,NOC N1,Monitoramento,NAO,NAO,Falha de Rede,Reinício de serviço,3284.773467798391
INC102916,2025-09-25 05:29:00,2025-09-25 06:19:39.067556550,2025-09-25 07:04:39.067556550,3 - Média,Infraestrutura,Sub A,lhco,CI-256,Suporte N3,Monitoramento,SIM,NAO,Erro de Configuração,Ajuste de configuração,3039.067556552797
INC102917,2025-09-25 06:13:00,2025-09-25 09:33:04.228051920,2025-09-25 13:27:04.228051920,3 - Média,Banco de Dados,Sub A,lhco,CI-389,NOC N1,Monitoramento,SIM,NAO,Falha de Rede,Reinício de serviço,12004.22805191843
INC102918,2025-09-25 09:05:00,2025-09-25 10:30:10.697949492,2025-09-25 12:53:10.697949492,4 - Baixa,Infraestrutura,Sub B,lcem,CI-278,Suporte N3,Monitoramento,NAO,NAO,Falha de Aplicação,Reinício de serviço,5110.697949493659
INC102919,2025-09-25 12:46:00,2025-09-25 13:48:03.679208766,2025-09-25 17:41:03.679208766,4 - Baixa,Infraestrutura,Sub B,lsin,CI-251,NOC N2,Monitoramento,NAO,NAO,Falha de Rede,Ajuste de configuração,3723.6792087666295
INC102920,2025-09-25 16:21:00,2025-09-25 18:00:53.804977116,2025-09-25 18:48:53.804977116,3 - Média,Aplicação,Sub C,lrev,CI-335,NOC N1,Monitoramento,SIM,NAO,Falha de Aplicação,Ajuste de configuração,5993.804977115008
INC102921,2025-09-25 17:29:00,2025-09-25 20:27:20.973289644,2025-09-25 22:05:20.973289644,3 - Média,Aplicação,Sub A,lcem,CI-39,NOC N1,Monitoramento,SIM,NAO,Falha de Rede,Patch aplicado,10700.973289645777
INC102922,2025-09-25 20:23:00,2025-09-25 20:59:54.957711510,2025-09-25 21:15:54.957711510,3 - Média,Banco de Dados,Sub A,lsin,CI-309,NOC N2,Monitoramento,SIM,NAO,Falha de Rede,Reinício de serviço,2214.957711508186
INC102923,2025-09-25 22:17:00,2025-09-25 23:16:09.453912132,2025-09-26 02:45:09.453912132,3 - Média,Rede,Sub C,lhco,CI-308,NOC N2,Monitoramento,SIM,NAO,Manutenção Programada,Patch aplicado,3549.4539121323073
INC102924,2025-09-25 23:07:00,2025-09-26 00:09:02.648080344,2025-09-26 01:46:02.648080344,2 - Alta,Rede,Sub A,lrev,CI-146,NOC N2,Monitoramento,SIM,NAO,Manutenção Programada,Reinício de serviço,3722.648080344466
INC102925,2025-09-26 00:41:00,2025-09-26 01:40:24.289567032,2025-09-26 02:17:24.289567032,2 - Alta,Rede,Sub C,lhco,CI-237,NOC N1,Monitoramento,SIM,NAO,Falha de Aplicação,Ajuste de configuração,3564.2895670312714
INC102926,2025-09-26 04:20:00,2025-09-26 05:16:01.151589792,2025-09-26 07:30:01.151589792,4 - Baixa,Aplicação,Sub B,lhco,CI-226,NOC N2,Monitoramento,NAO,NAO,Erro de Configuração,Reinício de serviço,3361.151589790107
INC102927,2025-09-26 05:11:00,2025-09-26 05:33:47.030700690,2025-09-26 06:10:47.030700690,3 - Média,Banco de Dados,Sub C,lhco,CI-118,NOC N2,Monitoramento,SIM,SIM,Falha de Aplicação,Ajuste de configuração,1367.0307006912492
INC102928,2025-09-26 06:44:00,2025-09-26 08:53:41.568657066,2025-09-26 09:21:41.568657066,4 - Baixa,Rede,Sub B,lhco,CI-378,NOC N1,Monitoramento,NAO,NAO,Erro de Configuração,Reinício de serviço,7781.568657066193
INC102929,2025-09-26 09:18:00,2025-09-26 11:02:04.207344012,2025-09-26 14:46:04.207344012,3 - Média,Infraestrutura,Sub A,lsin,CI-187,NOC N1,Monitoramento,SIM,NAO,Erro de Configuração,Ajuste de configuração,6244.207344011272
INC102930,2025-09-26 10:29:00,2025-09-26 11:16:48.205558836,2025-09-26 14:55:48.205558836,2 - Alta,Aplicação,Sub A,lsin,CI-113,SRE,Monitoramento,SIM,NAO,Falha de Aplicação,Patch aplicado,2868.205558836201
INC102931,2025-09-26 12:02:00,2025-09-26 13:42:02.273175936,2025-09-26 16:45:02.273175936,4 - Baixa,Infraestrutura,Sub A,lsin,CI-271,NOC N2,Monitoramento,NAO,NAO,Falha de Rede,Patch aplicado,6002.2731759367825
INC102932,2025-09-26 18:20:00,2025-09-26 19:07:25.267542858,2025-09-26 20:17:25.267542858,4 - Baixa,Infraestrutura,Sub C,lhvp,CI-364,NOC N1,Monitoramento,NAO,NAO,Erro de Configuração,Patch aplicado,2845.2675428601
INC102933,2025-09-26 18:42:00,2025-09-26 20:33:04.331013978,2025-09-26 22:13:04.331013978,3 - Média,Infraestrutura,Sub B,lsin,CI-169,Suporte N3,Monitoramento,SIM,NAO,Manutenção Programada,Ajuste de configuração,6664.331013980174
INC102934,2025-09-26 19:57:00,2025-09-26 21:44:39.850654518,2025-09-26 22:26:39.850654518,3 - Média,Rede,Sub C,lsin,CI-2,Suporte N3,Monitoramento,SIM,NAO,Manutenção Programada,Ajuste de configuração,6459.850654515766
INC102935,2025-09-26 19:59:00,2025-09-26 20:24:37.805064126,2025-09-26 22:58:37.805064126,4 - Baixa,Aplicação,Sub A,lsin,CI-51,NOC N1,Monitoramento,NAO,NAO,Erro de Configuração,Patch aplicado,1537.8050641241846
INC102936,2025-09-26 22:34:00,2025-09-26 22:50:44.246997648,2025-09-27 00:47:44.246997648,4 - Baixa,Rede,Sub C,lsin,CI-12,NOC N2,Monitoramento,NAO,NAO,Erro de Configuração,Reinício de serviço,1004.2469976482707
INC102937,2025-09-26 23:53:00,2025-09-27 01:07:51.840115812,2025-09-27 03:17:51.840115812,4 - Baixa,Infraestrutura,Sub C,lsin,CI-286,Suporte N3,Monitoramento,NAO,NAO,Erro de Configuração,Ajuste de configuração,4491.840115810156
INC102938,2025-09-27 02:33:00,2025-09-27 03:04:16.454579754,2025-09-27 06:35:16.454579754,3 - Média,Rede,Sub C,lhco,CI-139,Suporte N3,Monitoramento,SIM,NAO,Falha de Aplicação,Patch aplicado,1876.4545797550563
INC102939,2025-09-27 03:13:00,2025-09-27 05:30:29.424598650,2025-09-27 07:04:29.424598650,3 - Média,Banco de Dados,Sub B,lhvp,CI-285,NOC N1,Monitoramento,SIM,NAO,Falha de Rede,Reinício de serviço,8249.424598651503
INC102940,2025-09-27 03:44:00,2025-09-27 04:17:15.814943976,2025-09-27 07:36:15.814943976,3 - Média,Rede,Sub C,lsin,CI-303,NOC N1,Monitoramento,SIM,NAO,Falha de Aplicação,Ajuste de configuração,1995.8149439762872
INC102941,2025-09-27 09:21:00,2025-09-27 10:05:03.302126880,2025-09-27 11:33:03.302126880,3 - Média,Infraestrutura,Sub B,lhco,CI-51,NOC N1,Monitoramento,SIM,NAO,Falha de Rede,Ajuste de configuração,2643.302126880346
INC102942,2025-09-27 17:37:00,2025-09-27 18:47:27.821057820,2025-09-27 21:45:27.821057820,2 - Alta,Infraestrutura,Sub B,lcem,CI-350,NOC N1,Monitoramento,SIM,NAO,Manutenção Programada,Ajuste de configuração,4227.8210578190965
INC102943,2025-09-27 21:12:00,2025-09-27 22:53:09.205990218,2025-09-28 00:02:09.205990218,2 - Alta,Aplicação,Sub A,lhvp,CI-291,Suporte N3,Monitoramento,SIM,NAO,Erro de Configuração,Reinício de serviço,6069.205990215789
INC102944,2025-09-28 00:17:00,2025-09-28 01:46:52.370701638,2025-09-28 01:46:52.370701638,4 - Baixa,Aplicação,Sub C,lcem,CI-70,SRE,Monitoramento,NAO,NAO,Manutenção Programada,Reinício de serviço,5392.370701635163
INC102945,2025-09-28 00:32:00,2025-09-28 02:15:46.190852514,2025-09-28 05:15:46.190852514,4 - Baixa,Infraestrutura,Sub A,lsin,CI-75,NOC N2,Monitoramento,NAO,NAO,Manutenção Programada,Ajuste de configuração,6226.190852512024
INC102946,2025-09-28 00:48:00,2025-09-28 02:52:02.440070748,2025-09-28 04:19:02.440070748,2 - Alta,Aplicação,Sub C,lcem,CI-267,SRE,Monitoramento,SIM,NAO,Erro de Configuração,Reinício de serviço,7442.44007074593
INC102947,2025-09-28 01:47:00,2025-09-28 02:50:56.342400990,2025-09-28 04:27:56.342400990,3 - Média,Infraestrutura,Sub C,lsin,CI-360,Suporte N3,Monitoramento,SIM,NAO,Falha de Aplicação,Patch aplicado,3836.3424009889886
INC102948,2025-09-28 02:21:00,2025-09-28 03:32:30.847870806,2025-09-28 07:02:30.847870806,4 - Baixa,Rede,Sub C,lsin,CI-128,NOC N2,Monitoramento,NAO,NAO,Falha de Aplicação,Ajuste de configuração,4290.847870808522
INC102949,2025-09-28 04:15:00,2025-09-28 05:21:19.279000536,2025-09-28 06:07:19.279000536,3 - Média,Infraestrutura,Sub A,lhco,CI-70,NOC N2,Manual,SIM,NAO,Manutenção Programada,Patch aplicado,3979.2790005381094
INC102950,2025-09-28 05:21:00,2025-09-28 06:34:58.482487224,2025-09-28 08:22:58.482487224,2 - Alta,Banco de Dados,Sub A,lsin,CI-349,NOC N2,Monitoramento,SIM,NAO,Falha de Rede,Reinício de serviço,4438.482487221055
INC102951,2025-09-28 05:59:00,2025-09-28 07:02:19.874989992,2025-09-28 07:33:19.874989992,4 - Baixa,Banco de Dados,Sub A,lsin,CI-195,Suporte N3,Monitoramento,NAO,NAO,Erro de Configuração,Ajuste de configuração,3799.8749899936383
INC102952,2025-09-28 07:30:00,2025-09-28 09:11:31.707257064,2025-09-28 11:55:31.707257064,3 - Média,Banco de Dados,Sub A,lsin,CI-321,SRE,Monitoramento,SIM,NAO,Manutenção Programada,Reinício de serviço,6091.707257062677
INC102953,2025-09-28 08:24:00,2025-09-28 09:54:07.003360866,2025-09-28 11:01:07.003360866,3 - Média,Infraestrutura,Sub A,lhco,CI-80,Suporte N3,Monitoramento,SIM,NAO,Falha de Aplicação,Patch aplicado,5407.003360867776
INC102954,2025-09-28 14:40:00,2025-09-28 16:18:05.479488906,2025-09-28 17:21:05.479488906,3 - Média,Aplicação,Sub A,lrev,CI-65,NOC N2,Monitoramento,SIM,NAO,Falha de Rede,Patch aplicado,5885.479488908525
INC102955,2025-09-28 15:30:00,2025-09-28 16:52:15.721054296,2025-09-28 18:18:15.721054296,3 - Média,Aplicação,Sub B,lcem,CI-125,NOC N2,Monitoramento,SIM,NAO,Erro de Configuração,Ajuste de configuração,4935.721054295881
INC102956,2025-09-28 17:55:00,2025-09-28 21:25:33.879530748,2025-09-28 22:41:33.879530748,2 - Alta,Banco de Dados,Sub B,lhco,CI-363,SRE,Monitoramento,SIM,NAO,Falha de Rede,Ajuste de configuração,12633.87953074702
INC102957,2025-09-28 20:33:00,2025-09-28 21:11:29.948939664,2025-09-28 23:38:29.948939664,3 - Média,Infraestrutura,Sub C,lhco,CI-344,NOC N1,Monitoramento,SIM,NAO,Falha de Rede,Patch aplicado,2309.94893966212
INC102958,2025-09-28 20:52:00,2025-09-28 22:32:20.656307688,2025-09-29 00:58:20.656307688,3 - Média,Infraestrutura,Sub B,lsin,CI-175,NOC N1,Monitoramento,SIM,NAO,Erro de Configuração,Ajuste de configuração,6020.656307686644
INC102959,2025-09-28 22:03:00,2025-09-29 02:00:48.146449170,2025-09-29 02:37:48.146449170,2 - Alta,Infraestrutura,Sub A,lrev,CI-306,NOC N1,Monitoramento,SIM,NAO,Falha de Aplicação,Patch aplicado,14268.146449167067
INC102960,2025-09-28 22:26:00,2025-09-28 23:57:14.558311044,2025-09-29 00:09:14.558311044,2 - Alta,Infraestrutura,Sub A,lsin,CI-171,NOC N2,Monitoramento,SIM,NAO,Falha de Aplicação,Ajuste de configuração,5474.558311044688
INC102961,2025-09-28 23:57:00,2025-09-29 00:40:39.514679004,2025-09-29 00:51:39.514679004,3 - Média,Banco de Dados,Sub B,lhvp,CI-290,NOC N2,Monitoramento,SIM,NAO,Falha de Aplicação,Reinício de serviço,2619.5146790056588
INC102962,2025-09-29 03:14:00,2025-09-29 03:46:11.061194196,2025-09-29 04:37:11.061194196,2 - Alta,Rede,Sub C,lrev,CI-210,NOC N2,Monitoramento,SIM,NAO,Erro de Configuração,Patch aplicado,1931.0611941948116
INC102963,2025-09-29 03:42:00,2025-09-29 06:46:06.800178792,2025-09-29 10:39:06.800178792,3 - Média,Banco de Dados,Sub C,lsin,CI-187,NOC N2,Monitoramento,SIM,NAO,Falha de Rede,Patch aplicado,11046.800178790605
INC102964,2025-09-29 05:53:00,2025-09-29 06:22:29.282379324,2025-09-29 06:39:29.282379324,3 - Média,Rede,Sub C,lhvp,CI-310,NOC N2,Monitoramento,SIM,NAO,Falha de Aplicação,Patch aplicado,1769.2823793259256
INC102965,2025-09-29 09:49:00,2025-09-29 10:41:16.963911510,2025-09-29 11:37:16.963911510,4 - Baixa,Banco de Dados,Sub A,lhco,CI-95,SRE,Monitoramento,NAO,NAO,Falha de Rede,Patch aplicado,3136.9639115120913
INC102966,2025-09-29 12:43:00,2025-09-29 17:28:45.306236616,2025-09-29 17:42:45.306236616,3 - Média,Rede,Sub B,lhco,CI-299,Suporte N3,Monitoramento,SIM,NAO,Erro de Configuração,Ajuste de configuração,17145.306236615594
INC102967,2025-09-29 13:34:00,2025-09-29 15:12:31.135389594,2025-09-29 19:01:31.135389594,3 - Média,Rede,Sub A,lsin,CI-375,SRE,Manual,SIM,NAO,Erro de Configuração,Ajuste de configuração,5911.135389595448
INC102968,2025-09-29 14:18:00,2025-09-29 15:35:42.583915734,2025-09-29 17:07:42.583915734,2 - Alta,Rede,Sub A,lhvp,CI-248,SRE,Monitoramento,SIM,NAO,Erro de Configuração,Ajuste de configuração,4662.583915732899
INC102969,2025-09-29 17:39:00,2025-09-29 19:17:15.945683153,2025-09-29 20:11:15.945683153,3 - Média,Banco de Dados,Sub C,lrev,CI-153,NOC N1,Monitoramento,SIM,NAO,Falha de Aplicação,Ajuste de configuração,5895.945683153425
INC102970,2025-09-29 23:38:00,2025-09-30 02:04:55.399582566,2025-09-30 02:11:55.399582566,4 - Baixa,Banco de Dados,Sub A,lcem,CI-176,SRE,Monitoramento,NAO,NAO,Falha de Aplicação,Ajuste de configuração,8815.399582568647
INC102971,2025-09-30 01:29:00,2025-09-30 04:57:06.753067092,2025-09-30 07:50:06.753067092,2 - Alta,Infraestrutura,Sub C,lrev,CI-339,NOC N1,Monitoramento,SIM,NAO,Falha de Rede,Ajuste de configuração,12486.753067094513
INC102972,2025-09-30 04:29:00,2025-09-30 05:26:00.857240424,2025-09-30 09:10:00.857240424,4 - Baixa,Banco de Dados,Sub A,lrev,CI-173,NOC N1,Monitoramento,NAO,NAO,Falha de Rede,Patch aplicado,3420.8572404251704
INC102973,2025-09-30 06:14:00,2025-09-30 06:51:28.334339316,2025-09-30 08:49:28.334339316,4 - Baixa,Rede,Sub A,lhvp,CI-66,SRE,Monitoramento,NAO,NAO,Manutenção Programada,Patch aplicado,2248.3343393165637
INC102974,2025-09-30 09:54:00,2025-09-30 11:05:16.392106998,2025-09-30 11:21:16.392106998,2 - Alta,Infraestrutura,Sub C,lhvp,CI-25,SRE,Monitoramento,SIM,NAO,Falha de Aplicação,Patch aplicado,4276.3921070002625
INC102975,2025-09-30 10:24:00,2025-09-30 10:59:53.479262772,2025-09-30 13:37:53.479262772,3 - Média,Rede,Sub A,lsin,CI-145,NOC N2,Monitoramento,SIM,NAO,Manutenção Programada,Patch aplicado,2153.479262771773
INC102976,2025-09-30 12:49:00,2025-09-30 12:56:11.897135748,2025-09-30 14:05:11.897135748,2 - Alta,Infraestrutura,Sub C,lhco,CI-81,SRE,Monitoramento,SIM,NAO,Manutenção Programada,Reinício de serviço,431.89713574925474
INC102977,2025-09-30 15:44:00,2025-09-30 18:37:27.060170124,2025-09-30 19:14:27.060170124,4 - Baixa,Banco de Dados,Sub C,lrev,CI-160,SRE,Monitoramento,NAO,NAO,Falha de Aplicação,Reinício de serviço,10407.060170124161
INC102978,2025-09-30 19:44:00,2025-09-30 21:37:59.649923598,2025-10-01 00:09:59.649923598,4 - Baixa,Aplicação,Sub B,lhco,CI-116,NOC N2,Monitoramento,NAO,NAO,Erro de Configuração,Patch aplicado,6839.649923597643
INC102979,2025-09-30 23:42:00,2025-10-01 00:29:31.644700782,2025-10-01 01:36:31.644700782,4 - Baixa,Banco de Dados,Sub C,lhvp,CI-26,NOC N2,Manual,NAO,NAO,Falha de Aplicação,Reinício de serviço,2851.6447007792276
INC102980,2025-10-01 03:04:00,2025-10-01 03:24:43.311826146,2025-10-01 06:59:43.311826146,2 - Alta,Aplicação,Sub B,lhco,CI-287,Suporte N3,Monitoramento,SIM,NAO,Falha de Aplicação,Reinício de serviço,1243.3118261434063
INC102981,2025-10-01 09:22:00,2025-10-01 09:54:41.887666116,2025-10-01 13:20:41.887666116,4 - Baixa,Infraestrutura,Sub C,lsin,CI-38,NOC N2,Monitoramento,NAO,NAO,Falha de Aplicação,Patch aplicado,1961.887666117061
INC102982,2025-10-01 10:44:00,2025-10-01 13:14:35.080640514,2025-10-01 14:02:35.080640514,2 - Alta,Infraestrutura,Sub C,lcem,CI-394,NOC N2,Monitoramento,SIM,NAO,Falha de Aplicação,Reinício de serviço,9035.080640514221
INC102983,2025-10-01 11:02:00,2025-10-01 12:27:31.352651376,2025-10-01 14:19:31.352651376,2 - Alta,Banco de Dados,Sub B,lhvp,CI-35,SRE,Monitoramento,SIM,NAO,Manutenção Programada,Reinício de serviço,5131.352651377481
INC102984,2025-10-01 14:09:00,2025-10-01 15:52:25.782702960,2025-10-01 19:24:25.782702960,3 - Média,Infraestrutura,Sub A,lhco,CI-122,NOC N1,Monitoramento,SIM,NAO,Manutenção Programada,Reinício de serviço,6205.782702961873
INC102985,2025-10-01 15:28:00,2025-10-01 15:49:57.966181104,2025-10-01 19:06:57.966181104,3 - Média,Infraestrutura,Sub C,lsin,CI-335,NOC N2,Monitoramento,SIM,NAO,Falha de Aplicação,Reinício de serviço,1317.9661811065223
INC102986,2025-10-01 15:35:00,2025-10-01 16:10:39.079670790,2025-10-01 18:53:39.079670790,3 - Média,Banco de Dados,Sub B,lsin,CI-44,NOC N1,Monitoramento,SIM,NAO,Falha de Rede,Reinício de serviço,2139.0796707904715
INC102987,2025-10-01 21:47:00,2025-10-01 23:31:07.420661922,2025-10-02 03:20:07.420661922,3 - Média,Banco de Dados,Sub B,lhvp,CI-91,NOC N1,Monitoramento,SIM,NAO,Erro de Configuração,Reinício de serviço,6247.420661920616
INC102988,2025-10-02 03:17:00,2025-10-02 07:08:36.293204118,2025-10-02 08:55:36.293204118,2 - Alta,Infraestrutura,Sub C,lhco,CI-74,Suporte N3,Monitoramento,SIM,NAO,Manutenção Programada,Reinício de serviço,13896.293204117463
INC102989,2025-10-02 04:23:00,2025-10-02 05:27:03.173842620,2025-10-02 06:15:03.173842620,3 - Média,Rede,Sub C,lhco,CI-9,SRE,Monitoramento,SIM,NAO,Falha de Rede,Ajuste de configuração,3843.173842622683
INC102990,2025-10-02 06:12:00,2025-10-02 07:25:03.207174162,2025-10-02 10:32:03.207174162,4 - Baixa,Infraestrutura,Sub A,lsin,CI-326,NOC N2,Monitoramento,NAO,NAO,Manutenção Programada,Patch aplicado,4383.207174164851
INC102991,2025-10-02 10:20:00,2025-10-02 12:12:52.348616694,2025-10-02 15:34:52.348616694,4 - Baixa,Aplicação,Sub C,lhco,CI-185,SRE,Monitoramento,NAO,NAO,Falha de Rede,Ajuste de configuração,6772.348616695417
INC102992,2025-10-02 10:23:00,2025-10-02 11:24:49.907497374,2025-10-02 13:43:49.907497374,4 - Baixa,Rede,Sub A,lsin,CI-331,SRE,Monitoramento,NAO,NAO,Falha de Aplicação,Ajuste de configuração,3709.907497374247
INC102993,2025-10-02 11:45:00,2025-10-02 13:29:18.662462988,2025-10-02 15:23:18.662462988,4 - Baixa,Banco de Dados,Sub C,lhco,CI-122,Suporte N3,Monitoramento,NAO,NAO,Erro de Configuração,Ajuste de configuração,6258.662462985447
INC102994,2025-10-02 12:55:00,2025-10-02 16:37:51.661693560,2025-10-02 17:59:51.661693560,4 - Baixa,Rede,Sub A,lsin,CI-369,Suporte N3,Monitoramento,NAO,NAO,Erro de Configuração,Reinício de serviço,13371.661693558013
INC102995,2025-10-02 16:20:00,2025-10-02 16:42:42.498148938,2025-10-02 19:11:42.498148938,3 - Média,Aplicação,Sub B,lrev,CI-62,NOC N2,Monitoramento,SIM,NAO,Manutenção Programada,Patch aplicado,1362.4981489379659
INC102996,2025-10-02 20:32:00,2025-10-02 23:01:47.362088952,2025-10-02 23:43:47.362088952,4 - Baixa,Banco de Dados,Sub C,lhco,CI-354,SRE,Manual,NAO,NAO,Falha de Rede,Reinício de serviço,8987.362088952508
INC102997,2025-10-02 23:36:00,2025-10-02 23:58:15.367614258,2025-10-03 00:55:15.367614258,2 - Alta,Rede,Sub C,lsin,CI-118,Suporte N3,Manual,SIM,NAO,Erro de Configuração,Ajuste de configuração,1335.367614255256
INC102998,2025-10-02 23:46:00,2025-10-03 00:13:38.411789142,2025-10-03 02:45:38.411789142,2 - Alta,Aplicação,Sub A,lsin,CI-370,SRE,Manual,SIM,NAO,Erro de Configuração,Patch aplicado,1658.4117891396768
INC102999,2025-10-03 03:48:00,2025-10-03 04:39:41.049711720,2025-10-03 07:33:41.049711720,4 - Baixa,Aplicação,Sub C,lrev,CI-172,NOC N1,Monitoramento,NAO,NAO,Falha de Rede,Patch aplicado,3101.049711720463
INC103000,2025-10-03 06:23:00,2025-10-03 06:35:24.609319770,2025-10-03 09:50:24.609319770,4 - Baixa,Rede,Sub C,lsin,CI-74,Suporte N3,Monitoramento,NAO,NAO,Falha de Aplicação,Reinício de serviço,744.6093197683351
INC103001,2025-10-03 07:41:00,2025-10-03 08:21:25.374126312,2025-10-03 10:12:25.374126312,2 - Alta,Infraestrutura,Sub B,lsin,CI-196,SRE,Monitoramento,SIM,NAO,Falha de Aplicação,Reinício de serviço,2425.3741263119578
INC103002,2025-10-03 07:41:00,2025-10-03 09:52:07.617705869,2025-10-03 12:23:07.617705869,3 - Média,Banco de Dados,Sub B,lhvp,CI-169,Suporte N3,Monitoramento,SIM,NAO,Manutenção Programada,Reinício de serviço,7867.6177058687845
INC103003,2025-10-03 10:04:00,2025-10-03 10:26:27.110477442,2025-10-03 13:03:27.110477442,3 - Média,Aplicação,Sub A,lcem,CI-33,NOC N1,Monitoramento,SIM,NAO,Falha de Rede,Reinício de serviço,1347.1104774442624
INC103004,2025-10-03 13:01:00,2025-10-03 14:06:03.353468472,2025-10-03 15:52:03.353468472,4 - Baixa,Infraestrutura,Sub B,lcem,CI-121,NOC N2,Monitoramento,NAO,NAO,Manutenção Programada,Ajuste de configuração,3903.353468471553
INC103005,2025-10-03 13:25:00,2025-10-03 15:17:08.233744140,2025-10-03 15:36:08.233744140,3 - Média,Banco de Dados,Sub C,lhco,CI-353,Suporte N3,Monitoramento,SIM,NAO,Manutenção Programada,Ajuste de configuração,6728.233744139692
INC103006,2025-10-03 16:49:00,2025-10-03 19:04:01.881984204,2025-10-03 22:35:01.881984204,3 - Média,Rede,Sub A,lsin,CI-23,Suporte N3,Manual,SIM,NAO,Falha de Rede,Ajuste de configuração,8101.881984202784
INC103007,2025-10-03 19:17:00,2025-10-03 19:49:45.408447576,2025-10-03 23:14:45.408447576,4 - Baixa,Banco de Dados,Sub C,lhvp,CI-269,NOC N1,Manual,NAO,NAO,Manutenção Programada,Patch aplicado,1965.4084475786342
INC103008,2025-10-03 19:34:00,2025-10-03 20:28:54.104901456,2025-10-03 21:33:54.104901456,3 - Média,Infraestrutura,Sub A,lsin,CI-288,NOC N1,Monitoramento,SIM,NAO,Falha de Aplicação,Ajuste de configuração,3294.1049014544838
INC103009,2025-10-03 20:30:00,2025-10-03 20:49:06.065752236,2025-10-03 23:45:06.065752236,2 - Alta,Aplicação,Sub B,lcem,CI-246,NOC N2,Manual,SIM,NAO,Manutenção Programada,Patch aplicado,1146.0657522343276
INC103010,2025-10-03 23:17:00,2025-10-03 23:43:00.037409070,2025-10-03 23:49:00.037409070,3 - Média,Infraestrutura,Sub C,lsin,CI-309,NOC N2,Manual,SIM,NAO,Falha de Rede,Ajuste de configuração,1560.037409071962
INC103011,2025-10-03 23:45:00,2025-10-04 00:20:50.373302412,2025-10-04 03:22:50.373302412,2 - Alta,Rede,Sub A,lsin,CI-213,NOC N1,Monitoramento,SIM,NAO,Falha de Aplicação,Patch aplicado,2150.3733024139874
INC103012,2025-10-04 00:32:00,2025-10-04 01:19:51.531321222,2025-10-04 04:11:51.531321222,4 - Baixa,Aplicação,Sub A,lhco,CI-27,Suporte N3,Monitoramento,NAO,NAO,Falha de Rede,Patch aplicado,2871.531321223059
INC103013,2025-10-04 01:04:00,2025-10-04 01:50:02.658072540,2025-10-04 04:23:02.658072540,2 - Alta,Infraestrutura,Sub A,lhco,CI-303,NOC N2,Monitoramento,SIM,NAO,Falha de Rede,Reinício de serviço,2762.6580725382823
INC103014,2025-10-04 01:59:00,2025-10-04 02:06:30.582056933,2025-10-04 03:35:30.582056933,3 - Média,Aplicação,Sub B,lhco,CI-267,SRE,Monitoramento,SIM,NAO,Falha de Rede,Ajuste de configuração,450.582056931943
INC103015,2025-10-04 02:01:00,2025-10-04 02:40:02.841312948,2025-10-04 03:11:02.841312948,3 - Média,Infraestrutura,Sub C,lrev,CI-247,NOC N1,Monitoramento,SIM,NAO,Falha de Aplicação,Reinício de serviço,2342.8413129465407
INC103016,2025-10-04 02:49:00,2025-10-04 03:35:31.852478729,2025-10-04 04:39:31.852478729,2 - Alta,Infraestrutura,Sub A,lhco,CI-331,SRE,Monitoramento,SIM,NAO,Falha de Aplicação,Patch aplicado,2791.8524787314227
INC103017,2025-10-04 04:16:00,2025-10-04 05:58:32.685242573,2025-10-04 09:32:32.685242573,4 - Baixa,Infraestrutura,Sub B,lsin,CI-284,NOC N1,Monitoramento,NAO,NAO,Erro de Configuração,Patch aplicado,6152.685242576023
INC103018,2025-10-04 07:50:00,2025-10-04 08:46:28.398829104,2025-10-04 09:30:28.398829104,4 - Baixa,Banco de Dados,Sub B,lrev,CI-372,NOC N1,Monitoramento,NAO,NAO,Manutenção Programada,Ajuste de configuração,3388.3988291027426
INC103019,2025-10-04 07:53:00,2025-10-04 08:22:01.342743690,2025-10-04 08:32:01.342743690,3 - Média,Banco de Dados,Sub A,lhco,CI-331,NOC N1,Monitoramento,SIM,NAO,Falha de Rede,Patch aplicado,1741.3427436887966
INC103020,2025-10-04 13:09:00,2025-10-04 13:53:42.214978632,2025-10-04 15:18:42.214978632,2 - Alta,Banco de Dados,Sub B,lhco,CI-338,Suporte N3,Monitoramento,SIM,NAO,Falha de Aplicação,Patch aplicado,2682.2149786349078
INC103021,2025-10-04 13:18:00,2025-10-04 13:42:45.573815988,2025-10-04 14:07:45.573815988,4 - Baixa,Aplicação,Sub C,lhvp,CI-268,Suporte N3,Monitoramento,NAO,NAO,Erro de Configuração,Reinício de serviço,1485.573815988287
INC103022,2025-10-04 13:48:00,2025-10-04 16:32:48.062431200,2025-10-04 20:04:48.062431200,4 - Baixa,Rede,Sub C,lhvp,CI-128,NOC N2,Monitoramento,NAO,NAO,Falha de Aplicação,Reinício de serviço,9888.062431197191
INC103023,2025-10-04 13:59:00,2025-10-04 16:36:01.072493178,2025-10-04 19:50:01.072493178,2 - Alta,Rede,Sub A,lsin,CI-184,NOC N1,Monitoramento,SIM,NAO,Erro de Configuração,Reinício de serviço,9421.072493177024
INC103024,2025-10-04 15:28:00,2025-10-04 17:42:14.803599948,2025-10-04 20:33:14.803599948,2 - Alta,Banco de Dados,Sub C,lrev,CI-204,NOC N1,Monitoramento,SIM,NAO,Falha de Aplicação,Patch aplicado,8054.803599948744
INC103025,2025-10-04 15:45:00,2025-10-04 16:41:54.393212994,2025-10-04 20:26:54.393212994,3 - Média,Aplicação,Sub B,lhco,CI-398,Suporte N3,Monitoramento,SIM,NAO,Manutenção Programada,Reinício de serviço,3414.3932129926084
INC103026,2025-10-04 17:21:00,2025-10-04 18:19:40.476164664,2025-10-04 19:32:40.476164664,3 - Média,Infraestrutura,Sub B,lsin,CI-63,Suporte N3,Monitoramento,SIM,NAO,Falha de Rede,Patch aplicado,3520.476164666266
INC103027,2025-10-04 20:01:00,2025-10-04 21:07:12.907883340,2025-10-04 23:53:12.907883340,3 - Média,Aplicação,Sub A,lrev,CI-273,NOC N1,Monitoramento,SIM,NAO,Falha de Rede,Reinício de serviço,3972.907883340018
INC103028,2025-10-04 20:13:00,2025-10-04 21:09:48.012640746,2025-10-04 22:36:48.012640746,3 - Média,Aplicação,Sub B,lcem,CI-342,SRE,Monitoramento,SIM,NAO,Manutenção Programada,Reinício de serviço,3408.0126407473495
INC103029,2025-10-04 21:12:00,2025-10-05 01:54:22.786884912,2025-10-05 03:25:22.786884912,4 - Baixa,Aplicação,Sub B,lsin,CI-234,NOC N2,Monitoramento,NAO,NAO,Falha de Aplicação,Ajuste de configuração,16942.78688491098
INC103030,2025-10-05 04:58:00,2025-10-05 06:45:01.092050322,2025-10-05 09:11:01.092050322,4 - Baixa,Rede,Sub C,lcem,CI-324,Suporte N3,Monitoramento,NAO,NAO,Falha de Aplicação,Patch aplicado,6421.092050319049
INC103031,2025-10-05 06:23:00,2025-10-05 07:00:20.788126800,2025-10-05 10:42:20.788126800,3 - Média,Rede,Sub B,lsin,CI-197,NOC N2,Monitoramento,SIM,NAO,Falha de Aplicação,Patch aplicado,2240.788126798429
INC103032,2025-10-05 10:49:00,2025-10-05 11:51:48.603120516,2025-10-05 15:19:48.603120516,4 - Baixa,Banco de Dados,Sub A,lhco,CI-63,SRE,Monitoramento,NAO,NAO,Erro de Configuração,Patch aplicado,3768.603120516699
INC103033,2025-10-05 13:59:00,2025-10-05 15:14:14.287337742,2025-10-05 19:06:14.287337742,4 - Baixa,Banco de Dados,Sub A,lhco,CI-147,NOC N2,Monitoramento,NAO,NAO,Erro de Configuração,Reinício de serviço,4514.2873377448095
INC103034,2025-10-05 19:18:00,2025-10-05 21:34:46.429001700,2025-10-05 21:39:46.429001700,4 - Baixa,Rede,Sub B,lsin,CI-242,NOC N2,Monitoramento,NAO,NAO,Erro de Configuração,Patch aplicado,8206.429001698247
INC103035,2025-10-05 22:11:00,2025-10-05 23:18:49.736527200,2025-10-06 02:57:49.736527200,2 - Alta,Banco de Dados,Sub C,lcem,CI-129,Suporte N3,Monitoramento,SIM,NAO,Falha de Aplicação,Ajuste de configuração,4069.736527202279
INC103036,2025-10-06 02:46:00,2025-10-06 07:41:49.589610720,2025-10-06 11:07:49.589610720,3 - Média,Aplicação,Sub C,lhco,CI-47,Suporte N3,Monitoramento,SIM,NAO,Falha de Rede,Reinício de serviço,17749.589610717245
INC103037,2025-10-06 02:59:00,2025-10-06 03:22:01.788993048,2025-10-06 04:14:01.788993048,3 - Média,Infraestrutura,Sub A,lsin,CI-241,NOC N2,Monitoramento,SIM,NAO,Falha de Rede,Patch aplicado,1381.7889930451813
INC103038,2025-10-06 05:52:00,2025-10-06 07:07:52.175339538,2025-10-06 07:39:52.175339538,4 - Baixa,Rede,Sub B,lhvp,CI-95,NOC N1,Monitoramento,NAO,NAO,Erro de Configuração,Ajuste de configuração,4552.175339536452
INC103039,2025-10-06 09:50:00,2025-10-06 11:32:38.541690678,2025-10-06 14:35:38.541690678,3 - Média,Aplicação,Sub B,lhvp,CI-304,NOC N1,Monitoramento,SIM,NAO,Manutenção Programada,Ajuste de configuração,6158.54169067786
INC103040,2025-10-06 11:01:00,2025-10-06 11:28:01.057537980,2025-10-06 13:59:01.057537980,3 - Média,Infraestrutura,Sub A,lhco,CI-36,NOC N1,Monitoramento,SIM,NAO,Manutenção Programada,Reinício de serviço,1621.0575379811967
INC103041,2025-10-06 15:36:00,2025-10-06 16:55:14.575469430,2025-10-06 18:25:14.575469430,3 - Média,Infraestrutura,Sub A,lcem,CI-217,NOC N1,Monitoramento,SIM,NAO,Falha de Aplicação,Reinício de serviço,4754.575469428822
INC103042,2025-10-06 16:49:00,2025-10-06 17:30:20.044989288,2025-10-06 20:50:20.044989288,3 - Média,Aplicação,Sub A,lcem,CI-365,SRE,Monitoramento,SIM,NAO,Falha de Aplicação,Patch aplicado,2480.0449892881984
INC103043,2025-10-06 17:46:00,2025-10-06 18:48:20.756981916,2025-10-06 19:18:20.756981916,3 - Média,Infraestrutura,Sub C,lhco,CI-154,NOC N1,Monitoramento,SIM,NAO,Falha de Rede,Reinício de serviço,3740.756981913835
INC103044,2025-10-06 22:29:00,2025-10-06 23:10:43.387662300,2025-10-07 02:05:43.387662300,3 - Média,Aplicação,Sub C,lhvp,CI-354,NOC N2,Monitoramento,SIM,NAO,Falha de Rede,Reinício de serviço,2503.3876622993153
INC103045,2025-10-06 22:37:00,2025-10-06 23:00:09.493109292,2025-10-07 01:49:09.493109292,3 - Média,Aplicação,Sub B,lcem,CI-116,SRE,Monitoramento,SIM,NAO,Erro de Configuração,Patch aplicado,1389.4931092930358
INC103046,2025-10-06 23:43:00,2025-10-07 02:39:21.460691082,2025-10-07 05:40:21.460691082,4 - Baixa,Rede,Sub C,lsin,CI-243,SRE,Manual,NAO,NAO,Erro de Configuração,Patch aplicado,10581.460691080614
INC103047,2025-10-07 04:49:00,2025-10-07 06:22:10.981293000,2025-10-07 06:27:10.981293000,4 - Baixa,Infraestrutura,Sub B,lhvp,CI-258,SRE,Monitoramento,NAO,SIM,Manutenção Programada,Reinício de serviço,5590.9812929970985
INC103048,2025-10-07 08:47:00,2025-10-07 09:20:40.852167978,2025-10-07 09:24:40.852167978,3 - Média,Infraestrutura,Sub C,lsin,CI-255,NOC N2,Monitoramento,SIM,NAO,Erro de Configuração,Patch aplicado,2020.852167979544
INC103049,2025-10-07 09:08:00,2025-10-07 10:19:24.410634072,2025-10-07 12:32:24.410634072,2 - Alta,Banco de Dados,Sub A,lrev,CI-260,SRE,Monitoramento,SIM,NAO,Falha de Aplicação,Patch aplicado,4284.410634070479
INC103050,2025-10-07 11:33:00,2025-10-07 12:54:44.409618426,2025-10-07 15:14:44.409618426,2 - Alta,Aplicação,Sub B,lsin,CI-131,SRE,Monitoramento,SIM,NAO,Falha de Aplicação,Ajuste de configuração,4904.409618427609
INC103051,2025-10-07 14:42:00,2025-10-07 15:20:05.115122148,2025-10-07 18:41:05.115122148,3 - Média,Banco de Dados,Sub A,lsin,CI-361,SRE,Monitoramento,SIM,NAO,Falha de Rede,Patch aplicado,2285.115122148458
INC103052,2025-10-07 20:48:00,2025-10-07 22:10:10.504349748,2025-10-08 01:45:10.504349748,2 - Alta,Banco de Dados,Sub C,lhco,CI-359,Suporte N3,Monitoramento,SIM,NAO,Falha de Rede,Patch aplicado,4930.504349747299
INC103053,2025-10-07 22:44:00,2025-10-07 23:57:34.168486020,2025-10-08 00:40:34.168486020,4 - Baixa,Infraestrutura,Sub A,lhvp,CI-330,SRE,Monitoramento,NAO,NAO,Falha de Rede,Ajuste de configuração,4414.1684860215855
INC103054,2025-10-08 01:34:00,2025-10-08 05:05:41.733894930,2025-10-08 06:48:41.733894930,3 - Média,Infraestrutura,Sub B,lrev,CI-358,SRE,Monitoramento,SIM,NAO,Manutenção Programada,Patch aplicado,12701.73389493032
INC103055,2025-10-08 01:35:00,2025-10-08 03:43:25.308387744,2025-10-08 04:15:25.308387744,2 - Alta,Banco de Dados,Sub C,lrev,CI-29,NOC N1,Monitoramento,SIM,NAO,Falha de Rede,Reinício de serviço,7705.308387744146
INC103056,2025-10-08 05:35:00,2025-10-08 07:32:40.144296846,2025-10-08 08:50:40.144296846,4 - Baixa,Infraestrutura,Sub C,lhco,CI-57,NOC N2,Monitoramento,NAO,NAO,Manutenção Programada,Reinício de serviço,7060.144296845568
INC103057,2025-10-08 11:02:00,2025-10-08 11:50:42.018205428,2025-10-08 14:46:42.018205428,4 - Baixa,Rede,Sub B,lcem,CI-262,SRE,Monitoramento,NAO,NAO,Falha de Rede,Ajuste de configuração,2922.0182054277743
INC103058,2025-10-08 11:16:00,2025-10-08 12:54:00.175280892,2025-10-08 13:03:00.175280892,2 - Alta,Aplicação,Sub B,lsin,CI-353,NOC N2,Monitoramento,SIM,NAO,Erro de Configuração,Reinício de serviço,5880.175280894436
INC103059,2025-10-08 13:19:00,2025-10-08 13:58:56.653186242,2025-10-08 14:52:56.653186242,2 - Alta,Banco de Dados,Sub C,lrev,CI-269,Suporte N3,Monitoramento,SIM,NAO,Falha de Aplicação,Patch aplicado,2396.653186244477
INC103060,2025-10-08 19:31:00,2025-10-08 20:18:11.659722678,2025-10-08 20:35:11.659722678,3 - Média,Banco de Dados,Sub A,lhco,CI-207,SRE,Monitoramento,SIM,NAO,Falha de Aplicação,Patch aplicado,2831.659722680333
INC103061,2025-10-08 20:53:00,2025-10-08 22:18:07.496138880,2025-10-08 23:51:07.496138880,3 - Média,Banco de Dados,Sub C,lsin,CI-389,SRE,Monitoramento,SIM,NAO,Falha de Rede,Patch aplicado,5107.49613888241
INC103062,2025-10-09 00:00:00,2025-10-09 01:36:40.082788710,2025-10-09 02:16:40.082788710,3 - Média,Rede,Sub C,lhco,CI-336,SRE,Monitoramento,SIM,NAO,Manutenção Programada,Patch aplicado,5800.082788709258
INC103063,2025-10-09 00:36:00,2025-10-09 07:38:06.583601076,2025-10-09 08:55:06.583601076,4 - Baixa,Aplicação,Sub A,lsin,CI-306,Suporte N3,Monitoramento,NAO,NAO,Manutenção Programada,Reinício de serviço,25326.58360107592
INC103064,2025-10-09 03:19:00,2025-10-09 03:52:26.473909680,2025-10-09 04:46:26.473909680,3 - Média,Infraestrutura,Sub C,lhco,CI-342,Suporte N3,Monitoramento,SIM,NAO,Erro de Configuração,Reinício de serviço,2006.4739096796486
INC103065,2025-10-09 04:06:00,2025-10-09 05:29:02.524565922,2025-10-09 09:09:02.524565922,4 - Baixa,Banco de Dados,Sub C,lsin,CI-327,NOC N1,Manual,NAO,NAO,Falha de Aplicação,Patch aplicado,4982.524565922463
INC103066,2025-10-09 05:53:00,2025-10-09 06:01:53.723469546,2025-10-09 06:26:53.723469546,3 - Média,Banco de Dados,Sub C,lcem,CI-252,SRE,Monitoramento,SIM,NAO,Falha de Rede,Ajuste de configuração,533.7234695456643
INC103067,2025-10-09 22:05:00,2025-10-09 23:56:36.979512954,2025-10-10 03:32:36.979512954,2 - Alta,Rede,Sub B,lhco,CI-312,NOC N2,Manual,SIM,NAO,Falha de Rede,Patch aplicado,6696.97951295449
INC103068,2025-10-09 22:50:00,2025-10-09 23:25:13.632277614,2025-10-10 02:00:13.632277614,3 - Média,Rede,Sub A,lhvp,CI-253,NOC N2,Monitoramento,SIM,NAO,Falha de Aplicação,Ajuste de configuração,2113.6322776124625
INC103069,2025-10-10 00:19:00,2025-10-10 02:55:32.877341190,2025-10-10 06:36:32.877341190,4 - Baixa,Aplicação,Sub B,lhvp,CI-341,Suporte N3,Monitoramento,NAO,NAO,Erro de Configuração,Patch aplicado,9392.87734119154
INC103070,2025-10-10 00:31:00,2025-10-10 01:36:45.102402774,2025-10-10 03:10:45.102402774,3 - Média,Rede,Sub C,lsin,CI-147,NOC N1,Monitoramento,SIM,NAO,Falha de Rede,Ajuste de configuração,3945.102402771586
INC103071,2025-10-10 04:00:00,2025-10-10 04:22:36.705977454,2025-10-10 06:16:36.705977454,2 - Alta,Aplicação,Sub B,lcem,CI-85,SRE,Manual,SIM,NAO,Erro de Configuração,Ajuste de configuração,1356.7059774510342
INC103072,2025-10-10 04:15:00,2025-10-10 04:46:31.329213294,2025-10-10 05:56:31.329213294,4 - Baixa,Infraestrutura,Sub A,lcem,CI-397,SRE,Monitoramento,NAO,NAO,Falha de Rede,Reinício de serviço,1891.3292132964423
INC103073,2025-10-10 04:19:00,2025-10-10 05:11:01.535074116,2025-10-10 08:47:01.535074116,4 - Baixa,Banco de Dados,Sub B,lhco,CI-361,NOC N1,Monitoramento,NAO,NAO,Falha de Aplicação,Ajuste de configuração,3121.5350741152515
INC103074,2025-10-10 04:28:00,2025-10-10 07:07:02.403691350,2025-10-10 07:51:02.403691350,3 - Média,Banco de Dados,Sub C,lsin,CI-86,SRE,Monitoramento,SIM,NAO,Manutenção Programada,Ajuste de configuração,9542.40369135075
INC103075,2025-10-10 06:14:00,2025-10-10 08:27:00.901357860,2025-10-10 09:28:00.901357860,3 - Média,Rede,Sub B,lsin,CI-94,NOC N2,Monitoramento,SIM,NAO,Falha de Rede,Patch aplicado,7980.901357859865
INC103076,2025-10-10 06:32:00,2025-10-10 07:55:32.059917222,2025-10-10 11:46:32.059917222,4 - Baixa,Rede,Sub C,lhco,CI-58,SRE,Monitoramento,NAO,NAO,Falha de Rede,Patch aplicado,5012.059917221861
INC103077,2025-10-10 08:15:00,2025-10-10 09:52:32.447975784,2025-10-10 09:52:32.447975784,2 - Alta,Infraestrutura,Sub C,lcem,CI-372,NOC N2,Monitoramento,SIM,NAO,Erro de Configuração,Patch aplicado,5852.447975781149
INC103078,2025-10-10 14:56:00,2025-10-10 16:51:42.615809442,2025-10-10 20:43:42.615809442,3 - Média,Infraestrutura,Sub A,lsin,CI-194,SRE,Monitoramento,SIM,NAO,Falha de Aplicação,Ajuste de configuração,6942.615809441598
INC103079,2025-10-10 17:39:00,2025-10-10 19:07:44.333585712,2025-10-10 20:35:44.333585712,3 - Média,Aplicação,Sub B,lsin,CI-298,SRE,Monitoramento,SIM,NAO,Erro de Configuração,Ajuste de configuração,5324.333585712424
INC103080,2025-10-10 17:55:00,2025-10-10 19:23:11.300958324,2025-10-10 23:11:11.300958324,3 - Média,Aplicação,Sub B,lsin,CI-136,NOC N1,Monitoramento,SIM,NAO,Falha de Rede,Patch aplicado,5291.30095832516
INC103081,2025-10-10 20:46:00,2025-10-10 21:15:03.075001536,2025-10-10 23:21:03.075001536,2 - Alta,Infraestrutura,Sub A,lhvp,CI-247,Suporte N3,Monitoramento,SIM,NAO,Falha de Rede,Reinício de serviço,1743.0750015369129
INC103082,2025-10-10 21:00:00,2025-10-10 21:51:10.270952718,2025-10-11 00:04:10.270952718,3 - Média,Banco de Dados,Sub A,lhco,CI-11,NOC N1,Monitoramento,SIM,NAO,Falha de Rede,Reinício de serviço,3070.270952719438
INC103083,2025-10-11 10:58:00,2025-10-11 11:14:36.557619444,2025-10-11 11:22:36.557619444,2 - Alta,Infraestrutura,Sub B,lcem,CI-42,Suporte N3,Monitoramento,SIM,SIM,Falha de Rede,Ajuste de configuração,996.5576194442854
INC103084,2025-10-11 11:57:00,2025-10-11 12:40:58.548559728,2025-10-11 13:07:58.548559728,3 - Média,Banco de Dados,Sub C,lsin,CI-129,NOC N1,Manual,SIM,NAO,Falha de Rede,Reinício de serviço,2638.5485597257157
INC103085,2025-10-11 12:16:00,2025-10-11 14:56:25.086117690,2025-10-11 16:31:25.086117690,3 - Média,Banco de Dados,Sub A,lhvp,CI-63,NOC N2,Monitoramento,SIM,NAO,Falha de Aplicação,Reinício de serviço,9625.086117692817
INC103086,2025-10-11 13:06:00,2025-10-11 14:32:41.898729186,2025-10-11 16:37:41.898729186,2 - Alta,Aplicação,Sub A,lhco,CI-346,NOC N1,Monitoramento,SIM,NAO,Falha de Aplicação,Patch aplicado,5201.898729185742
INC103087,2025-10-11 15:44:00,2025-10-11 16:49:12.770707548,2025-10-11 20:20:12.770707548,4 - Baixa,Rede,Sub C,lhvp,CI-265,NOC N1,Monitoramento,NAO,NAO,Falha de Aplicação,Patch aplicado,3912.7707075454787
INC103088,2025-10-11 15:55:00,2025-10-11 16:50:24.310333044,2025-10-11 18:31:24.310333044,2 - Alta,Aplicação,Sub C,lhco,CI-86,NOC N1,Monitoramento,SIM,NAO,Falha de Rede,Reinício de serviço,3324.3103330425024
INC103089,2025-10-11 18:57:00,2025-10-11 21:52:15.145459788,2025-10-11 23:25:15.145459788,3 - Média,Rede,Sub A,lcem,CI-211,NOC N1,Monitoramento,SIM,NAO,Falha de Aplicação,Reinício de serviço,10515.145459786077
INC103090,2025-10-11 19:00:00,2025-10-11 19:30:31.100553485,2025-10-11 23:23:31.100553485,3 - Média,Infraestrutura,Sub C,lhvp,CI-165,NOC N1,Manual,SIM,NAO,Falha de Rede,Reinício de serviço,1831.1005534834683
INC103091,2025-10-11 19:20:00,2025-10-11 19:54:22.502317092,2025-10-11 22:16:22.502317092,4 - Baixa,Banco de Dados,Sub A,lsin,CI-360,Suporte N3,Monitoramento,NAO,NAO,Falha de Rede,Patch aplicado,2062.5023170892937
INC103092,2025-10-12 01:10:00,2025-10-12 01:34:00.830768088,2025-10-12 02:06:00.830768088,3 - Média,Aplicação,Sub A,lcem,CI-323,NOC N1,Monitoramento,SIM,NAO,Manutenção Programada,Ajuste de configuração,1440.8307680882162
INC103093,2025-10-12 05:37:00,2025-10-12 06:02:59.617801872,2025-10-12 08:38:59.617801872,2 - Alta,Aplicação,Sub A,lcem,CI-133,SRE,Monitoramento,SIM,NAO,Erro de Configuração,Ajuste de configuração,1559.617801873049
INC103094,2025-10-12 06:18:00,2025-10-12 07:36:42.564122112,2025-10-12 10:19:42.564122112,3 - Média,Aplicação,Sub B,lhvp,CI-208,SRE,Monitoramento,SIM,NAO,Erro de Configuração,Ajuste de configuração,4722.564122112575
INC103095,2025-10-12 06:53:00,2025-10-12 09:22:50.204279886,2025-10-12 12:36:50.204279886,2 - Alta,Infraestrutura,Sub C,lsin,CI-233,NOC N2,Monitoramento,SIM,NAO,Erro de Configuração,Reinício de serviço,8990.204279884394
INC103096,2025-10-12 07:51:00,2025-10-12 09:07:29.144519112,2025-10-12 11:23:29.144519112,3 - Média,Infraestrutura,Sub A,lhco,CI-259,Suporte N3,Monitoramento,SIM,NAO,Erro de Configuração,Reinício de serviço,4589.144519110124
INC103097,2025-10-12 07:52:00,2025-10-12 08:39:23.164628376,2025-10-12 11:23:23.164628376,3 - Média,Banco de Dados,Sub C,lsin,CI-10,NOC N2,Monitoramento,SIM,NAO,Falha de Aplicação,Reinício de serviço,2843.1646283761365
INC103098,2025-10-12 08:44:00,2025-10-12 10:10:02.626767192,2025-10-12 11:06:02.626767192,2 - Alta,Infraestrutura,Sub B,lhco,CI-355,SRE,Monitoramento,SIM,NAO,Falha de Aplicação,Ajuste de configuração,5162.62676719079
INC103099,2025-10-12 12:39:00,2025-10-12 15:36:33.586790712,2025-10-12 19:31:33.586790712,4 - Baixa,Aplicação,Sub C,lsin,CI-81,Suporte N3,Monitoramento,NAO,NAO,Falha de Rede,Reinício de serviço,10653.586790714124
INC103100,2025-10-12 13:15:00,2025-10-12 13:42:45.688192962,2025-10-12 17:03:45.688192962,4 - Baixa,Banco de Dados,Sub C,lhvp,CI-302,SRE,Monitoramento,NAO,NAO,Falha de Aplicação,Patch aplicado,1665.688192961432
INC103101,2025-10-12 14:11:00,2025-10-12 14:51:14.956067190,2025-10-12 16:35:14.956067190,3 - Média,Aplicação,Sub B,lhco,CI-86,SRE,Monitoramento,SIM,NAO,Manutenção Programada,Patch aplicado,2414.956067190079
INC103102,2025-10-12 15:13:00,2025-10-12 18:45:51.494531400,2025-10-12 20:56:51.494531400,3 - Média,Rede,Sub B,lsin,CI-141,Suporte N3,Manual,SIM,NAO,Falha de Aplicação,Patch aplicado,12771.494531397071
INC103103,2025-10-12 18:41:00,2025-10-12 19:26:56.656148130,2025-10-12 21:08:56.656148130,3 - Média,Aplicação,Sub A,lsin,CI-376,Suporte N3,Monitoramento,SIM,NAO,Falha de Rede,Patch aplicado,2756.656148128602
INC103104,2025-10-13 02:05:00,2025-10-13 02:13:46.051969104,2025-10-13 03:27:46.051969104,2 - Alta,Rede,Sub C,lhco,CI-117,Suporte N3,Manual,SIM,NAO,Erro de Configuração,Reinício de serviço,526.0519691026084
INC103105,2025-10-13 04:40:00,2025-10-13 05:07:41.744108352,2025-10-13 05:33:41.744108352,4 - Baixa,Infraestrutura,Sub B,lrev,CI-99,SRE,Monitoramento,NAO,NAO,Manutenção Programada,Patch aplicado,1661.7441083545177
INC103106,2025-10-13 05:38:00,2025-10-13 06:22:27.309817866,2025-10-13 07:03:27.309817866,3 - Média,Rede,Sub B,lhco,CI-197,NOC N2,Monitoramento,SIM,NAO,Manutenção Programada,Patch aplicado,2667.3098178679597
INC103107,2025-10-13 06:02:00,2025-10-13 08:39:48.488437206,2025-10-13 10:47:48.488437206,4 - Baixa,Banco de Dados,Sub A,lrev,CI-392,Suporte N3,Manual,NAO,NAO,Falha de Rede,Patch aplicado,9468.488437208656
INC103108,2025-10-13 08:10:00,2025-10-13 10:18:36.456411972,2025-10-13 13:27:36.456411972,3 - Média,Aplicação,Sub A,lhco,CI-329,SRE,Monitoramento,SIM,NAO,Manutenção Programada,Ajuste de configuração,7716.456411971913
INC103109,2025-10-13 14:24:00,2025-10-13 15:17:22.149257388,2025-10-13 16:32:22.149257388,2 - Alta,Infraestrutura,Sub C,lsin,CI-259,NOC N2,Monitoramento,SIM,NAO,Manutenção Programada,Patch aplicado,3202.1492573873325
INC103110,2025-10-13 14:29:00,2025-10-13 14:53:10.932375024,2025-10-13 15:03:10.932375024,4 - Baixa,Aplicação,Sub B,lsin,CI-272,NOC N1,Monitoramento,NAO,NAO,Falha de Aplicação,Ajuste de configuração,1450.9323750263209
INC103111,2025-10-13 14:54:00,2025-10-13 17:32:33.679305270,2025-10-13 19:40:33.679305270,4 - Baixa,Rede,Sub B,lhco,CI-247,SRE,Monitoramento,NAO,NAO,Manutenção Programada,Ajuste de configuração,9513.679305272819
INC103112,2025-10-13 18:08:00,2025-10-13 21:04:55.336713816,2025-10-14 00:53:55.336713816,4 - Baixa,Banco de Dados,Sub B,lsin,CI-180,NOC N2,Monitoramento,NAO,NAO,Falha de Aplicação,Ajuste de configuração,10615.33671381749
INC103113,2025-10-13 18:10:00,2025-10-13 20:15:52.113584148,2025-10-13 22:24:52.113584148,3 - Média,Infraestrutura,Sub C,lsin,CI-219,SRE,Manual,SIM,NAO,Falha de Aplicação,Reinício de serviço,7552.11358415067
INC103114,2025-10-13 18:42:00,2025-10-13 19:16:42.194572866,2025-10-13 22:28:42.194572866,4 - Baixa,Banco de Dados,Sub A,lcem,CI-34,NOC N2,Monitoramento,NAO,NAO,Falha de Aplicação,Reinício de serviço,2082.194572864018
INC103115,2025-10-13 18:56:00,2025-10-13 19:30:37.142395248,2025-10-13 23:03:37.142395248,4 - Baixa,Infraestrutura,Sub A,lrev,CI-309,Suporte N3,Monitoramento,NAO,NAO,Falha de Rede,Reinício de serviço,2077.1423952494215
INC103116,2025-10-13 19:48:00,2025-10-13 22:30:16.381144601,2025-10-13 22:46:16.381144601,2 - Alta,Banco de Dados,Sub B,lhco,CI-53,NOC N2,Monitoramento,SIM,NAO,Falha de Aplicação,Reinício de serviço,9736.381144601679
INC103117,2025-10-13 20:58:00,2025-10-13 21:15:32.464119162,2025-10-14 01:07:32.464119162,3 - Média,Infraestrutura,Sub C,lhco,CI-326,NOC N1,Monitoramento,SIM,NAO,Manutenção Programada,Reinício de serviço,1052.4641191619396
INC103118,2025-10-13 22:30:00,2025-10-13 22:53:30.646247232,2025-10-14 01:53:30.646247232,4 - Baixa,Aplicação,Sub B,lsin,CI-91,SRE,Manual,NAO,NAO,Falha de Aplicação,Patch aplicado,1410.6462472338821
INC103119,2025-10-14 01:09:00,2025-10-14 05:07:31.218662076,2025-10-14 07:29:31.218662076,3 - Média,Aplicação,Sub A,lhco,CI-141,SRE,Monitoramento,SIM,NAO,Falha de Rede,Patch aplicado,14311.2186620765
INC103120,2025-10-14 04:35:00,2025-10-14 06:24:38.993470380,2025-10-14 07:29:38.993470380,4 - Baixa,Banco de Dados,Sub A,lsin,CI-372,NOC N2,Monitoramento,NAO,NAO,Falha de Rede,Ajuste de configuração,6578.993470378572
INC103121,2025-10-14 07:04:00,2025-10-14 08:59:08.602137228,2025-10-14 12:17:08.602137228,3 - Média,Rede,Sub A,lrev,CI-25,Suporte N3,Manual,SIM,NAO,Manutenção Programada,Patch aplicado,6908.602137228474
INC103122,2025-10-14 07:36:00,2025-10-14 07:42:20.093200014,2025-10-14 08:52:20.093200014,3 - Média,Banco de Dados,Sub C,lsin,CI-314,SRE,Monitoramento,SIM,NAO,Falha de Aplicação,Patch aplicado,380.0932000166227
INC103123,2025-10-14 10:07:00,2025-10-14 11:59:09.719594952,2025-10-14 13:38:09.719594952,4 - Baixa,Banco de Dados,Sub B,lrev,CI-348,SRE,Monitoramento,NAO,NAO,Manutenção Programada,Reinício de serviço,6729.719594952075
INC103124,2025-10-14 10:35:00,2025-10-14 12:46:01.831488132,2025-10-14 13:01:01.831488132,2 - Alta,Banco de Dados,Sub A,lhvp,CI-174,SRE,Monitoramento,SIM,NAO,Falha de Rede,Patch aplicado,7861.831488132788
INC103125,2025-10-14 14:27:00,2025-10-14 16:00:29.604666396,2025-10-14 19:10:29.604666396,3 - Média,Aplicação,Sub C,lcem,CI-11,SRE,Monitoramento,SIM,NAO,Manutenção Programada,Patch aplicado,5609.604666393463
INC103126,2025-10-14 15:16:00,2025-10-14 16:01:32.738985899,2025-10-14 18:17:32.738985899,4 - Baixa,Banco de Dados,Sub C,lhvp,CI-330,SRE,Monitoramento,NAO,NAO,Falha de Aplicação,Ajuste de configuração,2732.738985897413
INC103127,2025-10-14 16:52:00,2025-10-14 17:52:44.572817526,2025-10-14 19:54:44.572817526,4 - Baixa,Infraestrutura,Sub C,lsin,CI-351,SRE,Manual,NAO,NAO,Falha de Rede,Reinício de serviço,3644.572817523689
INC103128,2025-10-14 17:44:00,2025-10-14 18:17:45.954036720,2025-10-14 19:35:45.954036720,4 - Baixa,Infraestrutura,Sub B,lcem,CI-312,NOC N1,Monitoramento,NAO,NAO,Manutenção Programada,Patch aplicado,2025.954036721555
INC103129,2025-10-14 18:38:00,2025-10-14 22:32:03.726065640,2025-10-15 02:10:03.726065640,2 - Alta,Rede,Sub C,lsin,CI-308,NOC N1,Manual,SIM,NAO,Falha de Rede,Reinício de serviço,14043.726065637722
INC103130,2025-10-14 18:47:00,2025-10-14 20:09:27.922554174,2025-10-14 23:01:27.922554174,3 - Média,Aplicação,Sub C,lhco,CI-93,NOC N1,Monitoramento,SIM,NAO,Falha de Rede,Ajuste de configuração,4947.922554175875
INC103131,2025-10-14 19:00:00,2025-10-14 23:38:54.601290540,2025-10-15 00:30:54.601290540,3 - Média,Rede,Sub A,lcem,CI-40,NOC N2,Monitoramento,SIM,NAO,Manutenção Programada,Reinício de serviço,16734.601290537088
INC103132,2025-10-14 20:42:00,2025-10-14 21:54:26.060329116,2025-10-15 00:57:26.060329116,3 - Média,Rede,Sub C,lsin,CI-233,Suporte N3,Monitoramento,SIM,NAO,Falha de Rede,Ajuste de configuração,4346.060329118645
INC103133,2025-10-14 22:18:00,2025-10-14 23:38:32.597549298,2025-10-15 02:58:32.597549298,4 - Baixa,Infraestrutura,Sub C,lhco,CI-85,NOC N1,Manual,NAO,NAO,Manutenção Programada,Ajuste de configuração,4832.597549296562
INC103134,2025-10-15 02:19:00,2025-10-15 02:39:19.419684696,2025-10-15 04:12:19.419684696,3 - Média,Infraestrutura,Sub B,lcem,CI-206,NOC N2,Monitoramento,SIM,NAO,Falha de Aplicação,Reinício de serviço,1219.419684697403
INC103135,2025-10-15 11:59:00,2025-10-15 12:38:01.031292360,2025-10-15 14:03:01.031292360,3 - Média,Infraestrutura,Sub A,lrev,CI-96,Suporte N3,Monitoramento,SIM,NAO,Falha de Aplicação,Reinício de serviço,2341.0312923626607
INC103136,2025-10-15 16:19:00,2025-10-15 16:53:01.125459390,2025-10-15 17:25:01.125459390,4 - Baixa,Banco de Dados,Sub A,lhco,CI-125,NOC N1,Monitoramento,NAO,NAO,Falha de Aplicação,Ajuste de configuração,2041.1254593896338
INC103137,2025-10-15 16:51:00,2025-10-15 17:04:52.007637972,2025-10-15 19:12:52.007637972,3 - Média,Banco de Dados,Sub B,lrev,CI-311,Suporte N3,Monitoramento,SIM,NAO,Erro de Configuração,Ajuste de configuração,832.0076379690967
INC103138,2025-10-15 18:50:00,2025-10-15 19:12:56.306373000,2025-10-15 21:40:56.306373000,3 - Média,Rede,Sub B,lsin,CI-298,NOC N2,Monitoramento,SIM,NAO,Erro de Configuração,Reinício de serviço,1376.30637299728
INC103139,2025-10-15 19:40:00,2025-10-15 20:01:59.717508552,2025-10-15 21:18:59.717508552,2 - Alta,Infraestrutura,Sub C,lsin,CI-204,NOC N1,Monitoramento,SIM,NAO,Erro de Configuração,Patch aplicado,1319.717508551336
INC103140,2025-10-15 21:52:00,2025-10-15 23:07:05.629349220,2025-10-16 02:02:05.629349220,4 - Baixa,Aplicação,Sub A,lhco,CI-370,SRE,Monitoramento,NAO,NAO,Erro de Configuração,Patch aplicado,4505.62934921872
INC103141,2025-10-15 22:42:00,2025-10-16 00:13:38.439666534,2025-10-16 00:54:38.439666534,3 - Média,Infraestrutura,Sub C,lsin,CI-137,SRE,Monitoramento,SIM,NAO,Manutenção Programada,Reinício de serviço,5498.43966653356
INC103142,2025-10-15 23:31:00,2025-10-15 23:39:41.318401170,2025-10-16 00:36:41.318401170,4 - Baixa,Banco de Dados,Sub A,lhvp,CI-273,NOC N2,Monitoramento,NAO,NAO,Manutenção Programada,Reinício de serviço,521.3184011698544
INC103143,2025-10-16 00:44:00,2025-10-16 02:57:22.168949556,2025-10-16 03:26:22.168949556,2 - Alta,Aplicação,Sub B,lsin,CI-199,Suporte N3,Manual,SIM,NAO,Manutenção Programada,Reinício de serviço,8002.1689495564
INC103144,2025-10-16 01:48:00,2025-10-16 02:27:19.131557448,2025-10-16 02:30:19.131557448,3 - Média,Banco de Dados,Sub A,lhco,CI-282,SRE,Monitoramento,SIM,NAO,Manutenção Programada,Ajuste de configuração,2359.131557448519
INC103145,2025-10-16 04:32:00,2025-10-16 04:59:28.590244788,2025-10-16 06:39:28.590244788,4 - Baixa,Rede,Sub B,lhco,CI-343,NOC N2,Monitoramento,NAO,NAO,Falha de Aplicação,Ajuste de configuração,1648.5902447897258
INC103146,2025-10-16 11:26:00,2025-10-16 11:45:48.015241488,2025-10-16 15:04:48.015241488,3 - Média,Banco de Dados,Sub C,lhco,CI-324,NOC N1,Manual,SIM,NAO,Falha de Rede,Reinício de serviço,1188.015241485083
INC103147,2025-10-16 13:23:00,2025-10-16 15:16:40.038221778,2025-10-16 15:43:40.038221778,4 - Baixa,Rede,Sub C,lsin,CI-150,SRE,Monitoramento,NAO,NAO,Manutenção Programada,Ajuste de configuração,6820.038221779551
INC103148,2025-10-16 14:15:00,2025-10-16 14:26:56.897236518,2025-10-16 18:18:56.897236518,2 - Alta,Rede,Sub B,lsin,CI-131,NOC N2,Manual,SIM,NAO,Manutenção Programada,Ajuste de configuração,716.8972365207015
INC103149,2025-10-16 20:25:00,2025-10-16 20:57:25.250584740,2025-10-16 21:28:25.250584740,3 - Média,Infraestrutura,Sub C,lhvp,CI-382,SRE,Monitoramento,SIM,NAO,Erro de Configuração,Reinício de serviço,1945.250584739824
INC103150,2025-10-16 20:38:00,2025-10-17 01:22:08.290536018,2025-10-17 03:32:08.290536018,3 - Média,Rede,Sub C,lhco,CI-294,Suporte N3,Monitoramento,SIM,NAO,Falha de Rede,Ajuste de configuração,17048.29053601545
INC103151,2025-10-17 00:56:00,2025-10-17 03:16:23.730375834,2025-10-17 03:43:23.730375834,3 - Média,Infraestrutura,Sub B,lhco,CI-3,Suporte N3,Monitoramento,SIM,NAO,Manutenção Programada,Patch aplicado,8423.730375833124
INC103152,2025-10-17 01:31:00,2025-10-17 03:59:26.398599222,2025-10-17 07:07:26.398599222,2 - Alta,Aplicação,Sub C,lhvp,CI-113,NOC N2,Monitoramento,SIM,NAO,Manutenção Programada,Patch aplicado,8906.398599224962
INC103153,2025-10-17 02:03:00,2025-10-17 05:05:07.502892984,2025-10-17 07:27:07.502892984,3 - Média,Infraestrutura,Sub B,lsin,CI-85,NOC N2,Monitoramento,SIM,NAO,Falha de Rede,Ajuste de configuração,10927.50289298587
INC103154,2025-10-17 05:49:00,2025-10-17 06:05:59.064107742,2025-10-17 09:53:59.064107742,3 - Média,Banco de Dados,Sub C,lrev,CI-324,NOC N1,Monitoramento,SIM,SIM,Falha de Rede,Reinício de serviço,1019.064107740593
INC103155,2025-10-17 06:12:00,2025-10-17 07:53:09.998357880,2025-10-17 10:02:09.998357880,4 - Baixa,Banco de Dados,Sub A,lsin,CI-39,NOC N2,Monitoramento,NAO,NAO,Manutenção Programada,Ajuste de configuração,6069.998357880806
INC103156,2025-10-17 08:49:00,2025-10-17 10:24:01.576566546,2025-10-17 11:54:01.576566546,2 - Alta,Aplicação,Sub C,lsin,CI-280,Suporte N3,Monitoramento,SIM,NAO,Manutenção Programada,Reinício de serviço,5701.5765665450435
INC103157,2025-10-17 10:44:00,2025-10-17 11:37:51.666363090,2025-10-17 11:51:51.666363090,2 - Alta,Banco de Dados,Sub A,lrev,CI-271,SRE,Monitoramento,SIM,NAO,Falha de Aplicação,Patch aplicado,3231.6663630901385
INC103158,2025-10-17 10:54:00,2025-10-17 11:13:03.042191148,2025-10-17 15:00:03.042191148,2 - Alta,Infraestrutura,Sub C,lcem,CI-383,Suporte N3,Monitoramento,SIM,NAO,Falha de Aplicação,Patch aplicado,1143.0421911481058
INC103159,2025-10-17 11:15:00,2025-10-17 12:11:05.048245338,2025-10-17 13:21:05.048245338,4 - Baixa,Infraestrutura,Sub C,lcem,CI-34,SRE,Manual,NAO,NAO,Erro de Configuração,Reinício de serviço,3365.048245338786
INC103160,2025-10-17 16:51:00,2025-10-17 18:10:40.228130862,2025-10-17 18:28:40.228130862,3 - Média,Infraestrutura,Sub A,lhco,CI-177,SRE,Monitoramento,SIM,NAO,Falha de Rede,Patch aplicado,4780.228130863009
INC103161,2025-10-17 17:58:00,2025-10-17 18:30:12.223710996,2025-10-17 20:40:12.223710996,4 - Baixa,Rede,Sub A,lsin,CI-222,SRE,Monitoramento,NAO,NAO,Falha de Rede,Reinício de serviço,1932.2237109951236
INC103162,2025-10-17 18:11:00,2025-10-17 21:02:47.194342884,2025-10-17 22:13:47.194342884,2 - Alta,Aplicação,Sub B,lsin,CI-80,Suporte N3,Manual,SIM,NAO,Manutenção Programada,Ajuste de configuração,10307.194342883467
INC103163,2025-10-17 19:09:00,2025-10-17 20:35:48.048367242,2025-10-17 21:20:48.048367242,2 - Alta,Aplicação,Sub C,lsin,CI-91,SRE,Monitoramento,SIM,NAO,Falha de Rede,Reinício de serviço,5208.048367240444
INC103164,2025-10-17 19:12:00,2025-10-17 20:34:18.023300664,2025-10-17 20:59:18.023300664,3 - Média,Aplicação,Sub B,lsin,CI-74,NOC N2,Manual,SIM,NAO,Falha de Rede,Patch aplicado,4938.02330066697
INC103165,2025-10-18 00:08:00,2025-10-18 00:38:13.561815798,2025-10-18 03:26:13.561815798,3 - Média,Rede,Sub A,lhvp,CI-53,Suporte N3,Monitoramento,SIM,NAO,Erro de Configuração,Patch aplicado,1813.5618158007883
INC103166,2025-10-18 04:13:00,2025-10-18 05:43:14.026783950,2025-10-18 07:08:14.026783950,3 - Média,Banco de Dados,Sub A,lsin,CI-82,SRE,Manual,SIM,NAO,Falha de Rede,Ajuste de configuração,5414.026783947179
INC103167,2025-10-18 09:42:00,2025-10-18 11:04:59.956852446,2025-10-18 13:58:59.956852446,3 - Média,Aplicação,Sub C,lsin,CI-172,Suporte N3,Monitoramento,SIM,NAO,Erro de Configuração,Patch aplicado,4979.9568524476035
INC103168,2025-10-18 10:49:00,2025-10-18 12:47:02.190405606,2025-10-18 16:45:02.190405606,4 - Baixa,Banco de Dados,Sub A,lhco,CI-97,NOC N2,Manual,NAO,NAO,Erro de Configuração,Ajuste de configuração,7082.1904056050225
INC103169,2025-10-18 14:12:00,2025-10-18 14:36:04.355608566,2025-10-18 17:40:04.355608566,4 - Baixa,Infraestrutura,Sub A,lsin,CI-399,SRE,Monitoramento,NAO,NAO,Erro de Configuração,Reinício de serviço,1444.3556085688028
INC103170,2025-10-18 15:25:00,2025-10-18 15:59:12.587658954,2025-10-18 15:59:12.587658954,3 - Média,Rede,Sub C,lrev,CI-190,NOC N1,Monitoramento,SIM,NAO,Erro de Configuração,Patch aplicado,2052.587658953636
INC103171,2025-10-18 16:23:00,2025-10-18 17:21:35.887997058,2025-10-18 17:49:35.887997058,4 - Baixa,Aplicação,Sub B,lcem,CI-315,SRE,Monitoramento,NAO,NAO,Falha de Rede,Ajuste de configuração,3515.8879970600083
INC103172,2025-10-18 18:34:00,2025-10-18 19:22:20.979219384,2025-10-18 19:47:20.979219384,4 - Baixa,Banco de Dados,Sub A,lhco,CI-328,NOC N1,Manual,NAO,NAO,Falha de Rede,Reinício de serviço,2900.979219385028
INC103173,2025-10-18 21:29:00,2025-10-18 21:58:22.935417426,2025-10-19 01:05:22.935417426,4 - Baixa,Rede,Sub A,lsin,CI-382,SRE,Manual,NAO,NAO,Manutenção Programada,Patch aplicado,1762.9354174273367
INC103174,2025-10-18 23:35:00,2025-10-19 03:00:22.311535254,2025-10-19 04:14:22.311535254,2 - Alta,Rede,Sub B,lsin,CI-200,NOC N1,Monitoramento,SIM,NAO,Falha de Aplicação,Patch aplicado,12322.311535251021
INC103175,2025-10-19 00:32:00,2025-10-19 02:17:00.650804862,2025-10-19 04:24:00.650804862,4 - Baixa,Banco de Dados,Sub B,lsin,CI-266,SRE,Monitoramento,NAO,NAO,Falha de Rede,Patch aplicado,6300.650804860502
INC103176,2025-10-19 00:55:00,2025-10-19 01:39:20.360410494,2025-10-19 05:23:20.360410494,3 - Média,Banco de Dados,Sub A,lhco,CI-223,NOC N1,Monitoramento,SIM,NAO,Erro de Configuração,Ajuste de configuração,2660.3604104952087
INC103177,2025-10-19 01:41:00,2025-10-19 04:09:55.340462028,2025-10-19 06:39:55.340462028,4 - Baixa,Infraestrutura,Sub C,lhvp,CI-286,NOC N2,Manual,NAO,NAO,Falha de Rede,Ajuste de configuração,8935.340462026128
INC103178,2025-10-19 03:58:00,2025-10-19 05:15:06.826370892,2025-10-19 08:54:06.826370892,3 - Média,Infraestrutura,Sub C,lcem,CI-289,NOC N2,Monitoramento,SIM,NAO,Falha de Aplicação,Patch aplicado,4626.826370890197
INC103179,2025-10-19 04:28:00,2025-10-19 05:17:56.631065742,2025-10-19 06:25:56.631065742,3 - Média,Banco de Dados,Sub B,lcem,CI-371,Suporte N3,Monitoramento,SIM,NAO,Falha de Aplicação,Ajuste de configuração,2996.631065741162
INC103180,2025-10-19 05:08:00,2025-10-19 07:20:38.253392808,2025-10-19 09:59:38.253392808,4 - Baixa,Banco de Dados,Sub B,lhco,CI-357,SRE,Monitoramento,NAO,NAO,Erro de Configuração,Patch aplicado,7958.2533928077
INC103181,2025-10-19 06:46:00,2025-10-19 07:37:48.346437984,2025-10-19 10:32:48.346437984,3 - Média,Banco de Dados,Sub C,lhvp,CI-358,NOC N2,Monitoramento,SIM,NAO,Falha de Rede,Reinício de serviço,3108.346437983311
INC103182,2025-10-19 10:39:00,2025-10-19 12:44:33.817439976,2025-10-19 14:15:33.817439976,2 - Alta,Aplicação,Sub C,lrev,CI-15,NOC N2,Monitoramento,SIM,NAO,Falha de Aplicação,Patch aplicado,7533.817439973361
INC103183,2025-10-19 13:39:00,2025-10-19 14:25:58.670525928,2025-10-19 14:30:58.670525928,4 - Baixa,Rede,Sub B,lrev,CI-38,NOC N2,Monitoramento,NAO,NAO,Falha de Aplicação,Patch aplicado,2818.6705259299647
INC103184,2025-10-19 15:38:00,2025-10-19 18:38:27.319202832,2025-10-19 20:51:27.319202832,3 - Média,Infraestrutura,Sub C,lsin,CI-225,SRE,Monitoramento,SIM,NAO,Manutenção Programada,Ajuste de configuração,10827.319202831568
INC103185,2025-10-19 16:49:00,2025-10-19 17:27:28.754193654,2025-10-19 19:38:28.754193654,4 - Baixa,Banco de Dados,Sub A,lsin,CI-179,NOC N1,Monitoramento,NAO,NAO,Falha de Rede,Patch aplicado,2308.7541936551556
INC103186,2025-10-19 17:17:00,2025-10-19 20:27:36.300576558,2025-10-19 21:51:36.300576558,4 - Baixa,Rede,Sub B,lsin,CI-237,NOC N1,Monitoramento,NAO,NAO,Falha de Rede,Ajuste de configuração,11436.300576558971
INC103187,2025-10-19 18:11:00,2025-10-19 20:05:32.478572309,2025-10-19 21:58:32.478572309,4 - Baixa,Banco de Dados,Sub A,lsin,CI-303,SRE,Monitoramento,NAO,NAO,Falha de Aplicação,Patch aplicado,6872.478572307953
INC103188,2025-10-19 18:33:00,2025-10-19 21:50:33.502657728,2025-10-19 22:27:33.502657728,3 - Média,Aplicação,Sub A,lcem,CI-52,Suporte N3,Monitoramento,SIM,NAO,Manutenção Programada,Reinício de serviço,11853.502657725941
INC103189,2025-10-19 19:47:00,2025-10-19 20:20:34.362731658,2025-10-19 21:21:34.362731658,4 - Baixa,Banco de Dados,Sub A,lhco,CI-125,NOC N1,Monitoramento,NAO,NAO,Erro de Configuração,Reinício de serviço,2014.362731657229
INC103190,2025-10-19 23:13:00,2025-10-19 23:43:55.592776368,2025-10-20 03:32:55.592776368,3 - Média,Banco de Dados,Sub B,lcem,CI-238,NOC N1,Monitoramento,SIM,NAO,Erro de Configuração,Reinício de serviço,1855.5927763700026
INC103191,2025-10-20 00:21:00,2025-10-20 01:21:30.920452548,2025-10-20 04:28:30.920452548,3 - Média,Aplicação,Sub B,lhco,CI-242,Suporte N3,Monitoramento,SIM,NAO,Erro de Configuração,Patch aplicado,3630.920452549439
INC103192,2025-10-20 02:18:00,2025-10-20 02:33:39.003382926,2025-10-20 02:55:39.003382926,2 - Alta,Infraestrutura,Sub A,lhvp,CI-343,Suporte N3,Monitoramento,SIM,NAO,Falha de Rede,Patch aplicado,939.0033829286858
INC103193,2025-10-20 05:25:00,2025-10-20 05:28:52.790360142,2025-10-20 06:10:52.790360142,2 - Alta,Rede,Sub B,lhvp,CI-268,Suporte N3,Manual,SIM,NAO,Manutenção Programada,Ajuste de configuração,232.79036013941953
INC103194,2025-10-20 07:50:00,2025-10-20 08:59:55.471497600,2025-10-20 09:25:55.471497600,2 - Alta,Banco de Dados,Sub A,lcem,CI-239,NOC N1,Monitoramento,SIM,NAO,Manutenção Programada,Patch aplicado,4195.471497601053
INC103195,2025-10-20 09:18:00,2025-10-20 10:41:52.149719004,2025-10-20 13:29:52.149719004,2 - Alta,Aplicação,Sub A,lsin,CI-270,Suporte N3,Monitoramento,SIM,NAO,Erro de Configuração,Reinício de serviço,5032.1497190032605
INC103196,2025-10-20 09:39:00,2025-10-20 10:17:06.249454854,2025-10-20 10:30:06.249454854,4 - Baixa,Aplicação,Sub C,lhco,CI-272,Suporte N3,Monitoramento,NAO,NAO,Falha de Rede,Patch aplicado,2286.2494548523423
INC103197,2025-10-20 10:30:00,2025-10-20 10:49:37.018974804,2025-10-20 11:12:37.018974804,4 - Baixa,Banco de Dados,Sub B,lrev,CI-13,Suporte N3,Manual,NAO,NAO,Erro de Configuração,Reinício de serviço,1177.0189748010905
INC103198,2025-10-20 11:59:00,2025-10-20 12:42:47.305027692,2025-10-20 15:32:47.305027692,3 - Média,Rede,Sub B,lsin,CI-271,NOC N2,Monitoramento,SIM,NAO,Erro de Configuração,Patch aplicado,2627.3050276934855
INC103199,2025-10-20 15:08:00,2025-10-20 15:12:28.944357150,2025-10-20 15:40:28.944357150,3 - Média,Aplicação,Sub A,lrev,CI-226,Suporte N3,Manual,SIM,NAO,Falha de Rede,Reinício de serviço,268.9443571521193
INC103200,2025-10-20 15:08:00,2025-10-20 16:00:44.670359142,2025-10-20 18:10:44.670359142,3 - Média,Aplicação,Sub A,lsin,CI-50,NOC N1,Monitoramento,SIM,NAO,Falha de Aplicação,Patch aplicado,3164.6703591393966
INC103201,2025-10-20 19:45:00,2025-10-20 21:26:01.855637850,2025-10-20 23:42:01.855637850,3 - Média,Infraestrutura,Sub B,lsin,CI-119,NOC N1,Monitoramento,SIM,NAO,Falha de Rede,Patch aplicado,6061.855637848739
INC103202,2025-10-20 19:48:00,2025-10-20 22:48:23.551856358,2025-10-20 23:42:23.551856358,4 - Baixa,Infraestrutura,Sub C,lsin,CI-215,NOC N2,Monitoramento,NAO,NAO,Falha de Aplicação,Reinício de serviço,10823.551856358372
INC103203,2025-10-20 20:25:00,2025-10-20 21:24:46.150747002,2025-10-20 22:56:46.150747002,2 - Alta,Aplicação,Sub C,lsin,CI-329,SRE,Monitoramento,SIM,NAO,Manutenção Programada,Patch aplicado,3586.1507469999437
INC103204,2025-10-20 23:50:00,2025-10-21 00:38:07.207013466,2025-10-21 02:56:07.207013466,3 - Média,Aplicação,Sub C,lrev,CI-12,Suporte N3,Monitoramento,SIM,NAO,Erro de Configuração,Patch aplicado,2887.207013464377
INC103205,2025-10-21 04:18:00,2025-10-21 04:32:27.149682234,2025-10-21 07:13:27.149682234,3 - Média,Banco de Dados,Sub A,lsin,CI-361,SRE,Monitoramento,SIM,NAO,Falha de Aplicação,Reinício de serviço,867.1496822333384
INC103206,2025-10-21 05:39:00,2025-10-21 06:32:37.564148472,2025-10-21 09:23:37.564148472,4 - Baixa,Aplicação,Sub C,lcem,CI-44,NOC N2,Monitoramento,NAO,NAO,Manutenção Programada,Ajuste de configuração,3217.564148474043
INC103207,2025-10-21 08:42:00,2025-10-21 09:58:16.546847322,2025-10-21 12:53:16.546847322,2 - Alta,Rede,Sub B,lsin,CI-354,SRE,Monitoramento,SIM,NAO,Erro de Configuração,Ajuste de configuração,4576.546847322527
INC103208,2025-10-21 08:58:00,2025-10-21 10:28:24.249559776,2025-10-21 12:58:24.249559776,3 - Média,Banco de Dados,Sub B,lsin,CI-88,SRE,Monitoramento,SIM,NAO,Erro de Configuração,Reinício de serviço,5424.249559778263
INC103209,2025-10-21 10:57:00,2025-10-21 11:30:53.841406950,2025-10-21 14:54:53.841406950,3 - Média,Aplicação,Sub C,lsin,CI-34,Suporte N3,Manual,SIM,NAO,Falha de Aplicação,Patch aplicado,2033.8414069528212
INC103210,2025-10-21 13:02:00,2025-10-21 13:19:58.800883908,2025-10-21 15:07:58.800883908,4 - Baixa,Banco de Dados,Sub A,lsin,CI-129,Suporte N3,Monitoramento,NAO,NAO,Erro de Configuração,Patch aplicado,1078.8008839109311
INC103211,2025-10-21 13:04:00,2025-10-21 13:31:45.694852932,2025-10-21 15:04:45.694852932,3 - Média,Banco de Dados,Sub C,lhco,CI-327,SRE,Monitoramento,SIM,NAO,Manutenção Programada,Ajuste de configuração,1665.6948529295912
INC103212,2025-10-21 13:26:00,2025-10-21 15:35:57.552010470,2025-10-21 18:27:57.552010470,2 - Alta,Rede,Sub A,lsin,CI-257,SRE,Monitoramento,SIM,NAO,Manutenção Programada,Reinício de serviço,7797.552010471507
INC103213,2025-10-21 17:19:00,2025-10-21 18:04:12.104546412,2025-10-21 21:17:12.104546412,4 - Baixa,Aplicação,Sub C,lrev,CI-109,NOC N1,Monitoramento,NAO,NAO,Falha de Rede,Reinício de serviço,2712.1045464140398
INC103214,2025-10-21 22:21:00,2025-10-21 22:39:40.445934678,2025-10-22 02:30:40.445934678,3 - Média,Rede,Sub C,lsin,CI-2,Suporte N3,Monitoramento,SIM,NAO,Falha de Rede,Ajuste de configuração,1120.445934679017
INC103215,2025-10-22 00:29:00,2025-10-22 01:44:51.408889686,2025-10-22 02:44:51.408889686,4 - Baixa,Infraestrutura,Sub A,lsin,CI-264,NOC N2,Monitoramento,NAO,NAO,Manutenção Programada,Patch aplicado,4551.408889688593
INC103216,2025-10-22 02:48:00,2025-10-22 03:43:40.790853876,2025-10-22 07:08:40.790853876,3 - Média,Infraestrutura,Sub C,lsin,CI-57,NOC N1,Monitoramento,SIM,NAO,Erro de Configuração,Patch aplicado,3340.790853876483
INC103217,2025-10-22 05:37:00,2025-10-22 06:26:47.591590356,2025-10-22 08:39:47.591590356,2 - Alta,Infraestrutura,Sub C,lrev,CI-207,Suporte N3,Monitoramento,SIM,NAO,Erro de Configuração,Ajuste de configuração,2987.5915903541995
INC103218,2025-10-22 05:45:00,2025-10-22 06:01:01.238627238,2025-10-22 08:07:01.238627238,2 - Alta,Infraestrutura,Sub A,lhco,CI-126,NOC N2,Monitoramento,SIM,NAO,Manutenção Programada,Reinício de serviço,961.2386272370842
INC103219,2025-10-22 08:32:00,2025-10-22 09:01:56.763445098,2025-10-22 11:38:56.763445098,3 - Média,Aplicação,Sub B,lcem,CI-87,SRE,Monitoramento,SIM,NAO,Falha de Rede,Patch aplicado,1796.7634450965916
INC103220,2025-10-22 09:22:00,2025-10-22 13:48:21.173605998,2025-10-22 16:11:21.173605998,2 - Alta,Rede,Sub C,lhco,CI-119,SRE,Manual,SIM,NAO,Falha de Aplicação,Reinício de serviço,15981.173606000495
INC103221,2025-10-22 09:53:00,2025-10-22 10:40:32.545102560,2025-10-22 11:20:32.545102560,4 - Baixa,Infraestrutura,Sub A,lhvp,CI-93,Suporte N3,Monitoramento,NAO,NAO,Falha de Aplicação,Reinício de serviço,2852.545102558666
INC103222,2025-10-22 11:51:00,2025-10-22 14:52:47.307082422,2025-10-22 18:03:47.307082422,4 - Baixa,Rede,Sub C,lsin,CI-23,Suporte N3,Monitoramento,NAO,NAO,Manutenção Programada,Patch aplicado,10907.307082423466
INC103223,2025-10-22 12:00:00,2025-10-22 13:58:22.737304338,2025-10-22 15:37:22.737304338,2 - Alta,Aplicação,Sub C,lhco,CI-156,NOC N1,Monitoramento,SIM,NAO,Falha de Aplicação,Reinício de serviço,7102.7373043368725
INC103224,2025-10-22 15:56:00,2025-10-22 16:39:20.257437288,2025-10-22 17:29:20.257437288,3 - Média,Banco de Dados,Sub A,lsin,CI-279,Suporte N3,Monitoramento,SIM,NAO,Manutenção Programada,Ajuste de configuração,2600.2574372890663
INC103225,2025-10-22 17:26:00,2025-10-22 19:50:48.925857822,2025-10-22 21:28:48.925857822,4 - Baixa,Infraestrutura,Sub B,lhco,CI-127,Suporte N3,Monitoramento,NAO,NAO,Falha de Rede,Ajuste de configuração,8688.92585782152
INC103226,2025-10-23 02:56:00,2025-10-23 05:55:59.008493748,2025-10-23 09:37:59.008493748,3 - Média,Banco de Dados,Sub A,lcem,CI-86,Suporte N3,Monitoramento,SIM,NAO,Falha de Rede,Ajuste de configuração,10799.008493745287
INC103227,2025-10-23 07:07:00,2025-10-23 08:34:58.998426036,2025-10-23 09:52:58.998426036,3 - Média,Banco de Dados,Sub C,lhvp,CI-215,Suporte N3,Monitoramento,SIM,NAO,Manutenção Programada,Reinício de serviço,5278.998426038563
INC103228,2025-10-23 13:17:00,2025-10-23 15:15:29.324726472,2025-10-23 18:13:29.324726472,2 - Alta,Infraestrutura,Sub C,lsin,CI-28,NOC N1,Monitoramento,SIM,NAO,Falha de Aplicação,Reinício de serviço,7109.324726474318
INC103229,2025-10-23 18:30:00,2025-10-23 19:57:49.461151842,2025-10-23 21:12:49.461151842,3 - Média,Aplicação,Sub C,lsin,CI-292,NOC N2,Monitoramento,SIM,NAO,Erro de Configuração,Ajuste de configuração,5269.46115184421
INC103230,2025-10-23 19:21:00,2025-10-23 20:34:02.479467540,2025-10-23 22:37:02.479467540,4 - Baixa,Banco de Dados,Sub B,lrev,CI-234,Suporte N3,Monitoramento,NAO,NAO,Erro de Configuração,Ajuste de configuração,4382.479467541594
INC103231,2025-10-23 20:52:00,2025-10-23 23:24:46.482374340,2025-10-24 00:10:46.482374340,3 - Média,Rede,Sub C,lsin,CI-336,SRE,Monitoramento,SIM,NAO,Falha de Rede,Patch aplicado,9166.482374340076
INC103232,2025-10-23 22:07:00,2025-10-23 22:31:05.518464966,2025-10-24 00:18:05.518464966,4 - Baixa,Banco de Dados,Sub B,lhco,CI-180,Suporte N3,Monitoramento,NAO,NAO,Falha de Aplicação,Patch aplicado,1445.5184649654743
INC103233,2025-10-23 22:32:00,2025-10-23 23:27:29.321699346,2025-10-24 01:32:29.321699346,3 - Média,Banco de Dados,Sub A,lsin,CI-150,SRE,Monitoramento,SIM,NAO,Falha de Rede,Patch aplicado,3329.3216993457713
INC103234,2025-10-23 22:38:00,2025-10-23 23:00:05.700974214,2025-10-24 01:01:05.700974214,3 - Média,Infraestrutura,Sub C,lhco,CI-91,SRE,Monitoramento,SIM,NAO,Falha de Rede,Patch aplicado,1325.7009742135199
INC103235,2025-10-24 01:33:00,2025-10-24 03:12:17.492946552,2025-10-24 06:10:17.492946552,3 - Média,Infraestrutura,Sub C,lsin,CI-128,NOC N1,Monitoramento,SIM,NAO,Manutenção Programada,Ajuste de configuração,5957.492946553949
INC103236,2025-10-24 01:50:00,2025-10-24 02:55:54.319283478,2025-10-24 06:24:54.319283478,2 - Alta,Banco de Dados,Sub A,lsin,CI-338,Suporte N3,Monitoramento,SIM,NAO,Erro de Configuração,Ajuste de configuração,3954.3192834755755
INC103237,2025-10-24 05:03:00,2025-10-24 06:02:17.461795422,2025-10-24 07:13:17.461795422,4 - Baixa,Aplicação,Sub C,lhco,CI-41,Suporte N3,Monitoramento,NAO,NAO,Manutenção Programada,Ajuste de configuração,3557.461795424702
INC103238,2025-10-24 05:14:00,2025-10-24 07:21:36.890546700,2025-10-24 10:43:36.890546700,2 - Alta,Infraestrutura,Sub A,lhco,CI-220,NOC N1,Monitoramento,SIM,NAO,Falha de Aplicação,Patch aplicado,7656.89054670192
INC103239,2025-10-24 11:41:00,2025-10-24 12:45:26.006509344,2025-10-24 14:46:26.006509344,3 - Média,Aplicação,Sub C,lcem,CI-321,NOC N1,Monitoramento,SIM,NAO,Erro de Configuração,Patch aplicado,3866.006509342067
INC103240,2025-10-24 16:29:00,2025-10-24 18:33:52.459450956,2025-10-24 19:37:52.459450956,2 - Alta,Aplicação,Sub A,lhvp,CI-31,Suporte N3,Monitoramento,SIM,NAO,Erro de Configuração,Reinício de serviço,7492.459450953091
INC103241,2025-10-24 19:55:00,2025-10-24 21:24:44.655345564,2025-10-24 22:28:44.655345564,3 - Média,Banco de Dados,Sub B,lhco,CI-107,NOC N2,Monitoramento,SIM,NAO,Falha de Rede,Ajuste de configuração,5384.655345561071
INC103242,2025-10-24 21:16:00,2025-10-24 23:17:54.251403516,2025-10-25 01:45:54.251403516,4 - Baixa,Aplicação,Sub C,lsin,CI-151,Suporte N3,Manual,NAO,NAO,Falha de Aplicação,Patch aplicado,7314.251403513167
INC103243,2025-10-24 21:40:00,2025-10-24 22:03:07.612706736,2025-10-24 23:58:07.612706736,3 - Média,Rede,Sub A,lsin,CI-183,Suporte N3,Manual,SIM,NAO,Manutenção Programada,Patch aplicado,1387.6127067372809
INC103244,2025-10-24 21:51:00,2025-10-24 22:49:56.305213014,2025-10-25 00:55:56.305213014,4 - Baixa,Infraestrutura,Sub C,lsin,CI-279,NOC N2,Monitoramento,NAO,NAO,Falha de Aplicação,Reinício de serviço,3536.3052130137817
INC103245,2025-10-24 22:39:00,2025-10-24 23:03:43.647072624,2025-10-24 23:40:43.647072624,3 - Média,Aplicação,Sub C,lsin,CI-232,NOC N1,Monitoramento,SIM,NAO,Manutenção Programada,Reinício de serviço,1483.6470726226783
INC103246,2025-10-24 23:03:00,2025-10-25 00:28:30.851869338,2025-10-25 03:13:30.851869338,4 - Baixa,Infraestrutura,Sub C,lhvp,CI-301,NOC N1,Monitoramento,NAO,NAO,Manutenção Programada,Reinício de serviço,5130.851869336198
INC103247,2025-10-25 02:00:00,2025-10-25 02:55:24.585738096,2025-10-25 03:25:24.585738096,2 - Alta,Banco de Dados,Sub A,lhco,CI-74,NOC N2,Monitoramento,SIM,NAO,Falha de Aplicação,Reinício de serviço,3324.5857380935468
INC103248,2025-10-25 02:10:00,2025-10-25 03:23:01.542884022,2025-10-25 06:04:01.542884022,3 - Média,Infraestrutura,Sub A,lsin,CI-30,NOC N2,Monitoramento,SIM,NAO,Falha de Rede,Reinício de serviço,4381.5428840201475
INC103249,2025-10-25 02:10:00,2025-10-25 02:40:47.532740286,2025-10-25 05:17:47.532740286,2 - Alta,Rede,Sub A,lsin,CI-93,NOC N2,Monitoramento,SIM,NAO,Erro de Configuração,Ajuste de configuração,1847.5327402871187
INC103250,2025-10-25 02:19:00,2025-10-25 03:35:39.806379432,2025-10-25 06:19:39.806379432,4 - Baixa,Rede,Sub A,lrev,CI-122,Suporte N3,Manual,NAO,NAO,Erro de Configuração,Patch aplicado,4599.806379429721
INC103251,2025-10-25 08:34:00,2025-10-25 10:31:53.412529668,2025-10-25 10:34:53.412529668,4 - Baixa,Rede,Sub A,lhvp,CI-16,SRE,Monitoramento,NAO,NAO,Manutenção Programada,Reinício de serviço,7073.412529669432
INC103252,2025-10-25 09:03:00,2025-10-25 09:22:04.264798925,2025-10-25 13:14:04.264798925,3 - Média,Infraestrutura,Sub C,lhvp,CI-143,SRE,Monitoramento,SIM,NAO,Erro de Configuração,Reinício de serviço,1144.264798927173
INC103253,2025-10-25 09:43:00,2025-10-25 10:06:06.207687744,2025-10-25 12:42:06.207687744,4 - Baixa,Infraestrutura,Sub B,lrev,CI-225,Suporte N3,Monitoramento,NAO,NAO,Manutenção Programada,Patch aplicado,1386.2076877426891
INC103254,2025-10-25 11:34:00,2025-10-25 13:05:06.902914398,2025-10-25 15:08:06.902914398,3 - Média,Banco de Dados,Sub A,lhco,CI-93,NOC N2,Monitoramento,SIM,NAO,Falha de Aplicação,Ajuste de configuração,5466.902914399412
INC103255,2025-10-25 13:06:00,2025-10-25 16:28:54.362447124,2025-10-25 18:01:54.362447124,4 - Baixa,Banco de Dados,Sub C,lcem,CI-377,NOC N1,Monitoramento,NAO,NAO,Erro de Configuração,Patch aplicado,12174.362447121803
INC103256,2025-10-25 13:48:00,2025-10-25 14:33:02.447481918,2025-10-25 16:24:02.447481918,2 - Alta,Banco de Dados,Sub B,lhco,CI-122,SRE,Monitoramento,SIM,NAO,Falha de Aplicação,Ajuste de configuração,2702.4474819166303
INC103257,2025-10-25 14:12:00,2025-10-25 16:07:17.882663112,2025-10-25 16:21:17.882663112,3 - Média,Rede,Sub C,lsin,CI-1,NOC N1,Monitoramento,SIM,NAO,Manutenção Programada,Ajuste de configuração,6917.882663113591
INC103258,2025-10-25 15:06:00,2025-10-25 17:18:33.466985760,2025-10-25 19:13:33.466985760,2 - Alta,Aplicação,Sub B,lhco,CI-169,SRE,Manual,SIM,NAO,Falha de Aplicação,Reinício de serviço,7953.466985761933
INC103259,2025-10-25 18:43:00,2025-10-25 19:18:00.775505172,2025-10-25 22:25:00.775505172,3 - Média,Rede,Sub A,lsin,CI-112,Suporte N3,Monitoramento,SIM,NAO,Erro de Configuração,Reinício de serviço,2100.775505174617
INC103260,2025-10-26 00:05:00,2025-10-26 00:54:22.714496532,2025-10-26 04:45:22.714496532,3 - Média,Rede,Sub A,lsin,CI-117,SRE,Monitoramento,SIM,NAO,Falha de Rede,Reinício de serviço,2962.714496530153
INC103261,2025-10-26 03:28:00,2025-10-26 04:47:15.388172610,2025-10-26 05:40:15.388172610,3 - Média,Aplicação,Sub B,lsin,CI-66,NOC N2,Monitoramento,SIM,NAO,Erro de Configuração,Reinício de serviço,4755.388172607399
INC103262,2025-10-26 04:03:00,2025-10-26 05:50:24.837530862,2025-10-26 06:18:24.837530862,4 - Baixa,Banco de Dados,Sub B,lhco,CI-113,Suporte N3,Monitoramento,NAO,NAO,Falha de Aplicação,Ajuste de configuração,6444.837530861466
INC103263,2025-10-26 07:18:00,2025-10-26 10:05:33.744312042,2025-10-26 13:08:33.744312042,3 - Média,Infraestrutura,Sub A,lcem,CI-53,Suporte N3,Monitoramento,SIM,NAO,Erro de Configuração,Reinício de serviço,10053.744312039345
INC103264,2025-10-26 08:22:00,2025-10-26 08:48:12.645667314,2025-10-26 09:31:12.645667314,3 - Média,Infraestrutura,Sub B,lhco,CI-22,SRE,Manual,SIM,NAO,Erro de Configuração,Ajuste de configuração,1572.64566731531
INC103265,2025-10-26 10:59:00,2025-10-26 12:19:06.927487308,2025-10-26 14:15:06.927487308,4 - Baixa,Infraestrutura,Sub B,lrev,CI-181,Suporte N3,Monitoramento,NAO,NAO,Falha de Aplicação,Reinício de serviço,4806.927487306507
INC103266,2025-10-26 11:26:00,2025-10-26 14:54:47.563780164,2025-10-26 15:27:47.563780164,4 - Baixa,Aplicação,Sub A,lhvp,CI-289,NOC N1,Monitoramento,NAO,NAO,Falha de Aplicação,Patch aplicado,12527.56378016364
INC103267,2025-10-26 13:08:00,2025-10-26 13:55:17.123000202,2025-10-26 15:14:17.123000202,3 - Média,Banco de Dados,Sub B,lhvp,CI-370,SRE,Monitoramento,SIM,NAO,Manutenção Programada,Ajuste de configuração,2837.123000202352
INC103268,2025-10-26 15:54:00,2025-10-26 17:33:05.099014968,2025-10-26 20:59:05.099014968,3 - Média,Banco de Dados,Sub A,lsin,CI-130,NOC N1,Monitoramento,SIM,NAO,Falha de Aplicação,Reinício de serviço,5945.099014969316
INC103269,2025-10-26 23:47:00,2025-10-27 01:22:25.692023508,2025-10-27 01:35:25.692023508,2 - Alta,Infraestrutura,Sub C,lhvp,CI-152,NOC N2,Monitoramento,SIM,NAO,Falha de Rede,Reinício de serviço,5725.692023508733
INC103270,2025-10-27 00:00:00,2025-10-27 03:05:14.670116370,2025-10-27 06:08:14.670116370,2 - Alta,Infraestrutura,Sub C,lrev,CI-373,NOC N2,Monitoramento,SIM,NAO,Falha de Aplicação,Patch aplicado,11114.670116367188
INC103271,2025-10-27 03:32:00,2025-10-27 04:19:08.177006826,2025-10-27 06:30:08.177006826,4 - Baixa,Rede,Sub A,lhco,CI-12,NOC N1,Monitoramento,NAO,NAO,Erro de Configuração,Reinício de serviço,2828.1770068249452
INC103272,2025-10-27 05:13:00,2025-10-27 06:05:23.640278976,2025-10-27 09:00:23.640278976,3 - Média,Infraestrutura,Sub A,lhco,CI-143,Suporte N3,Monitoramento,SIM,NAO,Falha de Rede,Ajuste de configuração,3143.6402789743065
INC103273,2025-10-27 06:23:00,2025-10-27 06:56:36.851593812,2025-10-27 07:29:36.851593812,3 - Média,Rede,Sub A,lsin,CI-395,NOC N2,Monitoramento,SIM,NAO,Erro de Configuração,Ajuste de configuração,2016.8515938149067
INC103274,2025-10-27 06:33:00,2025-10-27 10:31:26.823395952,2025-10-27 11:03:26.823395952,4 - Baixa,Aplicação,Sub B,lcem,CI-205,NOC N1,Monitoramento,NAO,NAO,Falha de Rede,Reinício de serviço,14306.823395950863
INC103275,2025-10-27 09:07:00,2025-10-27 09:46:20.942260218,2025-10-27 10:47:20.942260218,4 - Baixa,Infraestrutura,Sub B,lcem,CI-317,NOC N2,Monitoramento,NAO,NAO,Manutenção Programada,Reinício de serviço,2360.9422602197087
INC103276,2025-10-27 09:08:00,2025-10-27 10:59:30.052385562,2025-10-27 13:38:30.052385562,2 - Alta,Banco de Dados,Sub A,lsin,CI-372,Suporte N3,Manual,SIM,NAO,Falha de Rede,Patch aplicado,6690.052385564283
INC103277,2025-10-27 10:32:00,2025-10-27 11:26:22.007193618,2025-10-27 13:49:22.007193618,3 - Média,Banco de Dados,Sub B,lsin,CI-269,SRE,Monitoramento,SIM,NAO,Manutenção Programada,Patch aplicado,3262.007193616446
INC103278,2025-10-27 14:09:00,2025-10-27 14:42:23.578587798,2025-10-27 15:43:23.578587798,4 - Baixa,Rede,Sub C,lcem,CI-162,NOC N1,Monitoramento,NAO,NAO,Erro de Configuração,Reinício de serviço,2003.578587795657
INC103279,2025-10-27 15:28:00,2025-10-27 16:59:20.875609014,2025-10-27 20:50:20.875609014,2 - Alta,Banco de Dados,Sub B,lsin,CI-123,SRE,Monitoramento,SIM,NAO,Falha de Rede,Patch aplicado,5480.8756090115685
INC103280,2025-10-27 19:04:00,2025-10-27 20:04:15.631770132,2025-10-27 21:05:15.631770132,4 - Baixa,Rede,Sub B,lhco,CI-192,NOC N1,Monitoramento,NAO,NAO,Falha de Aplicação,Ajuste de configuração,3615.631770131722
INC103281,2025-10-27 19:19:00,2025-10-27 21:40:53.115378108,2025-10-28 01:02:53.115378108,2 - Alta,Banco de Dados,Sub C,lsin,CI-255,NOC N1,Monitoramento,SIM,NAO,Manutenção Programada,Patch aplicado,8513.115378109756
INC103282,2025-10-27 19:25:00,2025-10-27 20:30:04.405578864,2025-10-27 20:57:04.405578864,3 - Média,Infraestrutura,Sub A,lsin,CI-385,SRE,Monitoramento,SIM,NAO,Erro de Configuração,Reinício de serviço,3904.4055788644473
INC103283,2025-10-27 19:46:00,2025-10-27 21:40:55.418501754,2025-10-27 22:35:55.418501754,2 - Alta,Infraestrutura,Sub B,lhvp,CI-46,SRE,Monitoramento,SIM,NAO,Erro de Configuração,Patch aplicado,6895.418501754502
INC103284,2025-10-27 21:46:00,2025-10-27 22:43:09.598722408,2025-10-28 00:59:09.598722408,3 - Média,Rede,Sub C,lhco,CI-344,Suporte N3,Monitoramento,SIM,NAO,Manutenção Programada,Patch aplicado,3429.5987224080104
INC103285,2025-10-28 00:47:00,2025-10-28 01:48:50.373531726,2025-10-28 03:03:50.373531726,4 - Baixa,Aplicação,Sub C,lhco,CI-314,SRE,Monitoramento,NAO,NAO,Falha de Rede,Patch aplicado,3710.373531726841
INC103286,2025-10-28 01:26:00,2025-10-28 02:49:59.476024638,2025-10-28 05:28:59.476024638,2 - Alta,Banco de Dados,Sub A,lhco,CI-269,SRE,Monitoramento,SIM,NAO,Manutenção Programada,Reinício de serviço,5039.476024636193
INC103287,2025-10-28 02:07:00,2025-10-28 03:18:36.411176544,2025-10-28 03:35:36.411176544,3 - Média,Aplicação,Sub A,lsin,CI-376,SRE,Monitoramento,SIM,NAO,Manutenção Programada,Ajuste de configuração,4296.411176542015
INC103288,2025-10-28 05:16:00,2025-10-28 09:14:13.786857300,2025-10-28 09:18:13.786857300,4 - Baixa,Infraestrutura,Sub A,lsin,CI-92,Suporte N3,Monitoramento,NAO,NAO,Falha de Aplicação,Patch aplicado,14293.786857302559
INC103289,2025-10-28 05:27:00,2025-10-28 09:36:13.167610890,2025-10-28 11:56:13.167610890,2 - Alta,Infraestrutura,Sub A,lcem,CI-21,NOC N1,Monitoramento,SIM,NAO,Falha de Rede,Reinício de serviço,14953.16761088875
INC103290,2025-10-28 05:48:00,2025-10-28 06:49:37.892688936,2025-10-28 07:16:37.892688936,3 - Média,Infraestrutura,Sub B,lsin,CI-98,SRE,Monitoramento,SIM,NAO,Falha de Aplicação,Ajuste de configuração,3697.892688936246
INC103291,2025-10-28 09:13:00,2025-10-28 11:42:17.841325134,2025-10-28 15:21:17.841325134,2 - Alta,Aplicação,Sub B,lsin,CI-21,Suporte N3,Monitoramento,SIM,NAO,Manutenção Programada,Patch aplicado,8957.841325133646
INC103292,2025-10-28 11:08:00,2025-10-28 12:03:11.476672158,2025-10-28 12:30:11.476672158,4 - Baixa,Banco de Dados,Sub A,lsin,CI-182,NOC N1,Monitoramento,NAO,NAO,Manutenção Programada,Ajuste de configuração,3311.476672160774
INC103293,2025-10-28 12:50:00,2025-10-28 14:10:13.614248562,2025-10-28 15:36:13.614248562,3 - Média,Rede,Sub A,lcem,CI-328,NOC N2,Monitoramento,SIM,NAO,Manutenção Programada,Patch aplicado,4813.614248559214
INC103294,2025-10-28 13:26:00,2025-10-28 15:01:45.840134316,2025-10-28 17:07:45.840134316,4 - Baixa,Infraestrutura,Sub A,lsin,CI-374,NOC N2,Monitoramento,NAO,NAO,Manutenção Programada,Patch aplicado,5745.840134315404
INC103295,2025-10-28 14:15:00,2025-10-28 15:45:18.040393710,2025-10-28 16:03:18.040393710,4 - Baixa,Banco de Dados,Sub C,lsin,CI-228,NOC N1,Monitoramento,NAO,NAO,Falha de Aplicação,Reinício de serviço,5418.040393712165
INC103296,2025-10-28 16:38:00,2025-10-28 19:06:54.866927868,2025-10-28 20:02:54.866927868,4 - Baixa,Rede,Sub C,lcem,CI-381,SRE,Manual,NAO,NAO,Falha de Rede,Ajuste de configuração,8934.866927869276
INC103297,2025-10-28 16:59:00,2025-10-28 17:45:02.788355034,2025-10-28 19:46:02.788355034,4 - Baixa,Rede,Sub A,lhco,CI-48,NOC N2,Monitoramento,NAO,NAO,Erro de Configuração,Reinício de serviço,2762.788355036611
INC103298,2025-10-28 18:39:00,2025-10-29 01:41:20.892730692,2025-10-29 04:03:20.892730692,3 - Média,Banco de Dados,Sub C,lhco,CI-19,NOC N1,Monitoramento,SIM,NAO,Erro de Configuração,Patch aplicado,25340.892730693624
INC103299,2025-10-28 20:22:00,2025-10-28 21:51:22.439149644,2025-10-28 21:57:22.439149644,3 - Média,Infraestrutura,Sub A,lcem,CI-31,NOC N2,Monitoramento,SIM,NAO,Manutenção Programada,Patch aplicado,5362.4391496423
INC103300,2025-10-28 22:08:00,2025-10-28 22:41:53.939721474,2025-10-29 00:40:53.939721474,3 - Média,Infraestrutura,Sub B,lhco,CI-290,NOC N1,Monitoramento,SIM,NAO,Falha de Rede,Reinício de serviço,2033.939721475528
INC103301,2025-10-29 02:08:00,2025-10-29 03:48:26.204672064,2025-10-29 07:19:26.204672064,3 - Média,Banco de Dados,Sub A,lhco,CI-288,NOC N2,Monitoramento,SIM,NAO,Falha de Aplicação,Ajuste de configuração,6026.204672061135
INC103302,2025-10-29 03:22:00,2025-10-29 04:12:06.988534014,2025-10-29 05:43:06.988534014,3 - Média,Rede,Sub A,lsin,CI-378,NOC N1,Monitoramento,SIM,NAO,Manutenção Programada,Ajuste de configuração,3006.9885340111296
INC103303,2025-10-29 04:45:00,2025-10-29 07:29:17.356238262,2025-10-29 10:45:17.356238262,2 - Alta,Banco de Dados,Sub C,lcem,CI-65,NOC N2,Monitoramento,SIM,NAO,Falha de Aplicação,Reinício de serviço,9857.356238261833
INC103304,2025-10-29 04:45:00,2025-10-29 05:42:54.077601288,2025-10-29 06:22:54.077601288,3 - Média,Banco de Dados,Sub B,lhco,CI-119,NOC N1,Monitoramento,SIM,NAO,Erro de Configuração,Ajuste de configuração,3474.0776012888405
INC103305,2025-10-29 07:30:00,2025-10-29 08:17:30.802642914,2025-10-29 08:20:30.802642914,4 - Baixa,Rede,Sub B,lhco,CI-99,NOC N2,Monitoramento,NAO,NAO,Falha de Rede,Reinício de serviço,2850.8026429129277
INC103306,2025-10-29 07:47:00,2025-10-29 08:53:35.746022286,2025-10-29 10:45:35.746022286,3 - Média,Infraestrutura,Sub A,lhco,CI-316,NOC N1,Manual,SIM,NAO,Erro de Configuração,Ajuste de configuração,3995.746022285107
INC103307,2025-10-29 14:00:00,2025-10-29 14:10:04.378490250,2025-10-29 16:41:04.378490250,3 - Média,Rede,Sub B,lrev,CI-209,NOC N1,Monitoramento,SIM,NAO,Manutenção Programada,Reinício de serviço,604.3784902516642
INC103308,2025-10-29 15:05:00,2025-10-29 16:10:45.505238916,2025-10-29 17:04:45.505238916,4 - Baixa,Rede,Sub C,lsin,CI-15,NOC N1,Monitoramento,NAO,NAO,Falha de Rede,Reinício de serviço,3945.5052389147845
INC103309,2025-10-29 16:36:00,2025-10-29 17:12:38.074873710,2025-10-29 17:38:38.074873710,3 - Média,Aplicação,Sub C,lhco,CI-371,NOC N2,Monitoramento,SIM,NAO,Manutenção Programada,Ajuste de configuração,2198.0748737100766
INC103310,2025-10-30 04:11:00,2025-10-30 06:37:23.091763218,2025-10-30 08:42:23.091763218,3 - Média,Infraestrutura,Sub B,lsin,CI-169,NOC N2,Monitoramento,SIM,NAO,Manutenção Programada,Reinício de serviço,8783.091763215965
INC103311,2025-10-30 08:46:00,2025-10-30 12:08:02.233057800,2025-10-30 12:09:02.233057800,2 - Alta,Banco de Dados,Sub B,lcem,CI-251,NOC N2,Monitoramento,SIM,NAO,Falha de Aplicação,Patch aplicado,12122.233057797324
INC103312,2025-10-30 11:21:00,2025-10-30 11:44:29.280800688,2025-10-30 15:00:29.280800688,2 - Alta,Infraestrutura,Sub C,lhco,CI-75,NOC N1,Monitoramento,SIM,NAO,Falha de Aplicação,Ajuste de configuração,1409.2808006909524
INC103313,2025-10-30 12:03:00,2025-10-30 13:20:10.815264744,2025-10-30 13:59:10.815264744,3 - Média,Infraestrutura,Sub B,lcem,CI-236,NOC N1,Monitoramento,SIM,NAO,Manutenção Programada,Reinício de serviço,4630.815264744838
INC103314,2025-10-30 12:56:00,2025-10-30 13:26:18.645758574,2025-10-30 15:37:18.645758574,3 - Média,Aplicação,Sub C,lrev,CI-63,NOC N1,Manual,SIM,SIM,Falha de Aplicação,Ajuste de configuração,1818.6457585762137
INC103315,2025-10-30 14:04:00,2025-10-30 15:05:21.636421896,2025-10-30 17:02:21.636421896,3 - Média,Aplicação,Sub A,lcem,CI-301,Suporte N3,Monitoramento,SIM,NAO,Manutenção Programada,Reinício de serviço,3681.6364218971707
INC103316,2025-10-30 17:04:00,2025-10-30 18:45:27.850533180,2025-10-30 20:58:27.850533180,4 - Baixa,Rede,Sub A,lrev,CI-320,SRE,Monitoramento,NAO,NAO,Falha de Aplicação,Reinício de serviço,6087.850533181287
INC103317,2025-10-30 18:26:00,2025-10-30 18:44:53.684926812,2025-10-30 21:48:53.684926812,2 - Alta,Banco de Dados,Sub A,lcem,CI-198,NOC N1,Monitoramento,SIM,NAO,Erro de Configuração,Reinício de serviço,1133.6849268133537
INC103318,2025-10-30 21:06:00,2025-10-30 22:46:18.688073178,2025-10-30 22:55:18.688073178,4 - Baixa,Infraestrutura,Sub B,lsin,CI-32,SRE,Monitoramento,NAO,NAO,Manutenção Programada,Patch aplicado,6018.688073179691
INC103319,2025-10-30 22:56:00,2025-10-30 23:38:48.198275142,2025-10-31 01:56:48.198275142,4 - Baixa,Infraestrutura,Sub B,lsin,CI-317,Suporte N3,Monitoramento,NAO,NAO,Falha de Aplicação,Reinício de serviço,2568.198275141472
INC103320,2025-10-31 01:51:00,2025-10-31 02:44:04.922361996,2025-10-31 05:44:04.922361996,4 - Baixa,Banco de Dados,Sub B,lrev,CI-139,Suporte N3,Monitoramento,NAO,NAO,Erro de Configuração,Ajuste de configuração,3184.922361993843
INC103321,2025-10-31 04:58:00,2025-10-31 05:56:11.357323848,2025-10-31 09:37:11.357323848,4 - Baixa,Banco de Dados,Sub B,lhvp,CI-204,NOC N1,Manual,NAO,NAO,Falha de Aplicação,Reinício de serviço,3491.3573238499644
INC103322,2025-10-31 06:34:00,2025-10-31 07:19:09.775170120,2025-10-31 11:13:09.775170120,3 - Média,Aplicação,Sub A,lhco,CI-320,SRE,Monitoramento,SIM,NAO,Erro de Configuração,Patch aplicado,2709.7751701207817
INC103323,2025-10-31 08:59:00,2025-10-31 10:07:37.947154314,2025-10-31 12:31:37.947154314,3 - Média,Infraestrutura,Sub C,lsin,CI-310,SRE,Monitoramento,SIM,NAO,Falha de Aplicação,Patch aplicado,4117.947154313966
INC103324,2025-10-31 12:12:00,2025-10-31 13:12:06.046722942,2025-10-31 14:35:06.046722942,3 - Média,Rede,Sub B,lhvp,CI-273,NOC N2,Manual,SIM,NAO,Falha de Rede,Ajuste de configuração,3606.046722942075
INC103325,2025-10-31 13:40:00,2025-10-31 15:11:00.730416942,2025-10-31 16:01:00.730416942,4 - Baixa,Infraestrutura,Sub A,lcem,CI-36,NOC N2,Monitoramento,NAO,NAO,Falha de Aplicação,Reinício de serviço,5460.73041694018
INC103326,2025-10-31 15:13:00,2025-10-31 15:57:33.314652570,2025-10-31 18:59:33.314652570,2 - Alta,Rede,Sub B,lhco,CI-282,NOC N1,Monitoramento,SIM,NAO,Manutenção Programada,Ajuste de configuração,2673.3146525706557
INC103327,2025-10-31 16:52:00,2025-10-31 17:55:41.472552060,2025-10-31 20:27:41.472552060,4 - Baixa,Rede,Sub A,lhco,CI-111,NOC N1,Manual,NAO,NAO,Falha de Rede,Reinício de serviço,3821.472552061502
INC103328,2025-10-31 18:14:00,2025-10-31 20:50:17.801479992,2025-11-01 00:23:17.801479992,4 - Baixa,Infraestrutura,Sub C,lsin,CI-354,Suporte N3,Monitoramento,NAO,NAO,Manutenção Programada,Ajuste de configuração,9377.801479990274
INC103329,2025-10-31 18:46:00,2025-10-31 19:40:38.114224584,2025-10-31 23:30:38.114224584,3 - Média,Rede,Sub A,lsin,CI-25,NOC N2,Manual,SIM,NAO,Erro de Configuração,Patch aplicado,3278.1142245844094
INC103330,2025-10-31 20:32:00,2025-10-31 20:39:14.221792152,2025-10-31 21:16:14.221792152,2 - Alta,Rede,Sub A,lhco,CI-62,NOC N1,Monitoramento,SIM,NAO,Falha de Aplicação,Reinício de serviço,434.2217921493579
INC103331,2025-10-31 22:37:00,2025-11-01 00:32:49.225453110,2025-11-01 03:00:49.225453110,4 - Baixa,Infraestrutura,Sub C,lrev,CI-149,NOC N2,Monitoramento,NAO,NAO,Falha de Rede,Ajuste de configuração,6949.225453108993
INC103332,2025-10-31 23:50:00,2025-11-01 01:37:32.123187161,2025-11-01 04:12:32.123187161,2 - Alta,Banco de Dados,Sub A,lhco,CI-3,NOC N1,Monitoramento,SIM,NAO,Manutenção Programada,Reinício de serviço,6452.123187161628
INC103333,2025-11-01 00:11:00,2025-11-01 01:29:12.423755442,2025-11-01 02:17:12.423755442,3 - Média,Infraestrutura,Sub C,lcem,CI-113,SRE,Manual,SIM,NAO,Falha de Aplicação,Reinício de serviço,4692.4237554424935
INC103334,2025-11-01 00:43:00,2025-11-01 04:35:40.824174912,2025-11-01 07:56:40.824174912,3 - Média,Rede,Sub C,lsin,CI-218,SRE,Monitoramento,SIM,NAO,Falha de Aplicação,Ajuste de configuração,13960.824174910173
INC103335,2025-11-01 00:49:00,2025-11-01 02:59:05.223281010,2025-11-01 06:46:05.223281010,2 - Alta,Banco de Dados,Sub A,lsin,CI-60,NOC N2,Manual,SIM,NAO,Falha de Rede,Ajuste de configuração,7805.223281011241
INC103336,2025-11-01 02:58:00,2025-11-01 08:18:17.679693540,2025-11-01 10:10:17.679693540,3 - Média,Rede,Sub C,lsin,CI-189,SRE,Monitoramento,SIM,NAO,Falha de Rede,Reinício de serviço,19217.67969353842
INC103337,2025-11-01 03:22:00,2025-11-01 05:07:09.894495528,2025-11-01 06:48:09.894495528,3 - Média,Infraestrutura,Sub C,lcem,CI-99,SRE,Monitoramento,SIM,NAO,Falha de Aplicação,Ajuste de configuração,6309.894495526649
INC103338,2025-11-01 04:56:00,2025-11-01 05:27:29.304111990,2025-11-01 06:41:29.304111990,4 - Baixa,Rede,Sub B,lsin,CI-204,Suporte N3,Monitoramento,NAO,NAO,Manutenção Programada,Reinício de serviço,1889.3041119893296
INC103339,2025-11-01 05:02:00,2025-11-01 06:02:36.018625338,2025-11-01 09:23:36.018625338,4 - Baixa,Banco de Dados,Sub B,lhco,CI-231,SRE,Monitoramento,NAO,NAO,Erro de Configuração,Reinício de serviço,3636.018625336464
INC103340,2025-11-01 05:17:00,2025-11-01 09:02:31.877726292,2025-11-01 09:43:31.877726292,4 - Baixa,Infraestrutura,Sub B,lhvp,CI-166,Suporte N3,Monitoramento,NAO,NAO,Erro de Configuração,Reinício de serviço,13531.877726293202
INC103341,2025-11-01 11:23:00,2025-11-01 11:55:57.341511084,2025-11-01 13:12:57.341511084,4 - Baixa,Banco de Dados,Sub A,lhco,CI-232,Suporte N3,Monitoramento,NAO,NAO,Erro de Configuração,Ajuste de configuração,1977.3415110826713
INC103342,2025-11-01 12:07:00,2025-11-01 15:37:29.955380382,2025-11-01 19:24:29.955380382,2 - Alta,Rede,Sub B,lsin,CI-201,SRE,Monitoramento,SIM,NAO,Falha de Rede,Reinício de serviço,12629.955380384516
INC103343,2025-11-01 12:50:00,2025-11-01 15:04:29.017139064,2025-11-01 15:43:29.017139064,3 - Média,Aplicação,Sub B,lsin,CI-271,SRE,Monitoramento,SIM,NAO,Falha de Aplicação,Ajuste de configuração,8069.017139066749
INC103344,2025-11-01 14:43:00,2025-11-01 16:34:14.692663452,2025-11-01 19:01:14.692663452,3 - Média,Aplicação,Sub A,lsin,CI-128,SRE,Monitoramento,SIM,NAO,Erro de Configuração,Patch aplicado,6674.69266345371
INC103345,2025-11-01 14:55:00,2025-11-01 16:15:35.173726986,2025-11-01 16:36:35.173726986,2 - Alta,Aplicação,Sub A,lcem,CI-61,NOC N1,Manual,SIM,NAO,Falha de Rede,Reinício de serviço,4835.173726987683
INC103346,2025-11-01 17:37:00,2025-11-01 18:05:47.652237564,2025-11-01 18:39:47.652237564,3 - Média,Banco de Dados,Sub A,lcem,CI-282,NOC N2,Manual,SIM,NAO,Manutenção Programada,Ajuste de configuração,1727.6522375622735
INC103347,2025-11-01 18:07:00,2025-11-01 18:20:28.536636666,2025-11-01 20:02:28.536636666,3 - Média,Aplicação,Sub A,lsin,CI-178,NOC N1,Manual,SIM,NAO,Erro de Configuração,Ajuste de configuração,808.5366366684002
INC103348,2025-11-01 18:56:00,2025-11-01 21:20:12.644086914,2025-11-02 00:04:12.644086914,3 - Média,Banco de Dados,Sub C,lrev,CI-164,Suporte N3,Manual,SIM,NAO,Falha de Aplicação,Patch aplicado,8652.644086916825
INC103349,2025-11-01 19:02:00,2025-11-01 19:57:03.827281979,2025-11-01 22:39:03.827281979,4 - Baixa,Aplicação,Sub A,lsin,CI-37,NOC N1,Monitoramento,NAO,NAO,Falha de Rede,Reinício de serviço,3303.8272819805197
INC103350,2025-11-01 19:26:00,2025-11-01 21:21:14.125906110,2025-11-01 23:33:14.125906110,3 - Média,Rede,Sub B,lsin,CI-24,NOC N1,Monitoramento,SIM,NAO,Falha de Aplicação,Patch aplicado,6914.125906112408
INC103351,2025-11-01 20:15:00,2025-11-01 22:07:30.986759105,2025-11-02 01:49:30.986759105,3 - Média,Rede,Sub B,lsin,CI-248,NOC N2,Monitoramento,SIM,NAO,Erro de Configuração,Reinício de serviço,6750.9867591045595
INC103352,2025-11-01 23:38:00,2025-11-02 00:12:49.311013212,2025-11-02 02:56:49.311013212,4 - Baixa,Aplicação,Sub B,lhco,CI-236,NOC N1,Monitoramento,NAO,NAO,Manutenção Programada,Reinício de serviço,2089.3110132148245
INC103353,2025-11-02 05:05:00,2025-11-02 05:36:23.731339626,2025-11-02 08:12:23.731339626,4 - Baixa,Rede,Sub C,lhco,CI-171,NOC N2,Monitoramento,NAO,NAO,Erro de Configuração,Patch aplicado,1883.7313396281886
INC103354,2025-11-02 05:36:00,2025-11-02 06:45:50.589354594,2025-11-02 06:59:50.589354594,3 - Média,Aplicação,Sub A,lhco,CI-350,SRE,Monitoramento,SIM,NAO,Falha de Aplicação,Patch aplicado,4190.589354596546
INC103355,2025-11-02 07:59:00,2025-11-02 09:18:20.011861950,2025-11-02 12:19:20.011861950,4 - Baixa,Aplicação,Sub B,lsin,CI-375,NOC N1,Monitoramento,NAO,NAO,Manutenção Programada,Patch aplicado,4760.011861949474
INC103356,2025-11-02 08:40:00,2025-11-02 11:29:56.392596966,2025-11-02 14:22:56.392596966,2 - Alta,Rede,Sub B,lhvp,CI-381,NOC N1,Monitoramento,SIM,NAO,Falha de Rede,Ajuste de configuração,10196.39259696326
INC103357,2025-11-02 09:04:00,2025-11-02 09:28:41.688835134,2025-11-02 12:04:41.688835134,3 - Média,Aplicação,Sub C,lsin,CI-291,NOC N1,Manual,SIM,NAO,Falha de Rede,Reinício de serviço,1481.6888351315586
INC103358,2025-11-02 09:19:00,2025-11-02 11:33:39.123248898,2025-11-02 12:27:39.123248898,3 - Média,Aplicação,Sub A,lhco,CI-128,NOC N1,Monitoramento,SIM,NAO,Erro de Configuração,Patch aplicado,8079.123248899394
INC103359,2025-11-02 11:19:00,2025-11-02 12:53:52.627388154,2025-11-02 14:21:52.627388154,4 - Baixa,Aplicação,Sub B,lrev,CI-115,NOC N2,Monitoramento,NAO,NAO,Falha de Rede,Ajuste de configuração,5692.6273881551615
INC103360,2025-11-02 13:30:00,2025-11-02 14:02:55.949795766,2025-11-02 17:37:55.949795766,2 - Alta,Infraestrutura,Sub C,lcem,CI-127,NOC N1,Monitoramento,SIM,NAO,Erro de Configuração,Reinício de serviço,1975.9497957679587
INC103361,2025-11-02 16:02:00,2025-11-02 16:06:34.359368303,2025-11-02 19:11:34.359368303,3 - Média,Infraestrutura,Sub A,lhvp,CI-122,NOC N1,Monitoramento,SIM,NAO,Erro de Configuração,Ajuste de configuração,274.35936830245436
INC103362,2025-11-02 17:44:00,2025-11-02 20:41:39.677420724,2025-11-02 21:47:39.677420724,3 - Média,Infraestrutura,Sub A,lhco,CI-242,NOC N1,Monitoramento,SIM,NAO,Manutenção Programada,Patch aplicado,10659.677420726688
INC103363,2025-11-02 18:12:00,2025-11-02 19:14:04.301507712,2025-11-02 20:23:04.301507712,2 - Alta,Infraestrutura,Sub A,lrev,CI-77,NOC N1,Monitoramento,SIM,NAO,Erro de Configuração,Patch aplicado,3724.3015077106265
INC103364,2025-11-02 19:01:00,2025-11-02 20:41:57.613139490,2025-11-02 22:54:57.613139490,3 - Média,Rede,Sub A,lsin,CI-394,NOC N1,Monitoramento,SIM,NAO,Erro de Configuração,Reinício de serviço,6057.613139487284
INC103365,2025-11-02 22:01:00,2025-11-03 00:53:25.839085260,2025-11-03 04:49:25.839085260,2 - Alta,Infraestrutura,Sub A,lsin,CI-318,NOC N2,Monitoramento,SIM,NAO,Erro de Configuração,Ajuste de configuração,10345.839085259679
INC103366,2025-11-02 22:03:00,2025-11-02 22:48:15.231155610,2025-11-03 01:28:15.231155610,4 - Baixa,Rede,Sub B,lhco,CI-221,NOC N2,Monitoramento,NAO,NAO,Erro de Configuração,Patch aplicado,2715.2311556078494
INC103367,2025-11-02 23:07:00,2025-11-03 00:01:06.309122376,2025-11-03 03:17:06.309122376,2 - Alta,Rede,Sub A,lhco,CI-127,SRE,Monitoramento,SIM,NAO,Falha de Aplicação,Reinício de serviço,3246.3091223740603
INC103368,2025-11-02 23:14:00,2025-11-03 00:29:14.109508212,2025-11-03 01:51:14.109508212,2 - Alta,Infraestrutura,Sub B,lhco,CI-90,NOC N1,Monitoramento,SIM,NAO,Falha de Rede,Ajuste de configuração,4514.10950821407
INC103369,2025-11-03 01:14:00,2025-11-03 02:49:25.311040794,2025-11-03 06:46:25.311040794,3 - Média,Banco de Dados,Sub C,lcem,CI-242,SRE,Monitoramento,SIM,NAO,Falha de Aplicação,Patch aplicado,5725.311040791179
INC103370,2025-11-03 11:44:00,2025-11-03 12:33:24.718151346,2025-11-03 15:06:24.718151346,3 - Média,Infraestrutura,Sub A,lrev,CI-224,Suporte N3,Monitoramento,SIM,NAO,Falha de Aplicação,Ajuste de configuração,2964.7181513477685
INC103371,2025-11-03 13:58:00,2025-11-03 15:39:29.115138522,2025-11-03 19:04:29.115138522,4 - Baixa,Banco de Dados,Sub C,lcem,CI-319,NOC N2,Monitoramento,NAO,NAO,Manutenção Programada,Patch aplicado,6089.115138519472
INC103372,2025-11-03 15:23:00,2025-11-03 17:40:05.711984466,2025-11-03 20:23:05.711984466,4 - Baixa,Infraestrutura,Sub B,lsin,CI-171,SRE,Monitoramento,NAO,NAO,Manutenção Programada,Reinício de serviço,8225.711984467001
INC103373,2025-11-03 16:10:00,2025-11-03 19:29:53.015860134,2025-11-03 19:29:53.015860134,4 - Baixa,Rede,Sub C,lsin,CI-169,Suporte N3,Monitoramento,NAO,NAO,Falha de Aplicação,Patch aplicado,11993.01586013424
INC103374,2025-11-03 16:46:00,2025-11-03 18:14:40.562960172,2025-11-03 19:46:40.562960172,3 - Média,Rede,Sub B,lrev,CI-204,NOC N2,Monitoramento,SIM,NAO,Falha de Aplicação,Patch aplicado,5320.562960172845
INC103375,2025-11-03 17:48:00,2025-11-03 19:51:52.729270920,2025-11-03 20:38:52.729270920,3 - Média,Aplicação,Sub C,lrev,CI-189,Suporte N3,Monitoramento,SIM,NAO,Manutenção Programada,Reinício de serviço,7432.7292709213125
INC103376,2025-11-03 19:03:00,2025-11-03 19:36:34.915610598,2025-11-03 20:41:34.915610598,2 - Alta,Banco de Dados,Sub C,lsin,CI-220,SRE,Monitoramento,SIM,NAO,Falha de Aplicação,Patch aplicado,2014.9156106009307
INC103377,2025-11-03 19:32:00,2025-11-03 23:38:09.043453554,2025-11-04 03:11:09.043453554,4 - Baixa,Rede,Sub B,lsin,CI-387,NOC N1,Manual,NAO,NAO,Falha de Aplicação,Patch aplicado,14769.043453555754
INC103378,2025-11-03 20:02:00,2025-11-03 22:19:33.617598990,2025-11-04 00:35:33.617598990,3 - Média,Aplicação,Sub A,lhvp,CI-301,NOC N2,Monitoramento,SIM,NAO,Erro de Configuração,Patch aplicado,8253.617598988123
INC103379,2025-11-03 21:38:00,2025-11-03 22:14:24.550740378,2025-11-04 00:47:24.550740378,2 - Alta,Aplicação,Sub C,lrev,CI-69,Suporte N3,Monitoramento,SIM,NAO,Falha de Aplicação,Ajuste de configuração,2184.5507403779393
INC103380,2025-11-04 08:47:00,2025-11-04 11:37:41.390745438,2025-11-04 11:46:41.390745438,2 - Alta,Aplicação,Sub A,lsin,CI-264,NOC N2,Manual,SIM,NAO,Erro de Configuração,Patch aplicado,10241.39074543858
INC103381,2025-11-04 09:04:00,2025-11-04 10:05:46.399900374,2025-11-04 12:37:46.399900374,4 - Baixa,Infraestrutura,Sub B,lhco,CI-141,Suporte N3,Monitoramento,NAO,NAO,Erro de Configuração,Ajuste de configuração,3706.3999003718636
INC103382,2025-11-04 13:04:00,2025-11-04 14:00:00.154378722,2025-11-04 15:40:00.154378722,2 - Alta,Aplicação,Sub A,lrev,CI-276,NOC N2,Monitoramento,SIM,NAO,Manutenção Programada,Ajuste de configuração,3360.154378719795
INC103383,2025-11-04 13:45:00,2025-11-04 16:08:28.783588464,2025-11-04 18:05:28.783588464,3 - Média,Banco de Dados,Sub C,lsin,CI-349,NOC N2,Monitoramento,SIM,NAO,Erro de Configuração,Patch aplicado,8608.783588464852
INC103384,2025-11-04 15:47:00,2025-11-04 17:13:46.084592256,2025-11-04 19:24:46.084592256,3 - Média,Rede,Sub A,lsin,CI-191,NOC N2,Monitoramento,SIM,NAO,Falha de Rede,Reinício de serviço,5206.08459225334
INC103385,2025-11-04 19:25:00,2025-11-04 20:15:31.593953172,2025-11-04 23:31:31.593953172,3 - Média,Aplicação,Sub C,lsin,CI-358,NOC N1,Manual,SIM,NAO,Manutenção Programada,Ajuste de configuração,3031.59395317497
INC103386,2025-11-04 20:11:00,2025-11-04 22:03:59.870596650,2025-11-04 22:41:59.870596650,4 - Baixa,Rede,Sub A,lhco,CI-264,SRE,Monitoramento,NAO,NAO,Erro de Configuração,Patch aplicado,6779.870596651592
INC103387,2025-11-05 02:47:00,2025-11-05 03:52:03.589551276,2025-11-05 05:55:03.589551276,3 - Média,Infraestrutura,Sub B,lhvp,CI-153,NOC N2,Monitoramento,SIM,NAO,Erro de Configuração,Ajuste de configuração,3903.589551276395
INC103388,2025-11-05 07:23:00,2025-11-05 09:07:13.542333486,2025-11-05 11:04:13.542333486,3 - Média,Infraestrutura,Sub C,lsin,CI-107,NOC N1,Monitoramento,SIM,NAO,Erro de Configuração,Ajuste de configuração,6253.542333484985
INC103389,2025-11-05 08:07:00,2025-11-05 09:53:01.056211602,2025-11-05 13:40:01.056211602,4 - Baixa,Banco de Dados,Sub C,lsin,CI-173,NOC N1,Monitoramento,NAO,NAO,Manutenção Programada,Ajuste de configuração,6361.056211601567
INC103390,2025-11-05 09:05:00,2025-11-05 09:48:39.448919100,2025-11-05 10:01:39.448919100,3 - Média,Aplicação,Sub C,lrev,CI-245,SRE,Monitoramento,SIM,NAO,Falha de Aplicação,Patch aplicado,2619.4489190986874
INC103391,2025-11-05 09:13:00,2025-11-05 10:19:54.178299102,2025-11-05 11:58:54.178299102,4 - Baixa,Infraestrutura,Sub A,lcem,CI-104,Suporte N3,Manual,NAO,NAO,Erro de Configuração,Reinício de serviço,4014.178299102694
INC103392,2025-11-05 17:53:00,2025-11-05 19:03:33.637489787,2025-11-05 23:00:33.637489787,3 - Média,Banco de Dados,Sub A,lrev,CI-349,NOC N1,Monitoramento,SIM,NAO,Falha de Aplicação,Patch aplicado,4233.637489789027
INC103393,2025-11-05 22:45:00,2025-11-05 23:49:50.600657748,2025-11-06 02:36:50.600657748,2 - Alta,Banco de Dados,Sub A,lsin,CI-105,SRE,Monitoramento,SIM,NAO,Falha de Rede,Reinício de serviço,3890.6006577479084
INC103394,2025-11-05 23:47:00,2025-11-06 00:51:47.742186636,2025-11-06 02:06:47.742186636,2 - Alta,Rede,Sub A,lsin,CI-95,NOC N2,Manual,SIM,NAO,Falha de Rede,Ajuste de configuração,3887.742186634658
INC103395,2025-11-06 02:58:00,2025-11-06 07:10:46.293947754,2025-11-06 11:07:46.293947754,4 - Baixa,Aplicação,Sub B,lhvp,CI-254,NOC N1,Manual,NAO,NAO,Manutenção Programada,Ajuste de configuração,15166.293947752634
INC103396,2025-11-06 03:40:00,2025-11-06 04:23:39.342542178,2025-11-06 05:54:39.342542178,4 - Baixa,Banco de Dados,Sub C,lhco,CI-188,Suporte N3,Monitoramento,NAO,NAO,Erro de Configuração,Reinício de serviço,2619.342542176764
INC103397,2025-11-06 08:09:00,2025-11-06 10:22:01.411204584,2025-11-06 12:58:01.411204584,4 - Baixa,Aplicação,Sub C,lsin,CI-85,NOC N1,Monitoramento,NAO,NAO,Falha de Rede,Reinício de serviço,7981.411204586981
INC103398,2025-11-06 08:16:00,2025-11-06 09:17:37.959785262,2025-11-06 11:15:37.959785262,3 - Média,Infraestrutura,Sub A,lsin,CI-170,NOC N2,Monitoramento,SIM,NAO,Manutenção Programada,Ajuste de configuração,3697.9597852623715
INC103399,2025-11-06 08:30:00,2025-11-06 11:29:21.148677906,2025-11-06 14:50:21.148677906,3 - Média,Infraestrutura,Sub B,lhco,CI-99,SRE,Monitoramento,SIM,NAO,Manutenção Programada,Reinício de serviço,10761.14867790518
INC103400,2025-11-06 12:46:00,2025-11-06 16:12:11.788235622,2025-11-06 19:04:11.788235622,3 - Média,Infraestrutura,Sub C,lsin,CI-355,NOC N2,Monitoramento,SIM,NAO,Falha de Rede,Patch aplicado,12371.788235620314
INC103401,2025-11-06 15:09:00,2025-11-06 17:52:17.170681476,2025-11-06 20:21:17.170681476,3 - Média,Banco de Dados,Sub C,lhco,CI-208,Suporte N3,Monitoramento,SIM,NAO,Manutenção Programada,Ajuste de configuração,9797.17068147513
INC103402,2025-11-06 16:38:00,2025-11-06 18:59:00.598874508,2025-11-06 19:37:00.598874508,3 - Média,Infraestrutura,Sub C,lsin,CI-249,NOC N2,Monitoramento,SIM,NAO,Falha de Aplicação,Patch aplicado,8460.598874505722
INC103403,2025-11-06 17:34:00,2025-11-06 23:10:06.668729748,2025-11-06 23:51:06.668729748,3 - Média,Banco de Dados,Sub C,lcem,CI-23,Suporte N3,Monitoramento,SIM,NAO,Falha de Rede,Patch aplicado,20166.668729748955
INC103404,2025-11-06 18:41:00,2025-11-06 19:18:41.501219808,2025-11-06 19:40:41.501219808,3 - Média,Rede,Sub B,lsin,CI-301,Suporte N3,Monitoramento,SIM,NAO,Falha de Aplicação,Reinício de serviço,2261.501219805745
INC103405,2025-11-06 18:54:00,2025-11-06 20:41:50.374890252,2025-11-06 20:44:50.374890252,3 - Média,Rede,Sub A,lsin,CI-49,NOC N1,Monitoramento,SIM,NAO,Falha de Aplicação,Reinício de serviço,6470.374890253916
INC103406,2025-11-06 19:38:00,2025-11-06 20:19:43.559583270,2025-11-06 23:17:43.559583270,3 - Média,Banco de Dados,Sub A,lsin,CI-93,Suporte N3,Monitoramento,SIM,NAO,Manutenção Programada,Patch aplicado,2503.5595832716513
INC103407,2025-11-06 20:02:00,2025-11-06 22:30:18.420991698,2025-11-06 23:07:18.420991698,4 - Baixa,Infraestrutura,Sub C,lhco,CI-246,NOC N1,Monitoramento,NAO,NAO,Falha de Aplicação,Patch aplicado,8898.420991696654
INC103408,2025-11-06 20:15:00,2025-11-06 22:49:24.449049336,2025-11-07 02:17:24.449049336,3 - Média,Rede,Sub B,lrev,CI-72,NOC N1,Monitoramento,SIM,NAO,Falha de Rede,Reinício de serviço,9264.4490493355
INC103409,2025-11-06 20:18:00,2025-11-06 22:28:06.114864312,2025-11-07 00:14:06.114864312,4 - Baixa,Aplicação,Sub B,lcem,CI-369,NOC N2,Monitoramento,NAO,NAO,Manutenção Programada,Ajuste de configuração,7806.114864314694
INC103410,2025-11-06 21:17:00,2025-11-06 21:44:37.612674834,2025-11-07 01:08:37.612674834,4 - Baixa,Rede,Sub B,lsin,CI-44,NOC N1,Monitoramento,NAO,NAO,Erro de Configuração,Ajuste de configuração,1657.6126748325662
INC103411,2025-11-06 21:37:00,2025-11-06 21:45:27.345662544,2025-11-07 00:52:27.345662544,3 - Média,Banco de Dados,Sub C,lsin,CI-274,Suporte N3,Monitoramento,SIM,NAO,Manutenção Programada,Reinício de serviço,507.34566254437544
INC103412,2025-11-06 22:25:00,2025-11-06 23:59:44.708160810,2025-11-07 02:57:44.708160810,2 - Alta,Infraestrutura,Sub B,lrev,CI-341,NOC N1,Monitoramento,SIM,NAO,Falha de Aplicação,Ajuste de configuração,5684.708160812443
INC103413,2025-11-06 22:31:00,2025-11-06 22:45:44.614179876,2025-11-07 02:04:44.614179876,4 - Baixa,Infraestrutura,Sub A,lhvp,CI-246,NOC N2,Monitoramento,NAO,NAO,Erro de Configuração,Patch aplicado,884.6141798753795
INC103414,2025-11-06 23:48:00,2025-11-07 00:50:15.676934705,2025-11-07 03:35:15.676934705,3 - Média,Aplicação,Sub C,lhco,CI-207,Suporte N3,Monitoramento,SIM,NAO,Falha de Rede,Patch aplicado,3735.676934707927
INC103415,2025-11-07 03:48:00,2025-11-07 06:40:56.148231120,2025-11-07 07:20:56.148231120,2 - Alta,Infraestrutura,Sub A,lhco,CI-169,SRE,Monitoramento,SIM,NAO,Falha de Aplicação,Patch aplicado,10376.148231122215
INC103416,2025-11-07 05:28:00,2025-11-07 07:51:15.810863184,2025-11-07 08:47:15.810863184,3 - Média,Rede,Sub A,lsin,CI-216,NOC N2,Monitoramento,SIM,NAO,Falha de Rede,Ajuste de configuração,8595.810863184168
INC103417,2025-11-07 09:49:00,2025-11-07 11:07:27.023147064,2025-11-07 11:20:27.023147064,3 - Média,Aplicação,Sub B,lsin,CI-208,SRE,Monitoramento,SIM,NAO,Erro de Configuração,Ajuste de configuração,4707.023147063321
INC103418,2025-11-07 10:12:00,2025-11-07 10:42:26.184006078,2025-11-07 14:29:26.184006078,2 - Alta,Aplicação,Sub C,lcem,CI-375,NOC N2,Monitoramento,SIM,NAO,Falha de Aplicação,Ajuste de configuração,1826.184006077839
INC103419,2025-11-07 11:27:00,2025-11-07 15:04:34.727988474,2025-11-07 16:59:34.727988474,3 - Média,Banco de Dados,Sub A,lsin,CI-23,Suporte N3,Monitoramento,SIM,NAO,Erro de Configuração,Ajuste de configuração,13054.72798847155
INC103420,2025-11-07 13:07:00,2025-11-07 14:32:51.503805870,2025-11-07 14:46:51.503805870,3 - Média,Aplicação,Sub A,lsin,CI-314,NOC N2,Monitoramento,SIM,NAO,Manutenção Programada,Ajuste de configuração,5151.503805868803
INC103421,2025-11-07 15:08:00,2025-11-07 16:07:25.934306718,2025-11-07 20:06:25.934306718,2 - Alta,Banco de Dados,Sub C,lcem,CI-185,NOC N2,Monitoramento,SIM,NAO,Manutenção Programada,Reinício de serviço,3565.9343067165446
INC103422,2025-11-07 16:10:00,2025-11-07 16:54:27.072116598,2025-11-07 20:31:27.072116598,3 - Média,Banco de Dados,Sub C,lsin,CI-97,NOC N1,Monitoramento,SIM,NAO,Erro de Configuração,Ajuste de configuração,2667.07211659639
INC103423,2025-11-07 18:48:00,2025-11-07 20:33:14.674454994,2025-11-07 22:22:14.674454994,4 - Baixa,Aplicação,Sub C,lsin,CI-235,Suporte N3,Monitoramento,NAO,NAO,Erro de Configuração,Reinício de serviço,6314.67445499674
INC103424,2025-11-07 23:46:00,2025-11-08 00:42:56.211303456,2025-11-08 03:36:56.211303456,2 - Alta,Rede,Sub B,lsin,CI-18,NOC N1,Monitoramento,SIM,NAO,Manutenção Programada,Reinício de serviço,3416.211303457422
INC103425,2025-11-08 00:24:00,2025-11-08 02:13:04.977766338,2025-11-08 02:28:04.977766338,2 - Alta,Aplicação,Sub A,lhco,CI-32,Suporte N3,Monitoramento,SIM,NAO,Falha de Rede,Patch aplicado,6544.977766338014
INC103426,2025-11-08 03:36:00,2025-11-08 04:48:26.214337536,2025-11-08 06:58:26.214337536,4 - Baixa,Rede,Sub C,lsin,CI-291,NOC N2,Monitoramento,NAO,NAO,Falha de Aplicação,Ajuste de configuração,4346.214337534477
INC103427,2025-11-08 05:37:00,2025-11-08 07:33:42.312746508,2025-11-08 11:12:42.312746508,3 - Média,Rede,Sub C,lhco,CI-340,Suporte N3,Manual,SIM,NAO,Falha de Aplicação,Patch aplicado,7002.312746510959
INC103428,2025-11-08 06:05:00,2025-11-08 07:07:06.161688324,2025-11-08 07:26:06.161688324,3 - Média,Infraestrutura,Sub A,lsin,CI-253,SRE,Monitoramento,SIM,NAO,Erro de Configuração,Patch aplicado,3726.1616883263478
INC103429,2025-11-08 08:06:00,2025-11-08 09:39:33.549375755,2025-11-08 11:44:33.549375755,3 - Média,Aplicação,Sub A,lcem,CI-278,Suporte N3,Monitoramento,SIM,NAO,Erro de Configuração,Patch aplicado,5613.549375756637
INC103430,2025-11-08 09:56:00,2025-11-08 12:40:13.906821612,2025-11-08 14:42:13.906821612,4 - Baixa,Rede,Sub A,lhco,CI-71,Suporte N3,Monitoramento,NAO,NAO,Erro de Configuração,Reinício de serviço,9853.90682161365
INC103431,2025-11-08 15:30:00,2025-11-08 15:43:17.575026150,2025-11-08 16:52:17.575026150,2 - Alta,Infraestrutura,Sub A,lsin,CI-138,NOC N2,Monitoramento,SIM,NAO,Falha de Aplicação,Patch aplicado,797.5750261472925
INC103432,2025-11-08 16:38:00,2025-11-08 17:14:58.387668330,2025-11-08 20:45:58.387668330,4 - Baixa,Aplicação,Sub B,lhco,CI-35,Suporte N3,Monitoramento,NAO,NAO,Falha de Aplicação,Reinício de serviço,2218.387668328288
INC103433,2025-11-08 19:22:00,2025-11-08 20:11:55.469424906,2025-11-08 23:07:55.469424906,3 - Média,Banco de Dados,Sub B,lhco,CI-125,Suporte N3,Monitoramento,SIM,NAO,Falha de Aplicação,Reinício de serviço,2995.4694249032136
INC103434,2025-11-08 21:42:00,2025-11-09 00:25:47.380299384,2025-11-09 02:19:47.380299384,4 - Baixa,Infraestrutura,Sub B,lcem,CI-39,SRE,Monitoramento,NAO,NAO,Falha de Aplicação,Ajuste de configuração,9827.380299386314
INC103435,2025-11-09 00:52:00,2025-11-09 03:21:09.266632866,2025-11-09 06:41:09.266632866,2 - Alta,Infraestrutura,Sub A,lsin,CI-49,SRE,Monitoramento,SIM,NAO,Falha de Aplicação,Ajuste de configuração,8949.266632867317
INC103436,2025-11-09 01:32:00,2025-11-09 02:16:39.741703200,2025-11-09 06:03:39.741703200,2 - Alta,Infraestrutura,Sub A,lsin,CI-363,SRE,Monitoramento,SIM,NAO,Falha de Rede,Ajuste de configuração,2679.741703197438
INC103437,2025-11-09 01:45:00,2025-11-09 02:03:12.344702706,2025-11-09 05:31:12.344702706,3 - Média,Infraestrutura,Sub C,lsin,CI-10,NOC N1,Monitoramento,SIM,NAO,Manutenção Programada,Patch aplicado,1092.3447027069726
INC103438,2025-11-09 04:26:00,2025-11-09 04:50:49.102759374,2025-11-09 05:32:49.102759374,2 - Alta,Banco de Dados,Sub C,lhvp,CI-395,NOC N2,Manual,SIM,NAO,Falha de Aplicação,Ajuste de configuração,1489.1027593763201
INC103439,2025-11-09 08:05:00,2025-11-09 09:31:15.068098661,2025-11-09 13:12:15.068098661,3 - Média,Infraestrutura,Sub B,lcem,CI-109,SRE,Monitoramento,SIM,NAO,Falha de Aplicação,Ajuste de configuração,5175.068098661078
INC103440,2025-11-09 08:24:00,2025-11-09 10:05:18.164555094,2025-11-09 13:18:18.164555094,2 - Alta,Rede,Sub C,lsin,CI-52,NOC N2,Manual,SIM,NAO,Manutenção Programada,Reinício de serviço,6078.164555092886
INC103441,2025-11-09 09:31:00,2025-11-09 11:29:58.085591274,2025-11-09 12:31:58.085591274,2 - Alta,Banco de Dados,Sub B,lsin,CI-203,NOC N1,Monitoramento,SIM,NAO,Manutenção Programada,Ajuste de configuração,7138.085591273328
INC103442,2025-11-09 10:43:00,2025-11-09 11:48:10.035909942,2025-11-09 13:52:10.035909942,3 - Média,Aplicação,Sub B,lcem,CI-16,Suporte N3,Monitoramento,SIM,NAO,Erro de Configuração,Ajuste de configuração,3910.03590994189
INC103443,2025-11-09 11:56:00,2025-11-09 14:10:38.464491678,2025-11-09 15:06:38.464491678,2 - Alta,Banco de Dados,Sub B,lhco,CI-168,Suporte N3,Monitoramento,SIM,NAO,Falha de Rede,Ajuste de configuração,8078.464491676492
INC103444,2025-11-09 13:56:00,2025-11-09 15:11:01.582925106,2025-11-09 17:26:01.582925106,2 - Alta,Rede,Sub A,lsin,CI-316,Suporte N3,Monitoramento,SIM,NAO,Falha de Aplicação,Patch aplicado,4501.5829251050245
INC103445,2025-11-09 14:09:00,2025-11-09 15:09:35.121027600,2025-11-09 15:50:35.121027600,2 - Alta,Banco de Dados,Sub A,lsin,CI-153,Suporte N3,Monitoramento,SIM,NAO,Erro de Configuração,Ajuste de configuração,3635.121027602331
INC103446,2025-11-09 15:48:00,2025-11-09 17:16:23.788690296,2025-11-09 18:34:23.788690296,3 - Média,Banco de Dados,Sub A,lhvp,CI-370,NOC N2,Monitoramento,SIM,NAO,Manutenção Programada,Reinício de serviço,5303.788690298366
INC103447,2025-11-09 18:56:00,2025-11-09 21:11:35.661591624,2025-11-09 22:15:35.661591624,4 - Baixa,Rede,Sub C,lsin,CI-258,Suporte N3,Monitoramento,NAO,NAO,Falha de Aplicação,Reinício de serviço,8135.661591621481
INC103448,2025-11-09 19:40:00,2025-11-09 20:34:52.652797944,2025-11-09 21:44:52.652797944,2 - Alta,Infraestrutura,Sub C,lhco,CI-228,SRE,Monitoramento,SIM,NAO,Erro de Configuração,Ajuste de configuração,3292.652797946697
INC103449,2025-11-09 21:41:00,2025-11-09 23:17:42.761356992,2025-11-10 02:41:42.761356992,2 - Alta,Rede,Sub A,lsin,CI-121,Suporte N3,Monitoramento,SIM,NAO,Erro de Configuração,Reinício de serviço,5802.761356989415
INC103450,2025-11-09 21:58:00,2025-11-10 03:18:56.599706514,2025-11-10 05:15:56.599706514,2 - Alta,Infraestrutura,Sub B,lsin,CI-269,Suporte N3,Manual,SIM,NAO,Manutenção Programada,Reinício de serviço,19256.599706516725
INC103451,2025-11-10 05:07:00,2025-11-10 05:50:06.042909438,2025-11-10 06:42:06.042909438,4 - Baixa,Rede,Sub C,lsin,CI-158,SRE,Monitoramento,NAO,NAO,Falha de Rede,Patch aplicado,2586.042909435908
INC103452,2025-11-10 08:53:00,2025-11-10 09:52:01.358305500,2025-11-10 11:54:01.358305500,3 - Média,Rede,Sub B,lrev,CI-239,SRE,Monitoramento,SIM,NAO,Manutenção Programada,Patch aplicado,3541.3583055027625
INC103453,2025-11-10 11:09:00,2025-11-10 12:23:20.376593460,2025-11-10 15:39:20.376593460,3 - Média,Aplicação,Sub A,lhvp,CI-30,NOC N2,Monitoramento,SIM,NAO,Falha de Rede,Patch aplicado,4460.376593461917
INC103454,2025-11-10 11:52:00,2025-11-10 14:00:36.496363368,2025-11-10 17:08:36.496363368,3 - Média,Infraestrutura,Sub C,lsin,CI-177,NOC N1,Monitoramento,SIM,NAO,Erro de Configuração,Patch aplicado,7716.496363367891
INC103455,2025-11-10 19:33:00,2025-11-10 19:52:21.966779496,2025-11-10 21:23:21.966779496,3 - Média,Aplicação,Sub C,lhco,CI-208,SRE,Monitoramento,SIM,NAO,Manutenção Programada,Ajuste de configuração,1161.9667794987854
INC103456,2025-11-10 21:04:00,2025-11-10 22:54:48.329104146,2025-11-11 02:15:48.329104146,2 - Alta,Banco de Dados,Sub C,lcem,CI-146,NOC N2,Monitoramento,SIM,NAO,Falha de Aplicação,Patch aplicado,6648.329104148781
INC103457,2025-11-10 21:57:00,2025-11-10 23:13:29.600724852,2025-11-11 00:03:29.600724852,3 - Média,Infraestrutura,Sub A,lsin,CI-287,NOC N2,Monitoramento,SIM,NAO,Manutenção Programada,Patch aplicado,4589.600724850083
INC103458,2025-11-10 23:16:00,2025-11-11 00:12:35.538399552,2025-11-11 01:32:35.538399552,2 - Alta,Infraestrutura,Sub B,lsin,CI-327,SRE,Monitoramento,SIM,NAO,Falha de Aplicação,Ajuste de configuração,3395.5383995541442
INC103459,2025-11-10 23:53:00,2025-11-11 01:42:45.688142154,2025-11-11 05:35:45.688142154,3 - Média,Rede,Sub A,lhvp,CI-384,SRE,Monitoramento,SIM,NAO,Falha de Rede,Patch aplicado,6585.688142156995
INC103460,2025-11-11 02:31:00,2025-11-11 04:04:17.561040186,2025-11-11 05:51:17.561040186,3 - Média,Aplicação,Sub B,lsin,CI-24,Suporte N3,Monitoramento,SIM,NAO,Falha de Aplicação,Patch aplicado,5597.561040186848
INC103461,2025-11-11 09:51:00,2025-11-11 10:15:11.156322204,2025-11-11 12:05:11.156322204,2 - Alta,Infraestrutura,Sub A,lhco,CI-152,NOC N1,Manual,SIM,NAO,Falha de Rede,Patch aplicado,1451.1563222058062
INC103462,2025-11-12 00:02:00,2025-11-12 03:08:24.351242988,2025-11-12 03:45:24.351242988,3 - Média,Aplicação,Sub C,lsin,CI-74,Suporte N3,Monitoramento,SIM,NAO,Falha de Aplicação,Patch aplicado,11184.351242988883
INC103463,2025-11-12 03:24:00,2025-11-12 06:03:05.809714830,2025-11-12 06:51:05.809714830,4 - Baixa,Aplicação,Sub C,lcem,CI-227,Suporte N3,Monitoramento,NAO,NAO,Falha de Aplicação,Patch aplicado,9545.809714827079
INC103464,2025-11-12 09:04:00,2025-11-12 12:16:14.826764910,2025-11-12 14:21:14.826764910,3 - Média,Rede,Sub C,lrev,CI-342,NOC N2,Manual,SIM,NAO,Falha de Aplicação,Ajuste de configuração,11534.826764907317
INC103465,2025-11-12 09:34:00,2025-11-12 11:13:04.317297816,2025-11-12 13:07:04.317297816,3 - Média,Rede,Sub C,lhvp,CI-146,NOC N1,Monitoramento,SIM,NAO,Erro de Configuração,Patch aplicado,5944.317297813166
INC103466,2025-11-12 11:20:00,2025-11-12 12:30:58.972679544,2025-11-12 13:00:58.972679544,2 - Alta,Infraestrutura,Sub A,lhvp,CI-191,Suporte N3,Monitoramento,SIM,NAO,Manutenção Programada,Patch aplicado,4258.972679545752
INC103467,2025-11-12 15:39:00,2025-11-12 16:23:41.834133984,2025-11-12 19:36:41.834133984,4 - Baixa,Aplicação,Sub A,lrev,CI-340,NOC N1,Monitoramento,NAO,NAO,Manutenção Programada,Ajuste de configuração,2681.8341339810067
INC103468,2025-11-12 21:17:00,2025-11-12 23:59:43.997612814,2025-11-13 03:00:43.997612814,3 - Média,Infraestrutura,Sub C,lcem,CI-105,SRE,Monitoramento,SIM,NAO,Erro de Configuração,Ajuste de configuração,9763.997612813531
INC103469,2025-11-12 22:40:00,2025-11-12 23:28:33.349371744,2025-11-13 01:44:33.349371744,2 - Alta,Rede,Sub B,lhco,CI-102,Suporte N3,Monitoramento,SIM,NAO,Manutenção Programada,Patch aplicado,2913.3493717416686
INC103470,2025-11-13 02:47:00,2025-11-13 04:22:27.332996802,2025-11-13 07:59:27.332996802,3 - Média,Infraestrutura,Sub C,lhco,CI-317,NOC N1,Monitoramento,SIM,NAO,Erro de Configuração,Patch aplicado,5727.332996799247
INC103471,2025-11-13 09:23:00,2025-11-13 10:02:26.808801174,2025-11-13 13:10:26.808801174,3 - Média,Infraestrutura,Sub B,lhco,CI-71,SRE,Monitoramento,SIM,NAO,Falha de Rede,Patch aplicado,2366.808801175145
INC103472,2025-11-13 15:47:00,2025-11-13 17:51:10.566262068,2025-11-13 19:11:10.566262068,3 - Média,Infraestrutura,Sub B,lcem,CI-232,SRE,Manual,SIM,NAO,Falha de Rede,Reinício de serviço,7450.5662620670155
INC103473,2025-11-13 15:52:00,2025-11-13 16:26:25.798676118,2025-11-13 18:21:25.798676118,3 - Média,Banco de Dados,Sub B,lsin,CI-362,SRE,Monitoramento,SIM,NAO,Falha de Rede,Ajuste de configuração,2065.79867611554
INC103474,2025-11-13 18:13:00,2025-11-13 19:38:35.205380556,2025-11-13 21:11:35.205380556,3 - Média,Infraestrutura,Sub C,lhco,CI-163,NOC N1,Manual,SIM,NAO,Falha de Aplicação,Ajuste de configuração,5135.2053805544465
INC103475,2025-11-13 18:32:00,2025-11-13 19:57:38.058748044,2025-11-13 21:35:38.058748044,3 - Média,Aplicação,Sub A,lsin,CI-58,Suporte N3,Monitoramento,SIM,NAO,Manutenção Programada,Ajuste de configuração,5138.058748044147
INC103476,2025-11-13 19:52:00,2025-11-13 22:14:58.940538408,2025-11-14 00:34:58.940538408,3 - Média,Aplicação,Sub A,lcem,CI-392,SRE,Monitoramento,SIM,NAO,Falha de Rede,Ajuste de configuração,8578.940538405755
INC103477,2025-11-13 20:23:00,2025-11-13 22:44:56.069706756,2025-11-13 23:34:56.069706756,3 - Média,Banco de Dados,Sub C,lsin,CI-285,Suporte N3,Monitoramento,SIM,NAO,Manutenção Programada,Reinício de serviço,8516.069706756707
INC103478,2025-11-13 23:33:00,2025-11-14 01:18:53.632737492,2025-11-14 02:31:53.632737492,2 - Alta,Infraestrutura,Sub B,lhco,CI-271,SRE,Monitoramento,SIM,NAO,Erro de Configuração,Reinício de serviço,6353.632737492659
INC103479,2025-11-14 00:32:00,2025-11-14 02:38:08.237991438,2025-11-14 03:24:08.237991438,3 - Média,Aplicação,Sub A,lcem,CI-346,NOC N2,Monitoramento,SIM,NAO,Erro de Configuração,Reinício de serviço,7568.2379914354915
INC103480,2025-11-14 01:02:00,2025-11-14 02:01:04.927849200,2025-11-14 04:45:04.927849200,2 - Alta,Aplicação,Sub C,lsin,CI-336,NOC N1,Monitoramento,SIM,NAO,Falha de Aplicação,Ajuste de configuração,3544.927849197961
INC103481,2025-11-14 02:41:00,2025-11-14 04:01:39.603365190,2025-11-14 05:39:39.603365190,3 - Média,Rede,Sub B,lhvp,CI-212,NOC N1,Monitoramento,SIM,NAO,Falha de Rede,Patch aplicado,4839.603365188794
INC103482,2025-11-14 05:16:00,2025-11-14 05:48:08.336477033,2025-11-14 06:39:08.336477033,2 - Alta,Aplicação,Sub C,lcem,CI-224,NOC N2,Monitoramento,SIM,NAO,Falha de Aplicação,Reinício de serviço,1928.3364770319222
INC103483,2025-11-14 07:11:00,2025-11-14 08:06:26.561542212,2025-11-14 10:44:26.561542212,4 - Baixa,Aplicação,Sub A,lcem,CI-67,NOC N1,Monitoramento,NAO,NAO,Erro de Configuração,Reinício de serviço,3326.5615422141504
INC103484,2025-11-14 09:49:00,2025-11-14 10:42:52.855116666,2025-11-14 11:01:52.855116666,4 - Baixa,Banco de Dados,Sub A,lhco,CI-393,SRE,Manual,NAO,NAO,Falha de Rede,Ajuste de configuração,3232.855116665528
INC103485,2025-11-14 11:19:00,2025-11-14 11:57:25.157174652,2025-11-14 13:15:25.157174652,4 - Baixa,Infraestrutura,Sub C,lhvp,CI-260,NOC N1,Monitoramento,NAO,NAO,Manutenção Programada,Ajuste de configuração,2305.1571746496006
INC103486,2025-11-14 11:55:00,2025-11-14 13:10:29.663250540,2025-11-14 14:22:29.663250540,4 - Baixa,Rede,Sub A,lhvp,CI-131,NOC N2,Monitoramento,NAO,NAO,Falha de Aplicação,Reinício de serviço,4529.663250542416
INC103487,2025-11-14 13:56:00,2025-11-14 14:39:42.595482846,2025-11-14 15:47:42.595482846,4 - Baixa,Aplicação,Sub A,lhvp,CI-116,NOC N1,Monitoramento,NAO,NAO,Erro de Configuração,Reinício de serviço,2622.5954828485237
INC103488,2025-11-14 19:09:00,2025-11-14 21:49:10.470221796,2025-11-15 00:12:10.470221796,4 - Baixa,Aplicação,Sub A,lhvp,CI-323,NOC N1,Monitoramento,NAO,NAO,Falha de Aplicação,Reinício de serviço,9610.47022179587
INC103489,2025-11-14 21:49:00,2025-11-14 23:59:29.379729930,2025-11-15 00:03:29.379729930,3 - Média,Aplicação,Sub C,lcem,CI-214,SRE,Monitoramento,SIM,NAO,Erro de Configuração,Reinício de serviço,7829.379729927215
INC103490,2025-11-14 22:18:00,2025-11-15 00:39:32.665244315,2025-11-15 01:07:32.665244315,4 - Baixa,Rede,Sub C,lsin,CI-387,NOC N2,Monitoramento,NAO,NAO,Falha de Rede,Reinício de serviço,8492.665244316111
INC103491,2025-11-15 01:08:00,2025-11-15 01:30:07.972951182,2025-11-15 02:54:07.972951182,3 - Média,Aplicação,Sub A,lrev,CI-114,NOC N2,Monitoramento,SIM,NAO,Erro de Configuração,Reinício de serviço,1327.972951183677
INC103492,2025-11-15 04:22:00,2025-11-15 05:32:28.204216866,2025-11-15 07:59:28.204216866,4 - Baixa,Aplicação,Sub B,lhco,CI-144,NOC N2,Monitoramento,NAO,NAO,Manutenção Programada,Reinício de serviço,4228.204216866602
INC103493,2025-11-15 04:55:00,2025-11-15 05:29:21.850887546,2025-11-15 05:47:21.850887546,3 - Média,Banco de Dados,Sub B,lsin,CI-135,NOC N1,Monitoramento,SIM,NAO,Falha de Aplicação,Patch aplicado,2061.8508875457924
INC103494,2025-11-15 06:26:00,2025-11-15 08:44:42.919450356,2025-11-15 10:04:42.919450356,2 - Alta,Aplicação,Sub A,lcem,CI-252,Suporte N3,Monitoramento,SIM,NAO,Falha de Aplicação,Ajuste de configuração,8322.919450355348
INC103495,2025-11-15 10:23:00,2025-11-15 11:55:01.999369139,2025-11-15 13:09:01.999369139,3 - Média,Infraestrutura,Sub C,lsin,CI-55,Suporte N3,Monitoramento,SIM,NAO,Falha de Aplicação,Reinício de serviço,5521.999369141754
INC103496,2025-11-15 12:41:00,2025-11-15 16:15:00.453190536,2025-11-15 16:18:00.453190536,3 - Média,Banco de Dados,Sub C,lhco,CI-174,Suporte N3,Monitoramento,SIM,NAO,Falha de Aplicação,Ajuste de configuração,12840.453190537133
INC103497,2025-11-15 14:21:00,2025-11-15 15:45:40.621046202,2025-11-15 18:18:40.621046202,2 - Alta,Infraestrutura,Sub C,lsin,CI-136,NOC N2,Manual,SIM,NAO,Falha de Rede,Ajuste de configuração,5080.62104620307
INC103498,2025-11-15 15:16:00,2025-11-15 16:22:27.450529896,2025-11-15 17:07:27.450529896,2 - Alta,Infraestrutura,Sub A,lsin,CI-296,NOC N2,Monitoramento,SIM,NAO,Manutenção Programada,Patch aplicado,3987.4505298967015
INC103499,2025-11-15 16:41:00,2025-11-15 16:49:41.743684152,2025-11-15 17:40:41.743684152,2 - Alta,Aplicação,Sub B,lhco,CI-370,Suporte N3,Manual,SIM,NAO,Manutenção Programada,Ajuste de configuração,521.7436841538803
INC103500,2025-11-15 17:16:00,2025-11-15 18:30:10.815600546,2025-11-15 21:04:10.815600546,3 - Média,Aplicação,Sub A,lhco,CI-241,SRE,Monitoramento,SIM,NAO,Erro de Configuração,Ajuste de configuração,4450.815600546162
INC103501,2025-11-15 18:44:00,2025-11-15 19:37:42.648139260,2025-11-15 23:28:42.648139260,4 - Baixa,Aplicação,Sub A,lhvp,CI-104,Suporte N3,Monitoramento,NAO,NAO,Falha de Rede,Reinício de serviço,3222.6481392599967
INC103502,2025-11-15 19:14:00,2025-11-15 20:07:02.956415202,2025-11-15 23:28:02.956415202,2 - Alta,Aplicação,Sub B,lhco,CI-151,NOC N1,Manual,SIM,NAO,Falha de Aplicação,Ajuste de configuração,3182.9564152031403
INC103503,2025-11-15 21:50:00,2025-11-15 22:20:17.144622258,2025-11-16 00:47:17.144622258,4 - Baixa,Banco de Dados,Sub B,lcem,CI-382,NOC N1,Monitoramento,NAO,NAO,Erro de Configuração,Patch aplicado,1817.144622259178
INC103504,2025-11-15 23:26:00,2025-11-16 00:58:33.389842392,2025-11-16 04:01:33.389842392,3 - Média,Banco de Dados,Sub B,lcem,CI-63,NOC N2,Monitoramento,SIM,NAO,Erro de Configuração,Ajuste de configuração,5553.389842393006
INC103505,2025-11-16 03:23:00,2025-11-16 04:26:01.100920710,2025-11-16 08:02:01.100920710,3 - Média,Aplicação,Sub C,lhvp,CI-345,NOC N2,Monitoramento,SIM,NAO,Manutenção Programada,Ajuste de configuração,3781.1009207116945
INC103506,2025-11-16 04:02:00,2025-11-16 05:00:44.947655094,2025-11-16 06:04:44.947655094,4 - Baixa,Banco de Dados,Sub A,lhco,CI-5,NOC N1,Monitoramento,NAO,NAO,Erro de Configuração,Reinício de serviço,3524.9476550915433
INC103507,2025-11-16 09:12:00,2025-11-16 11:29:34.607425380,2025-11-16 13:14:34.607425380,4 - Baixa,Banco de Dados,Sub C,lhco,CI-141,SRE,Monitoramento,NAO,NAO,Manutenção Programada,Ajuste de configuração,8254.607425377764
INC103508,2025-11-16 10:15:00,2025-11-16 11:23:21.609866538,2025-11-16 12:38:21.609866538,2 - Alta,Banco de Dados,Sub A,lrev,CI-255,Suporte N3,Manual,SIM,NAO,Falha de Rede,Reinício de serviço,4101.609866536327
INC103509,2025-11-16 12:31:00,2025-11-16 14:41:23.412310080,2025-11-16 14:59:23.412310080,3 - Média,Aplicação,Sub B,lsin,CI-349,SRE,Manual,SIM,NAO,Falha de Aplicação,Patch aplicado,7823.412310081021
INC103510,2025-11-16 13:12:00,2025-11-16 14:05:21.819246804,2025-11-16 16:32:21.819246804,2 - Alta,Infraestrutura,Sub A,lhco,CI-384,NOC N1,Monitoramento,SIM,NAO,Falha de Aplicação,Patch aplicado,3201.819246802553
INC103511,2025-11-16 16:47:00,2025-11-16 20:06:30.152680362,2025-11-16 20:33:30.152680362,3 - Média,Aplicação,Sub C,lhco,CI-214,NOC N2,Monitoramento,SIM,NAO,Erro de Configuração,Ajuste de configuração,11970.1526803623
INC103512,2025-11-16 18:28:00,2025-11-16 20:10:29.404968090,2025-11-16 21:13:29.404968090,4 - Baixa,Infraestrutura,Sub C,lsin,CI-40,NOC N1,Monitoramento,NAO,NAO,Falha de Aplicação,Reinício de serviço,6149.404968090349
INC103513,2025-11-16 21:30:00,2025-11-16 23:11:18.265747374,2025-11-17 02:45:18.265747374,3 - Média,Aplicação,Sub A,lsin,CI-392,SRE,Monitoramento,SIM,NAO,Erro de Configuração,Ajuste de configuração,6078.2657473720155
INC103514,2025-11-16 22:22:00,2025-11-16 22:53:59.166397098,2025-11-17 00:08:59.166397098,4 - Baixa,Aplicação,Sub C,lcem,CI-79,SRE,Monitoramento,NAO,NAO,Erro de Configuração,Patch aplicado,1919.1663970953941
INC103515,2025-11-17 04:10:00,2025-11-17 06:13:20.560343946,2025-11-17 07:27:20.560343946,3 - Média,Infraestrutura,Sub A,lhco,CI-237,NOC N2,Monitoramento,SIM,NAO,Falha de Rede,Reinício de serviço,7400.560343943111
INC103516,2025-11-17 05:08:00,2025-11-17 05:58:14.077329144,2025-11-17 06:57:14.077329144,3 - Média,Aplicação,Sub B,lsin,CI-312,Suporte N3,Monitoramento,SIM,NAO,Falha de Aplicação,Reinício de serviço,3014.077329144674
INC103517,2025-11-17 06:25:00,2025-11-17 07:01:39.652261350,2025-11-17 07:19:39.652261350,2 - Alta,Banco de Dados,Sub A,lsin,CI-69,SRE,Manual,SIM,NAO,Manutenção Programada,Ajuste de configuração,2199.6522613512197
INC103518,2025-11-17 07:16:00,2025-11-17 10:01:08.793648642,2025-11-17 12:27:08.793648642,4 - Baixa,Rede,Sub B,lhco,CI-77,NOC N1,Monitoramento,NAO,NAO,Falha de Rede,Reinício de serviço,9908.793648642482
INC103519,2025-11-17 09:13:00,2025-11-17 10:35:11.911478424,2025-11-17 11:08:11.911478424,4 - Baixa,Infraestrutura,Sub A,lsin,CI-226,SRE,Monitoramento,NAO,NAO,Manutenção Programada,Reinício de serviço,4931.911478423919
INC103520,2025-11-17 09:32:00,2025-11-17 11:56:30.527257944,2025-11-17 15:40:30.527257944,4 - Baixa,Infraestrutura,Sub A,lhco,CI-265,NOC N2,Monitoramento,NAO,NAO,Falha de Aplicação,Ajuste de configuração,8670.527257942213
INC103521,2025-11-17 10:21:00,2025-11-17 11:35:37.018967508,2025-11-17 12:34:37.018967508,2 - Alta,Infraestrutura,Sub A,lrev,CI-55,Suporte N3,Manual,SIM,SIM,Erro de Configuração,Ajuste de configuração,4477.018967507272
INC103522,2025-11-17 11:50:00,2025-11-17 14:17:19.194666456,2025-11-17 16:26:19.194666456,3 - Média,Infraestrutura,Sub C,lsin,CI-187,Suporte N3,Monitoramento,SIM,NAO,Manutenção Programada,Ajuste de configuração,8839.194666458447
INC103523,2025-11-17 12:45:00,2025-11-17 14:37:38.188107054,2025-11-17 15:31:38.188107054,3 - Média,Rede,Sub B,lhvp,CI-54,NOC N1,Monitoramento,SIM,NAO,Falha de Rede,Ajuste de configuração,6758.188107053813
INC103524,2025-11-17 14:11:00,2025-11-17 18:27:37.129116630,2025-11-17 19:33:37.129116630,3 - Média,Banco de Dados,Sub C,lcem,CI-284,NOC N2,Monitoramento,SIM,NAO,Falha de Aplicação,Ajuste de configuração,15397.129116627073
INC103525,2025-11-17 17:37:00,2025-11-17 20:27:36.210920928,2025-11-17 23:13:36.210920928,2 - Alta,Infraestrutura,Sub A,lsin,CI-280,SRE,Manual,SIM,NAO,Falha de Aplicação,Reinício de serviço,10236.210920928777
INC103526,2025-11-17 19:23:00,2025-11-17 20:54:24.825028314,2025-11-18 00:05:24.825028314,2 - Alta,Banco de Dados,Sub B,lcem,CI-289,NOC N2,Monitoramento,SIM,NAO,Falha de Rede,Ajuste de configuração,5484.825028311054
INC103527,2025-11-17 21:34:00,2025-11-17 21:54:29.802480504,2025-11-18 01:15:29.802480504,3 - Média,Aplicação,Sub A,lsin,CI-202,Suporte N3,Monitoramento,SIM,NAO,Erro de Configuração,Patch aplicado,1229.8024805023433
INC103528,2025-11-17 23:01:00,2025-11-17 23:59:51.109840770,2025-11-18 00:45:51.109840770,3 - Média,Infraestrutura,Sub A,lsin,CI-39,SRE,Monitoramento,SIM,NAO,Manutenção Programada,Ajuste de configuração,3531.1098407691293
INC103529,2025-11-18 04:33:00,2025-11-18 07:52:21.754987386,2025-11-18 08:56:21.754987386,3 - Média,Rede,Sub C,lcem,CI-23,NOC N2,Monitoramento,SIM,NAO,Falha de Rede,Patch aplicado,11961.754987387309
INC103530,2025-11-18 04:39:00,2025-11-18 06:08:50.669803470,2025-11-18 08:51:50.669803470,2 - Alta,Infraestrutura,Sub C,lsin,CI-100,NOC N2,Monitoramento,SIM,NAO,Falha de Aplicação,Ajuste de configuração,5390.669803469371
INC103531,2025-11-18 10:53:00,2025-11-18 17:42:54.988207638,2025-11-18 19:18:54.988207638,3 - Média,Aplicação,Sub A,lhco,CI-342,Suporte N3,Monitoramento,SIM,NAO,Falha de Rede,Patch aplicado,24594.988207640246
INC103532,2025-11-18 11:39:00,2025-11-18 13:31:39.218782722,2025-11-18 16:31:39.218782722,3 - Média,Aplicação,Sub C,lcem,CI-104,NOC N2,Monitoramento,SIM,NAO,Falha de Aplicação,Patch aplicado,6759.2187827249745
INC103533,2025-11-18 15:40:00,2025-11-18 16:20:21.396867480,2025-11-18 18:04:21.396867480,2 - Alta,Aplicação,Sub A,lhco,CI-306,NOC N1,Monitoramento,SIM,NAO,Falha de Aplicação,Reinício de serviço,2421.3968674827765
INC103534,2025-11-18 18:08:00,2025-11-18 18:28:20.172899304,2025-11-18 19:03:20.172899304,2 - Alta,Aplicação,Sub A,lsin,CI-257,NOC N2,Monitoramento,SIM,NAO,Erro de Configuração,Reinício de serviço,1220.1728993032557
INC103535,2025-11-18 21:57:00,2025-11-18 22:07:56.688821478,2025-11-18 22:15:56.688821478,3 - Média,Banco de Dados,Sub A,lsin,CI-35,NOC N2,Monitoramento,SIM,NAO,Falha de Aplicação,Ajuste de configuração,656.688821478763
INC103536,2025-11-18 22:43:00,2025-11-18 22:44:49.726703892,2025-11-18 23:04:49.726703892,3 - Média,Rede,Sub C,lsin,CI-55,NOC N1,Monitoramento,SIM,NAO,Falha de Rede,Ajuste de configuração,109.72670389414675
INC103537,2025-11-19 01:04:00,2025-11-19 02:59:42.578308446,2025-11-19 03:07:42.578308446,4 - Baixa,Banco de Dados,Sub A,lhco,CI-2,NOC N2,Monitoramento,NAO,NAO,Erro de Configuração,Patch aplicado,6942.578308448399
INC103538,2025-11-19 01:16:00,2025-11-19 02:04:17.261456082,2025-11-19 02:46:17.261456082,2 - Alta,Banco de Dados,Sub B,lsin,CI-356,Suporte N3,Monitoramento,SIM,NAO,Erro de Configuração,Reinício de serviço,2897.2614560843185
INC103539,2025-11-19 03:48:00,2025-11-19 05:54:25.743372972,2025-11-19 06:51:25.743372972,3 - Média,Aplicação,Sub B,lcem,CI-316,NOC N2,Monitoramento,SIM,NAO,Manutenção Programada,Ajuste de configuração,7585.743372971272
INC103540,2025-11-19 07:06:00,2025-11-19 07:52:01.968073631,2025-11-19 10:25:01.968073631,3 - Média,Aplicação,Sub C,lsin,CI-253,NOC N2,Monitoramento,SIM,NAO,Falha de Rede,Patch aplicado,2761.9680736293126
INC103541,2025-11-19 09:49:00,2025-11-19 11:19:14.653632102,2025-11-19 12:14:14.653632102,3 - Média,Banco de Dados,Sub B,lhco,CI-395,Suporte N3,Monitoramento,SIM,NAO,Erro de Configuração,Ajuste de configuração,5414.653632104011
INC103542,2025-11-19 10:53:00,2025-11-19 12:01:49.010146884,2025-11-19 13:22:49.010146884,3 - Média,Rede,Sub B,lhco,CI-319,NOC N1,Monitoramento,SIM,NAO,Manutenção Programada,Ajuste de configuração,4129.010146881684
INC103543,2025-11-19 13:56:00,2025-11-19 14:56:52.901485776,2025-11-19 18:45:52.901485776,3 - Média,Rede,Sub C,lhco,CI-160,Suporte N3,Monitoramento,SIM,NAO,Falha de Aplicação,Reinício de serviço,3652.901485773445
INC103544,2025-11-19 16:00:00,2025-11-19 16:51:30.461493894,2025-11-19 19:20:30.461493894,2 - Alta,Aplicação,Sub B,lhco,CI-11,NOC N2,Monitoramento,SIM,NAO,Falha de Aplicação,Patch aplicado,3090.461493894404
INC103545,2025-11-19 17:04:00,2025-11-19 18:41:12.235390674,2025-11-19 19:36:12.235390674,4 - Baixa,Aplicação,Sub B,lsin,CI-19,Suporte N3,Monitoramento,NAO,NAO,Falha de Aplicação,Patch aplicado,5832.235390671188
INC103546,2025-11-19 17:34:00,2025-11-19 20:00:09.408037302,2025-11-19 22:15:09.408037302,3 - Média,Rede,Sub B,lhvp,CI-204,NOC N1,Monitoramento,SIM,NAO,Falha de Aplicação,Reinício de serviço,8769.40803730134
INC103547,2025-11-19 22:26:00,2025-11-20 01:09:26.382436074,2025-11-20 04:43:26.382436074,2 - Alta,Aplicação,Sub B,lhco,CI-289,Suporte N3,Manual,SIM,NAO,Erro de Configuração,Patch aplicado,9806.382436075022
INC103548,2025-11-20 00:57:00,2025-11-20 01:37:40.447033380,2025-11-20 02:14:40.447033380,3 - Média,Rede,Sub A,lhco,CI-349,NOC N1,Monitoramento,SIM,NAO,Erro de Configuração,Patch aplicado,2440.4470333774593
INC103549,2025-11-20 02:30:00,2025-11-20 03:36:49.353266640,2025-11-20 05:07:49.353266640,3 - Média,Banco de Dados,Sub B,lsin,CI-250,Suporte N3,Monitoramento,SIM,NAO,Erro de Configuração,Patch aplicado,4009.3532666394162
INC103550,2025-11-20 06:30:00,2025-11-20 07:31:24.576890718,2025-11-20 10:11:24.576890718,4 - Baixa,Rede,Sub C,lhco,CI-381,NOC N2,Monitoramento,NAO,NAO,Falha de Aplicação,Reinício de serviço,3684.576890716214
INC103551,2025-11-20 09:55:00,2025-11-20 11:58:51.299251776,2025-11-20 13:07:51.299251776,3 - Média,Infraestrutura,Sub B,lhco,CI-120,NOC N2,Monitoramento,SIM,NAO,Manutenção Programada,Reinício de serviço,7431.299251776031
INC103552,2025-11-20 11:09:00,2025-11-20 11:59:59.382036642,2025-11-20 13:26:59.382036642,4 - Baixa,Rede,Sub C,lcem,CI-30,NOC N1,Monitoramento,NAO,NAO,Falha de Aplicação,Ajuste de configuração,3059.3820366393434
INC103553,2025-11-20 15:53:00,2025-11-20 16:12:06.108917556,2025-11-20 16:56:06.108917556,4 - Baixa,Infraestrutura,Sub B,lhco,CI-342,SRE,Manual,NAO,NAO,Manutenção Programada,Reinício de serviço,1146.1089175551729
INC103554,2025-11-20 17:10:00,2025-11-20 19:16:36.505664472,2025-11-20 20:51:36.505664472,3 - Média,Aplicação,Sub B,lsin,CI-191,NOC N2,Monitoramento,SIM,NAO,Falha de Aplicação,Reinício de serviço,7596.505664472763
INC103555,2025-11-20 18:31:00,2025-11-20 19:08:28.086214716,2025-11-20 21:52:28.086214716,4 - Baixa,Infraestrutura,Sub C,lsin,CI-165,NOC N1,Manual,NAO,NAO,Erro de Configuração,Reinício de serviço,2248.0862147168505
INC103556,2025-11-20 21:33:00,2025-11-20 22:07:19.226588754,2025-11-20 22:37:19.226588754,2 - Alta,Infraestrutura,Sub A,lhco,CI-170,Suporte N3,Monitoramento,SIM,NAO,Manutenção Programada,Ajuste de configuração,2059.2265887549347
INC103557,2025-11-20 21:56:00,2025-11-20 23:47:42.538374582,2025-11-21 01:58:42.538374582,2 - Alta,Banco de Dados,Sub B,lsin,CI-271,NOC N2,Monitoramento,SIM,NAO,Manutenção Programada,Reinício de serviço,6702.538374581451
INC103558,2025-11-21 01:22:00,2025-11-21 03:17:08.090945754,2025-11-21 03:30:08.090945754,2 - Alta,Rede,Sub C,lhco,CI-45,SRE,Monitoramento,SIM,NAO,Falha de Aplicação,Patch aplicado,6908.09094575545
INC103559,2025-11-21 05:41:00,2025-11-21 06:51:17.830753200,2025-11-21 10:20:17.830753200,2 - Alta,Infraestrutura,Sub C,lsin,CI-296,SRE,Monitoramento,SIM,NAO,Erro de Configuração,Reinício de serviço,4217.8307532011495
INC103560,2025-11-21 05:47:00,2025-11-21 08:20:46.509167004,2025-11-21 10:36:46.509167004,3 - Média,Aplicação,Sub A,lsin,CI-64,NOC N1,Monitoramento,SIM,NAO,Falha de Rede,Ajuste de configuração,9226.50916700666
INC103561,2025-11-21 10:38:00,2025-11-21 11:11:10.531351782,2025-11-21 11:34:10.531351782,4 - Baixa,Rede,Sub C,lhco,CI-46,NOC N2,Monitoramento,NAO,NAO,Falha de Rede,Reinício de serviço,1990.531351780082
INC103562,2025-11-21 12:07:00,2025-11-21 13:24:53.621474364,2025-11-21 15:35:53.621474364,2 - Alta,Banco de Dados,Sub A,lcem,CI-214,Suporte N3,Monitoramento,SIM,NAO,Falha de Rede,Reinício de serviço,4673.621474366319
INC103563,2025-11-21 18:18:00,2025-11-21 19:26:59.936336652,2025-11-21 22:33:59.936336652,4 - Baixa,Infraestrutura,Sub B,lhco,CI-362,Suporte N3,Monitoramento,NAO,NAO,Manutenção Programada,Ajuste de configuração,4139.936336651666
INC103564,2025-11-21 21:18:00,2025-11-21 22:34:12.460431444,2025-11-21 23:27:12.460431444,4 - Baixa,Rede,Sub A,lhvp,CI-274,NOC N2,Monitoramento,NAO,NAO,Erro de Configuração,Reinício de serviço,4572.460431443211
INC103565,2025-11-21 22:06:00,2025-11-22 00:07:04.606549878,2025-11-22 04:03:04.606549878,2 - Alta,Banco de Dados,Sub C,lhco,CI-275,Suporte N3,Monitoramento,SIM,NAO,Falha de Rede,Patch aplicado,7264.606549878399
INC103566,2025-11-21 22:30:00,2025-11-22 02:42:12.049623930,2025-11-22 03:31:12.049623930,2 - Alta,Banco de Dados,Sub C,lcem,CI-299,NOC N1,Monitoramento,SIM,NAO,Erro de Configuração,Ajuste de configuração,15132.049623931665
INC103567,2025-11-21 22:40:00,2025-11-22 01:16:10.226884236,2025-11-22 02:07:10.226884236,3 - Média,Banco de Dados,Sub C,lsin,CI-348,NOC N2,Monitoramento,SIM,NAO,Falha de Rede,Patch aplicado,9370.22688423822
INC103568,2025-11-22 04:40:00,2025-11-22 05:54:25.823283090,2025-11-22 09:08:25.823283090,4 - Baixa,Banco de Dados,Sub A,lhco,CI-45,Suporte N3,Monitoramento,NAO,NAO,Falha de Aplicação,Reinício de serviço,4465.823283089944
INC103569,2025-11-22 06:17:00,2025-11-22 09:01:26.030467224,2025-11-22 11:40:26.030467224,3 - Média,Rede,Sub B,lrev,CI-82,Suporte N3,Manual,SIM,NAO,Manutenção Programada,Patch aplicado,9866.030467222183
INC103570,2025-11-22 08:45:00,2025-11-22 09:13:00.696357726,2025-11-22 10:00:00.696357726,4 - Baixa,Rede,Sub B,lrev,CI-333,SRE,Monitoramento,NAO,NAO,Falha de Rede,Ajuste de configuração,1680.696357726988
INC103571,2025-11-22 09:17:00,2025-11-22 10:12:39.101067948,2025-11-22 11:36:39.101067948,3 - Média,Rede,Sub C,lrev,CI-206,NOC N1,Monitoramento,SIM,NAO,Erro de Configuração,Ajuste de configuração,3339.1010679474966
INC103572,2025-11-22 09:32:00,2025-11-22 09:58:36.031043574,2025-11-22 11:10:36.031043574,2 - Alta,Aplicação,Sub C,lhco,CI-226,Suporte N3,Monitoramento,SIM,NAO,Manutenção Programada,Patch aplicado,1596.0310435769777
INC103573,2025-11-22 09:34:00,2025-11-22 10:19:34.696746534,2025-11-22 12:17:34.696746534,3 - Média,Aplicação,Sub C,lsin,CI-215,Suporte N3,Manual,SIM,NAO,Erro de Configuração,Patch aplicado,2734.6967465340485
INC103574,2025-11-22 20:07:00,2025-11-22 21:07:18.537016818,2025-11-22 23:32:18.537016818,3 - Média,Infraestrutura,Sub C,lsin,CI-72,SRE,Manual,SIM,NAO,Erro de Configuração,Patch aplicado,3618.5370168162463
INC103575,2025-11-22 22:08:00,2025-11-22 22:52:26.008456608,2025-11-23 02:40:26.008456608,4 - Baixa,Infraestrutura,Sub A,lsin,CI-19,NOC N2,Monitoramento,NAO,NAO,Manutenção Programada,Reinício de serviço,2666.0084566108508
INC103576,2025-11-22 22:22:00,2025-11-22 23:21:41.187809028,2025-11-23 02:49:41.187809028,2 - Alta,Infraestrutura,Sub A,lsin,CI-43,Suporte N3,Monitoramento,SIM,NAO,Falha de Rede,Ajuste de configuração,3581.1878090304685
INC103577,2025-11-23 02:21:00,2025-11-23 06:24:48.447390954,2025-11-23 08:35:48.447390954,4 - Baixa,Rede,Sub B,lsin,CI-375,SRE,Monitoramento,NAO,NAO,Erro de Configuração,Ajuste de configuração,14628.447390952799
INC103578,2025-11-23 04:18:00,2025-11-23 05:12:08.499643590,2025-11-23 05:52:08.499643590,4 - Baixa,Infraestrutura,Sub A,lsin,CI-163,Suporte N3,Monitoramento,NAO,NAO,Manutenção Programada,Reinício de serviço,3248.499643588578
INC103579,2025-11-23 05:58:00,2025-11-23 07:46:22.203373056,2025-11-23 08:54:22.203373056,3 - Média,Aplicação,Sub B,lsin,CI-8,SRE,Monitoramento,SIM,NAO,Manutenção Programada,Patch aplicado,6502.20337305343
INC103580,2025-11-23 08:46:00,2025-11-23 10:10:08.435840346,2025-11-23 10:19:08.435840346,2 - Alta,Banco de Dados,Sub C,lsin,CI-263,SRE,Monitoramento,SIM,NAO,Erro de Configuração,Patch aplicado,5048.435840344844
INC103581,2025-11-23 13:15:00,2025-11-23 15:45:19.602296538,2025-11-23 18:09:19.602296538,3 - Média,Rede,Sub A,lhco,CI-355,SRE,Monitoramento,SIM,NAO,Erro de Configuração,Patch aplicado,9019.602296538953
INC103582,2025-11-23 13:56:00,2025-11-23 14:45:40.468562868,2025-11-23 16:24:40.468562868,4 - Baixa,Banco de Dados,Sub A,lhco,CI-147,NOC N2,Monitoramento,NAO,NAO,Erro de Configuração,Reinício de serviço,2980.468562867773
INC103583,2025-11-23 15:09:00,2025-11-23 15:51:48.451623636,2025-11-23 17:08:48.451623636,2 - Alta,Rede,Sub B,lhco,CI-224,NOC N1,Monitoramento,SIM,NAO,Erro de Configuração,Patch aplicado,2568.4516236330714
INC103584,2025-11-23 19:53:00,2025-11-23 22:08:50.465386716,2025-11-24 00:50:50.465386716,4 - Baixa,Rede,Sub B,lsin,CI-48,NOC N2,Monitoramento,NAO,NAO,Falha de Rede,Patch aplicado,8150.465386714895
INC103585,2025-11-23 22:39:00,2025-11-24 01:09:26.736269412,2025-11-24 03:00:26.736269412,2 - Alta,Banco de Dados,Sub B,lsin,CI-58,Suporte N3,Manual,SIM,NAO,Falha de Aplicação,Patch aplicado,9026.73626941498
INC103586,2025-11-24 00:10:00,2025-11-24 00:55:36.982317078,2025-11-24 01:25:36.982317078,2 - Alta,Infraestrutura,Sub B,lhco,CI-331,SRE,Monitoramento,SIM,NAO,Erro de Configuração,Ajuste de configuração,2736.9823170774544
INC103587,2025-11-24 00:52:00,2025-11-24 01:54:00.333819840,2025-11-24 01:54:00.333819840,3 - Média,Rede,Sub C,lsin,CI-195,NOC N1,Monitoramento,SIM,NAO,Manutenção Programada,Reinício de serviço,3720.333819838176
INC103588,2025-11-24 02:01:00,2025-11-24 06:45:22.193688366,2025-11-24 09:20:22.193688366,3 - Média,Banco de Dados,Sub C,lrev,CI-322,NOC N1,Monitoramento,SIM,NAO,Falha de Aplicação,Reinício de serviço,17062.193688366697
INC103589,2025-11-24 02:19:00,2025-11-24 02:50:21.444343746,2025-11-24 04:25:21.444343746,3 - Média,Aplicação,Sub A,lsin,CI-310,NOC N1,Monitoramento,SIM,NAO,Erro de Configuração,Reinício de serviço,1881.4443437465727
INC103590,2025-11-24 03:02:00,2025-11-24 03:31:29.187095196,2025-11-24 05:48:29.187095196,3 - Média,Rede,Sub B,lsin,CI-186,NOC N1,Monitoramento,SIM,NAO,Manutenção Programada,Patch aplicado,1769.1870951969843
INC103591,2025-11-24 03:57:00,2025-11-24 08:34:40.733938320,2025-11-24 11:24:40.733938320,3 - Média,Rede,Sub A,lrev,CI-243,NOC N2,Monitoramento,SIM,NAO,Erro de Configuração,Ajuste de configuração,16660.733938321016
INC103592,2025-11-24 07:50:00,2025-11-24 09:31:54.055665666,2025-11-24 09:32:54.055665666,4 - Baixa,Rede,Sub A,lrev,CI-210,SRE,Monitoramento,NAO,NAO,Manutenção Programada,Reinício de serviço,6114.05566566444
INC103593,2025-11-24 08:02:00,2025-11-24 10:24:46.079921196,2025-11-24 14:02:46.079921196,3 - Média,Aplicação,Sub A,lhco,CI-300,Suporte N3,Monitoramento,SIM,NAO,Falha de Aplicação,Ajuste de configuração,8566.0799211938
INC103594,2025-11-24 08:24:00,2025-11-24 10:35:15.999431052,2025-11-24 11:02:15.999431052,3 - Média,Banco de Dados,Sub C,lcem,CI-250,Suporte N3,Monitoramento,SIM,NAO,Manutenção Programada,Patch aplicado,7875.999431049195
INC103595,2025-11-24 08:35:00,2025-11-24 09:36:41.239622478,2025-11-24 10:40:41.239622478,4 - Baixa,Aplicação,Sub A,lsin,CI-80,NOC N1,Manual,NAO,NAO,Erro de Configuração,Ajuste de configuração,3701.2396224768745
INC103596,2025-11-24 09:48:00,2025-11-24 10:31:12.382422348,2025-11-24 13:05:12.382422348,3 - Média,Aplicação,Sub C,lhco,CI-40,Suporte N3,Manual,SIM,NAO,Falha de Rede,Reinício de serviço,2592.382422345771
INC103597,2025-11-24 11:51:00,2025-11-24 11:55:48.065702634,2025-11-24 13:50:48.065702634,3 - Média,Banco de Dados,Sub A,lrev,CI-271,SRE,Monitoramento,SIM,NAO,Falha de Rede,Patch aplicado,288.0657026341222
INC103598,2025-11-24 12:21:00,2025-11-24 12:59:04.971542412,2025-11-24 15:58:04.971542412,3 - Média,Aplicação,Sub B,lsin,CI-274,Suporte N3,Monitoramento,SIM,NAO,Manutenção Programada,Patch aplicado,2284.9715424125807
INC103599,2025-11-24 13:43:00,2025-11-24 15:39:40.069249452,2025-11-24 15:49:40.069249452,2 - Alta,Infraestrutura,Sub A,lrev,CI-92,NOC N1,Monitoramento,SIM,NAO,Manutenção Programada,Patch aplicado,7000.069249449938
INC103600,2025-11-24 14:26:00,2025-11-24 15:13:23.644688496,2025-11-24 15:55:23.644688496,2 - Alta,Rede,Sub C,lcem,CI-183,Suporte N3,Monitoramento,SIM,NAO,Erro de Configuração,Patch aplicado,2843.644688495085
INC103601,2025-11-24 17:33:00,2025-11-24 18:20:29.400262182,2025-11-24 20:07:29.400262182,2 - Alta,Banco de Dados,Sub C,lsin,CI-342,SRE,Manual,SIM,NAO,Falha de Rede,Ajuste de configuração,2849.4002621809514
INC103602,2025-11-24 18:40:00,2025-11-24 21:48:48.527741142,2025-11-24 22:30:48.527741142,2 - Alta,Infraestrutura,Sub A,lcem,CI-220,NOC N1,Monitoramento,SIM,NAO,Manutenção Programada,Reinício de serviço,11328.527741139518
INC103603,2025-11-24 19:58:00,2025-11-24 20:27:22.244371248,2025-11-24 23:25:22.244371248,3 - Média,Rede,Sub A,lhco,CI-238,NOC N1,Manual,SIM,NAO,Erro de Configuração,Reinício de serviço,1762.2443712485092
INC103604,2025-11-24 22:55:00,2025-11-24 23:54:32.398021422,2025-11-25 00:10:32.398021422,4 - Baixa,Rede,Sub B,lcem,CI-185,NOC N2,Monitoramento,NAO,NAO,Falha de Rede,Patch aplicado,3572.3980214194034
INC103605,2025-11-25 01:27:00,2025-11-25 03:06:31.434872514,2025-11-25 04:31:31.434872514,4 - Baixa,Banco de Dados,Sub A,lhco,CI-265,NOC N2,Monitoramento,NAO,NAO,Falha de Aplicação,Ajuste de configuração,5971.434872515519
INC103606,2025-11-25 03:07:00,2025-11-25 06:35:30.810315384,2025-11-25 09:17:30.810315384,2 - Alta,Banco de Dados,Sub C,lhco,CI-195,Suporte N3,Monitoramento,SIM,NAO,Erro de Configuração,Patch aplicado,12510.810315381856
INC103607,2025-11-25 03:40:00,2025-11-25 04:35:51.979884492,2025-11-25 06:10:51.979884492,3 - Média,Aplicação,Sub C,lcem,CI-359,SRE,Monitoramento,SIM,NAO,Manutenção Programada,Reinício de serviço,3351.979884494833
INC103608,2025-11-25 04:12:00,2025-11-25 05:36:19.200549576,2025-11-25 05:42:19.200549576,3 - Média,Infraestrutura,Sub A,lsin,CI-159,Suporte N3,Manual,SIM,NAO,Manutenção Programada,Ajuste de configuração,5059.200549573807
INC103609,2025-11-25 07:25:00,2025-11-25 09:26:26.498550036,2025-11-25 09:32:26.498550036,3 - Média,Aplicação,Sub C,lrev,CI-108,Suporte N3,Monitoramento,SIM,NAO,Falha de Rede,Reinício de serviço,7286.498550035686
INC103610,2025-11-25 07:36:00,2025-11-25 09:49:31.834243956,2025-11-25 10:12:31.834243956,4 - Baixa,Rede,Sub B,lsin,CI-200,SRE,Monitoramento,NAO,NAO,Falha de Aplicação,Patch aplicado,8011.834243956812
INC103611,2025-11-25 10:30:00,2025-11-25 11:55:52.508149548,2025-11-25 15:13:52.508149548,4 - Baixa,Infraestrutura,Sub B,lcem,CI-345,SRE,Monitoramento,NAO,NAO,Erro de Configuração,Reinício de serviço,5152.508149546824
INC103612,2025-11-25 11:23:00,2025-11-25 11:51:17.190871992,2025-11-25 14:44:17.190871992,3 - Média,Banco de Dados,Sub B,lhvp,CI-307,SRE,Manual,SIM,NAO,Erro de Configuração,Patch aplicado,1697.1908719922378
INC103613,2025-11-25 12:42:00,2025-11-25 14:49:20.940530874,2025-11-25 15:30:20.940530874,3 - Média,Aplicação,Sub B,lsin,CI-47,NOC N1,Monitoramento,SIM,NAO,Falha de Rede,Patch aplicado,7640.940530873873
INC103614,2025-11-25 14:20:00,2025-11-25 15:30:48.988098168,2025-11-25 15:39:48.988098168,3 - Média,Infraestrutura,Sub C,lhco,CI-21,NOC N2,Monitoramento,SIM,NAO,Falha de Rede,Reinício de serviço,4248.988098165224
INC103615,2025-11-25 16:47:00,2025-11-25 19:53:11.873578110,2025-11-25 20:57:11.873578110,4 - Baixa,Banco de Dados,Sub C,lsin,CI-309,NOC N2,Monitoramento,NAO,NAO,Manutenção Programada,Reinício de serviço,11171.873578109029
INC103616,2025-11-25 17:51:00,2025-11-25 18:13:45.652454580,2025-11-25 19:58:45.652454580,4 - Baixa,Banco de Dados,Sub B,lcem,CI-73,NOC N1,Monitoramento,NAO,NAO,Falha de Aplicação,Reinício de serviço,1365.6524545800057
INC103617,2025-11-25 18:05:00,2025-11-25 18:53:52.653722676,2025-11-25 19:58:52.653722676,2 - Alta,Rede,Sub B,lhco,CI-321,SRE,Monitoramento,SIM,NAO,Falha de Rede,Reinício de serviço,2932.65372267552
INC103618,2025-11-25 20:01:00,2025-11-25 21:03:25.840330872,2025-11-25 22:20:25.840330872,4 - Baixa,Aplicação,Sub A,lcem,CI-114,Suporte N3,Monitoramento,NAO,NAO,Erro de Configuração,Ajuste de configuração,3745.84033087261
INC103619,2025-11-25 20:03:00,2025-11-25 21:47:22.984301544,2025-11-26 00:30:22.984301544,4 - Baixa,Infraestrutura,Sub B,lhvp,CI-308,NOC N2,Monitoramento,NAO,NAO,Falha de Aplicação,Ajuste de configuração,6262.984301546407
INC103620,2025-11-25 20:45:00,2025-11-25 22:14:53.804509494,2025-11-26 01:21:53.804509494,2 - Alta,Banco de Dados,Sub B,lsin,CI-209,NOC N1,Monitoramento,SIM,NAO,Falha de Aplicação,Patch aplicado,5393.8045094965555
INC103621,2025-11-26 00:02:00,2025-11-26 00:05:36.633381234,2025-11-26 02:36:36.633381234,3 - Média,Infraestrutura,Sub C,lrev,CI-137,NOC N1,Monitoramento,SIM,NAO,Erro de Configuração,Ajuste de configuração,216.63338123685978
INC103622,2025-11-26 00:39:00,2025-11-26 00:44:52.442955192,2025-11-26 01:30:52.442955192,3 - Média,Banco de Dados,Sub B,lcem,CI-127,NOC N1,Monitoramento,SIM,NAO,Falha de Rede,Reinício de serviço,352.44295519316614
INC103623,2025-11-26 00:52:00,2025-11-26 01:25:15.669157482,2025-11-26 01:42:15.669157482,4 - Baixa,Banco de Dados,Sub B,lsin,CI-395,SRE,Monitoramento,NAO,NAO,Falha de Rede,Ajuste de configuração,1995.669157483268
INC103624,2025-11-26 03:29:00,2025-11-26 06:04:32.839913616,2025-11-26 06:59:32.839913616,4 - Baixa,Rede,Sub A,lsin,CI-169,NOC N2,Monitoramento,NAO,NAO,Manutenção Programada,Patch aplicado,9332.839913615153
INC103625,2025-11-26 05:51:00,2025-11-26 08:38:05.021028954,2025-11-26 11:56:05.021028954,3 - Média,Rede,Sub A,lhco,CI-58,NOC N1,Monitoramento,SIM,NAO,Falha de Aplicação,Reinício de serviço,10025.02102895265
INC103626,2025-11-26 07:14:00,2025-11-26 07:58:06.917280792,2025-11-26 09:27:06.917280792,4 - Baixa,Rede,Sub B,lcem,CI-326,NOC N1,Monitoramento,NAO,NAO,Erro de Configuração,Reinício de serviço,2646.9172807899495
INC103627,2025-11-26 10:24:00,2025-11-26 11:23:09.484212396,2025-11-26 13:56:09.484212396,3 - Média,Aplicação,Sub A,lhvp,CI-200,Suporte N3,Monitoramento,SIM,NAO,Erro de Configuração,Patch aplicado,3549.4842123957337
INC103628,2025-11-26 10:53:00,2025-11-26 11:37:50.486408628,2025-11-26 12:59:50.486408628,4 - Baixa,Rede,Sub C,lhco,CI-81,NOC N1,Manual,NAO,NAO,Falha de Aplicação,Ajuste de configuração,2690.486408626477
INC103629,2025-11-26 14:41:00,2025-11-26 18:52:09.105907446,2025-11-26 21:08:09.105907446,4 - Baixa,Aplicação,Sub B,lcem,CI-130,NOC N1,Monitoramento,NAO,NAO,Falha de Rede,Reinício de serviço,15069.105907443045
INC103630,2025-11-26 15:33:00,2025-11-26 17:01:33.592364904,2025-11-26 20:40:33.592364904,3 - Média,Banco de Dados,Sub A,lsin,CI-390,NOC N2,Monitoramento,SIM,NAO,Falha de Rede,Ajuste de configuração,5313.592364902565
INC103631,2025-11-27 03:58:00,2025-11-27 05:14:19.346532816,2025-11-27 07:47:19.346532816,3 - Média,Banco de Dados,Sub B,lhco,CI-269,NOC N2,Manual,SIM,NAO,Falha de Rede,Patch aplicado,4579.346532814666
INC103632,2025-11-27 06:58:00,2025-11-27 08:33:43.541331756,2025-11-27 11:13:43.541331756,4 - Baixa,Rede,Sub A,lhco,CI-59,SRE,Monitoramento,NAO,NAO,Erro de Configuração,Ajuste de configuração,5743.54133175786
INC103633,2025-11-27 07:42:00,2025-11-27 07:45:52.120031202,2025-11-27 11:44:52.120031202,4 - Baixa,Banco de Dados,Sub B,lsin,CI-189,Suporte N3,Monitoramento,NAO,NAO,Manutenção Programada,Reinício de serviço,232.12003120027626
INC103634,2025-11-27 08:13:00,2025-11-27 09:04:38.089717812,2025-11-27 12:50:38.089717812,3 - Média,Rede,Sub B,lsin,CI-113,NOC N1,Monitoramento,SIM,NAO,Erro de Configuração,Reinício de serviço,3098.089717812476
INC103635,2025-11-27 08:49:00,2025-11-27 09:45:47.250015984,2025-11-27 11:51:47.250015984,3 - Média,Banco de Dados,Sub B,lhco,CI-38,NOC N1,Manual,SIM,NAO,Falha de Aplicação,Ajuste de configuração,3407.250015981768
INC103636,2025-11-27 14:14:00,2025-11-27 17:05:18.879925974,2025-11-27 18:01:18.879925974,4 - Baixa,Banco de Dados,Sub A,lsin,CI-121,NOC N1,Monitoramento,NAO,NAO,Erro de Configuração,Ajuste de configuração,10278.879925972566
INC103637,2025-11-27 14:54:00,2025-11-27 15:43:58.447595808,2025-11-27 17:04:58.447595808,4 - Baixa,Infraestrutura,Sub A,lsin,CI-23,SRE,Monitoramento,NAO,NAO,Erro de Configuração,Patch aplicado,2998.4475958105354
INC103638,2025-11-27 15:05:00,2025-11-27 15:29:56.951328594,2025-11-27 17:14:56.951328594,3 - Média,Banco de Dados,Sub A,lhvp,CI-260,SRE,Monitoramento,SIM,NAO,Falha de Rede,Reinício de serviço,1496.951328592448
INC103639,2025-11-27 15:16:00,2025-11-27 15:37:08.553534642,2025-11-27 18:01:08.553534642,4 - Baixa,Banco de Dados,Sub B,lhco,CI-216,NOC N2,Monitoramento,NAO,NAO,Manutenção Programada,Ajuste de configuração,1268.5535346407207
INC103640,2025-11-27 16:05:00,2025-11-27 16:38:46.040152242,2025-11-27 18:09:46.040152242,3 - Média,Infraestrutura,Sub C,lsin,CI-166,SRE,Monitoramento,SIM,NAO,Falha de Rede,Reinício de serviço,2026.0401522433874
INC103641,2025-11-27 18:17:00,2025-11-27 18:24:29.702622228,2025-11-27 21:17:29.702622228,2 - Alta,Rede,Sub A,lhvp,CI-39,NOC N1,Monitoramento,SIM,NAO,Falha de Rede,Patch aplicado,449.70262223075855
INC103642,2025-11-28 01:11:00,2025-11-28 02:14:25.341895422,2025-11-28 02:54:25.341895422,2 - Alta,Rede,Sub C,lhco,CI-216,Suporte N3,Monitoramento,SIM,NAO,Falha de Rede,Reinício de serviço,3805.3418954214767
INC103643,2025-11-28 04:12:00,2025-11-28 06:51:20.871520974,2025-11-28 07:25:20.871520974,4 - Baixa,Rede,Sub A,lhco,CI-334,NOC N1,Monitoramento,NAO,NAO,Falha de Rede,Ajuste de configuração,9560.8715209726
INC103644,2025-11-28 08:49:00,2025-11-28 13:16:56.181673224,2025-11-28 16:08:56.181673224,3 - Média,Aplicação,Sub A,lhco,CI-335,NOC N2,Monitoramento,SIM,NAO,Falha de Rede,Patch aplicado,16076.181673226789
INC103645,2025-11-28 10:47:00,2025-11-28 11:23:22.685844642,2025-11-28 15:14:22.685844642,4 - Baixa,Infraestrutura,Sub B,lhco,CI-387,NOC N2,Monitoramento,NAO,NAO,Erro de Configuração,Reinício de serviço,2182.6858446436695
INC103646,2025-11-28 11:48:00,2025-11-28 14:27:11.733906390,2025-11-28 15:19:11.733906390,2 - Alta,Banco de Dados,Sub C,lhvp,CI-173,NOC N2,Monitoramento,SIM,NAO,Falha de Aplicação,Ajuste de configuração,9551.73390638782
INC103647,2025-11-28 12:51:00,2025-11-28 13:27:22.124952504,2025-11-28 17:23:22.124952504,4 - Baixa,Rede,Sub B,lsin,CI-335,NOC N1,Monitoramento,NAO,NAO,Falha de Rede,Patch aplicado,2182.1249525067046
INC103648,2025-11-28 20:12:00,2025-11-28 22:44:38.192241756,2025-11-28 23:36:38.192241756,3 - Média,Aplicação,Sub C,lhvp,CI-146,NOC N2,Monitoramento,SIM,NAO,Falha de Aplicação,Reinício de serviço,9158.192241757353
INC103649,2025-11-28 20:33:00,2025-11-28 23:10:11.481248328,2025-11-29 00:45:11.481248328,3 - Média,Infraestrutura,Sub A,lcem,CI-69,NOC N2,Monitoramento,SIM,NAO,Falha de Aplicação,Patch aplicado,9431.481248328644
INC103650,2025-11-28 22:47:00,2025-11-28 23:34:21.315819246,2025-11-29 01:20:21.315819246,4 - Baixa,Infraestrutura,Sub A,lhco,CI-15,NOC N2,Monitoramento,NAO,NAO,Falha de Aplicação,Patch aplicado,2841.3158192485957
INC103651,2025-11-29 01:30:00,2025-11-29 03:54:48.324469950,2025-11-29 06:32:48.324469950,3 - Média,Banco de Dados,Sub B,lhco,CI-163,Suporte N3,Monitoramento,SIM,NAO,Erro de Configuração,Ajuste de configuração,8688.324469952157
INC103652,2025-11-29 02:39:00,2025-11-29 03:46:21.783172176,2025-11-29 05:21:21.783172176,4 - Baixa,Banco de Dados,Sub C,lhvp,CI-394,NOC N2,Monitoramento,NAO,NAO,Falha de Aplicação,Ajuste de configuração,4041.783172175613
INC103653,2025-11-29 04:36:00,2025-11-29 06:01:58.105526328,2025-11-29 07:18:58.105526328,2 - Alta,Aplicação,Sub C,lhvp,CI-340,SRE,Monitoramento,SIM,NAO,Falha de Aplicação,Reinício de serviço,5158.105526326809
INC103654,2025-11-29 07:28:00,2025-11-29 09:05:44.678092566,2025-11-29 11:18:44.678092566,4 - Baixa,Banco de Dados,Sub C,lhvp,CI-116,Suporte N3,Monitoramento,NAO,NAO,Falha de Rede,Reinício de serviço,5864.678092568935
INC103655,2025-11-29 08:35:00,2025-11-29 09:07:59.581152942,2025-11-29 09:28:59.581152942,2 - Alta,Aplicação,Sub A,lsin,CI-24,Suporte N3,Monitoramento,SIM,NAO,Manutenção Programada,Patch aplicado,1979.5811529444145
INC103656,2025-11-29 09:13:00,2025-11-29 09:39:23.104592022,2025-11-29 12:24:23.104592022,3 - Média,Banco de Dados,Sub B,lsin,CI-126,NOC N1,Manual,SIM,NAO,Manutenção Programada,Reinício de serviço,1583.1045920192114
INC103657,2025-11-29 12:31:00,2025-11-29 12:44:53.276575920,2025-11-29 13:28:53.276575920,3 - Média,Rede,Sub C,lrev,CI-139,NOC N1,Monitoramento,SIM,NAO,Manutenção Programada,Reinício de serviço,833.2765759170182
INC103658,2025-11-29 12:39:00,2025-11-29 14:24:32.872868322,2025-11-29 17:16:32.872868322,3 - Média,Infraestrutura,Sub B,lhco,CI-66,NOC N1,Monitoramento,SIM,NAO,Manutenção Programada,Patch aplicado,6332.872868323684
INC103659,2025-11-29 13:55:00,2025-11-29 14:04:30.440027952,2025-11-29 17:50:30.440027952,4 - Baixa,Banco de Dados,Sub A,lsin,CI-242,SRE,Monitoramento,NAO,NAO,Falha de Aplicação,Reinício de serviço,570.4400279529499
INC103660,2025-11-29 14:43:00,2025-11-29 16:26:27.173495490,2025-11-29 17:54:27.173495490,2 - Alta,Banco de Dados,Sub A,lsin,CI-34,NOC N2,Monitoramento,SIM,NAO,Erro de Configuração,Reinício de serviço,6207.173495487132
INC103661,2025-11-29 16:23:00,2025-11-29 17:42:46.367111082,2025-11-29 19:08:46.367111082,3 - Média,Rede,Sub C,lcem,CI-108,NOC N2,Monitoramento,SIM,NAO,Erro de Configuração,Reinício de serviço,4786.367111079129
INC103662,2025-11-29 16:50:00,2025-11-29 17:58:22.033081626,2025-11-29 19:20:22.033081626,2 - Alta,Infraestrutura,Sub A,lhco,CI-394,NOC N1,Monitoramento,SIM,NAO,Falha de Aplicação,Patch aplicado,4102.0330816238675
INC103663,2025-11-29 19:53:00,2025-11-29 21:24:30.873382062,2025-11-30 00:17:30.873382062,3 - Média,Rede,Sub B,lhco,CI-9,NOC N1,Monitoramento,SIM,NAO,Falha de Rede,Patch aplicado,5490.873382059447
INC103664,2025-11-30 01:43:00,2025-11-30 04:39:23.286949248,2025-11-30 07:30:23.286949248,4 - Baixa,Rede,Sub B,lsin,CI-18,NOC N2,Monitoramento,NAO,NAO,Falha de Aplicação,Reinício de serviço,10583.28694924942
INC103665,2025-11-30 03:10:00,2025-11-30 07:23:33.217397274,2025-11-30 09:27:33.217397274,3 - Média,Infraestrutura,Sub C,lsin,CI-352,Suporte N3,Monitoramento,SIM,SIM,Erro de Configuração,Ajuste de configuração,15213.217397272529
INC103666,2025-11-30 09:16:00,2025-11-30 11:13:37.019404260,2025-11-30 15:04:37.019404260,4 - Baixa,Banco de Dados,Sub C,lhvp,CI-174,NOC N1,Monitoramento,NAO,NAO,Erro de Configuração,Reinício de serviço,7057.0194042597595
INC103667,2025-11-30 12:35:00,2025-11-30 13:22:59.103928872,2025-11-30 15:01:59.103928872,3 - Média,Rede,Sub C,lhco,CI-5,NOC N2,Monitoramento,SIM,NAO,Falha de Aplicação,Patch aplicado,2879.1039288704737
INC103668,2025-11-30 13:02:00,2025-11-30 16:07:54.451564416,2025-11-30 19:21:54.451564416,3 - Média,Aplicação,Sub A,lhvp,CI-345,NOC N1,Monitoramento,SIM,NAO,Erro de Configuração,Patch aplicado,11154.451564415276
INC103669,2025-11-30 14:45:00,2025-11-30 15:11:03.433841364,2025-11-30 16:46:03.433841364,3 - Média,Banco de Dados,Sub B,lcem,CI-328,SRE,Monitoramento,SIM,NAO,Falha de Aplicação,Ajuste de configuração,1563.433841364991
INC103670,2025-11-30 17:31:00,2025-11-30 18:19:43.493821392,2025-11-30 20:54:43.493821392,3 - Média,Infraestrutura,Sub C,lsin,CI-342,Suporte N3,Monitoramento,SIM,NAO,Erro de Configuração,Reinício de serviço,2923.4938213919027
INC103671,2025-11-30 17:38:00,2025-11-30 20:32:35.800774158,2025-12-01 00:30:35.800774158,4 - Baixa,Rede,Sub B,lrev,CI-55,SRE,Monitoramento,NAO,NAO,Falha de Rede,Reinício de serviço,10475.800774158719
INC103672,2025-11-30 19:54:00,2025-11-30 21:55:38.940514542,2025-12-01 00:05:38.940514542,4 - Baixa,Aplicação,Sub B,lsin,CI-297,Suporte N3,Monitoramento,NAO,NAO,Manutenção Programada,Ajuste de configuração,7298.940514544558
INC103673,2025-11-30 21:15:00,2025-11-30 22:25:15.784711595,2025-11-30 23:17:15.784711595,4 - Baixa,Infraestrutura,Sub A,lsin,CI-296,SRE,Monitoramento,NAO,NAO,Falha de Rede,Reinício de serviço,4215.784711593374
INC103674,2025-11-30 22:47:00,2025-12-01 00:14:10.493973102,2025-12-01 04:00:10.493973102,3 - Média,Aplicação,Sub C,lsin,CI-356,NOC N2,Monitoramento,SIM,NAO,Falha de Rede,Reinício de serviço,5230.493973102909
INC103675,2025-12-01 00:38:00,2025-12-01 01:24:28.895754804,2025-12-01 04:34:28.895754804,2 - Alta,Rede,Sub B,lhco,CI-187,Suporte N3,Monitoramento,SIM,NAO,Manutenção Programada,Ajuste de configuração,2788.8957548027993
INC103676,2025-12-01 00:40:00,2025-12-01 01:55:04.080193458,2025-12-01 04:50:04.080193458,3 - Média,Rede,Sub B,lhvp,CI-323,Suporte N3,Monitoramento,SIM,NAO,Erro de Configuração,Ajuste de configuração,4504.08019345689
INC103677,2025-12-01 02:49:00,2025-12-01 04:36:38.434910730,2025-12-01 05:20:38.434910730,3 - Média,Rede,Sub A,lhco,CI-335,SRE,Monitoramento,SIM,NAO,Erro de Configuração,Ajuste de configuração,6458.434910731708
INC103678,2025-12-01 07:35:00,2025-12-01 09:12:40.398770616,2025-12-01 10:51:40.398770616,3 - Média,Banco de Dados,Sub C,lsin,CI-88,SRE,Monitoramento,SIM,NAO,Erro de Configuração,Reinício de serviço,5860.398770614368
INC103679,2025-12-01 07:58:00,2025-12-01 09:34:12.023604744,2025-12-01 11:38:12.023604744,4 - Baixa,Aplicação,Sub C,lhvp,CI-166,NOC N2,Manual,NAO,NAO,Falha de Rede,Patch aplicado,5772.023604745563
INC103680,2025-12-01 09:25:00,2025-12-01 10:18:29.202618486,2025-12-01 13:29:29.202618486,2 - Alta,Infraestrutura,Sub C,lhco,CI-234,NOC N1,Monitoramento,SIM,NAO,Erro de Configuração,Reinício de serviço,3209.202618486107
INC103681,2025-12-01 16:04:00,2025-12-01 16:59:49.268291706,2025-12-01 19:28:49.268291706,2 - Alta,Aplicação,Sub A,lhvp,CI-390,SRE,Monitoramento,SIM,NAO,Erro de Configuração,Patch aplicado,3349.2682917081806
INC103682,2025-12-01 17:49:00,2025-12-01 19:53:36.939446172,2025-12-01 21:15:36.939446172,3 - Média,Rede,Sub B,lhvp,CI-8,NOC N2,Monitoramento,SIM,NAO,Falha de Aplicação,Ajuste de configuração,7476.939446173632
INC103683,2025-12-01 19:02:00,2025-12-01 20:52:02.580992832,2025-12-02 00:25:02.580992832,3 - Média,Rede,Sub C,lrev,CI-49,SRE,Monitoramento,SIM,NAO,Falha de Rede,Ajuste de configuração,6602.580992830833
INC103684,2025-12-01 20:16:00,2025-12-01 20:57:16.397853989,2025-12-02 00:36:16.397853989,2 - Alta,Rede,Sub B,lsin,CI-273,SRE,Monitoramento,SIM,NAO,Erro de Configuração,Reinício de serviço,2476.397853988697
INC103685,2025-12-02 02:09:00,2025-12-02 02:58:23.580697050,2025-12-02 06:33:23.580697050,3 - Média,Aplicação,Sub A,lsin,CI-124,NOC N2,Monitoramento,SIM,NAO,Falha de Aplicação,Ajuste de configuração,2963.580697052541
INC103686,2025-12-02 04:56:00,2025-12-02 06:04:12.611702214,2025-12-02 06:24:12.611702214,4 - Baixa,Aplicação,Sub B,lhco,CI-325,NOC N2,Monitoramento,NAO,NAO,Manutenção Programada,Patch aplicado,4092.611702214318
INC103687,2025-12-02 05:40:00,2025-12-02 06:56:45.180786486,2025-12-02 07:17:45.180786486,4 - Baixa,Aplicação,Sub B,lsin,CI-52,SRE,Monitoramento,NAO,NAO,Erro de Configuração,Ajuste de configuração,4605.180786486457
INC103688,2025-12-02 07:15:00,2025-12-02 08:52:40.798620744,2025-12-02 11:19:40.798620744,2 - Alta,Rede,Sub C,lsin,CI-152,Suporte N3,Monitoramento,SIM,NAO,Falha de Rede,Patch aplicado,5860.79862074129
INC103689,2025-12-02 08:03:00,2025-12-02 08:31:56.638204266,2025-12-02 09:39:56.638204266,4 - Baixa,Infraestrutura,Sub B,lrev,CI-141,SRE,Monitoramento,NAO,NAO,Erro de Configuração,Reinício de serviço,1736.638204264296
INC103690,2025-12-02 12:07:00,2025-12-02 13:30:35.033382852,2025-12-02 14:05:35.033382852,4 - Baixa,Infraestrutura,Sub B,lhvp,CI-216,NOC N2,Monitoramento,NAO,NAO,Falha de Rede,Ajuste de configuração,5015.033382854742
INC103691,2025-12-02 12:38:00,2025-12-02 14:43:03.966548904,2025-12-02 14:49:03.966548904,2 - Alta,Rede,Sub B,lsin,CI-221,SRE,Manual,SIM,NAO,Erro de Configuração,Reinício de serviço,7503.966548906526
INC103692,2025-12-02 18:30:00,2025-12-02 19:32:00.916115256,2025-12-02 22:24:00.916115256,4 - Baixa,Banco de Dados,Sub B,lcem,CI-165,Suporte N3,Monitoramento,NAO,NAO,Falha de Rede,Patch aplicado,3720.9161152532715
INC103693,2025-12-03 01:55:00,2025-12-03 04:08:36.192942720,2025-12-03 05:43:36.192942720,4 - Baixa,Infraestrutura,Sub A,lcem,CI-198,Suporte N3,Monitoramento,NAO,NAO,Manutenção Programada,Ajuste de configuração,8016.192942718891
INC103694,2025-12-03 07:20:00,2025-12-03 08:22:02.605375362,2025-12-03 09:16:02.605375362,4 - Baixa,Rede,Sub C,lhco,CI-308,SRE,Monitoramento,NAO,NAO,Falha de Rede,Reinício de serviço,3722.605375359755
INC103695,2025-12-03 08:06:00,2025-12-03 08:56:41.932722048,2025-12-03 09:22:41.932722048,3 - Média,Aplicação,Sub B,lhco,CI-100,NOC N1,Monitoramento,SIM,NAO,Falha de Rede,Patch aplicado,3041.9327220498394
INC103696,2025-12-03 08:38:00,2025-12-03 09:36:09.576218364,2025-12-03 11:58:09.576218364,4 - Baixa,Infraestrutura,Sub A,lsin,CI-390,NOC N1,Manual,NAO,NAO,Erro de Configuração,Ajuste de configuração,3489.5762183634192
INC103697,2025-12-03 08:55:00,2025-12-03 09:52:49.376956956,2025-12-03 11:12:49.376956956,4 - Baixa,Banco de Dados,Sub C,lsin,CI-16,SRE,Monitoramento,NAO,NAO,Falha de Rede,Ajuste de configuração,3469.376956957689
INC103698,2025-12-03 10:43:00,2025-12-03 13:08:17.123496011,2025-12-03 15:50:17.123496011,2 - Alta,Banco de Dados,Sub C,lhco,CI-94,Suporte N3,Monitoramento,SIM,NAO,Manutenção Programada,Patch aplicado,8717.123496012722
INC103699,2025-12-03 10:49:00,2025-12-03 12:09:22.320958224,2025-12-03 12:24:22.320958224,4 - Baixa,Infraestrutura,Sub B,lrev,CI-233,SRE,Monitoramento,NAO,NAO,Falha de Aplicação,Patch aplicado,4822.320958224971
INC103700,2025-12-03 11:22:00,2025-12-03 12:18:00.779154942,2025-12-03 14:51:00.779154942,2 - Alta,Banco de Dados,Sub C,lcem,CI-277,NOC N1,Monitoramento,SIM,NAO,Falha de Aplicação,Ajuste de configuração,3360.7791549436574
INC103701,2025-12-03 13:30:00,2025-12-03 15:04:47.574253182,2025-12-03 15:05:47.574253182,3 - Média,Aplicação,Sub A,lsin,CI-98,NOC N2,Manual,SIM,NAO,Manutenção Programada,Ajuste de configuração,5687.57425318227
INC103702,2025-12-03 14:17:00,2025-12-03 16:31:25.323069306,2025-12-03 20:12:25.323069306,3 - Média,Aplicação,Sub A,lhco,CI-287,NOC N2,Monitoramento,SIM,NAO,Falha de Aplicação,Ajuste de configuração,8065.323069303229
INC103703,2025-12-03 16:10:00,2025-12-03 17:01:02.894861460,2025-12-03 17:42:02.894861460,4 - Baixa,Aplicação,Sub A,lhvp,CI-389,Suporte N3,Monitoramento,NAO,NAO,Manutenção Programada,Reinício de serviço,3062.8948614586393
INC103704,2025-12-03 16:35:00,2025-12-03 18:18:29.594763624,2025-12-03 21:44:29.594763624,3 - Média,Banco de Dados,Sub C,lhco,CI-183,Suporte N3,Monitoramento,SIM,NAO,Falha de Aplicação,Patch aplicado,6209.594763625168
INC103705,2025-12-03 19:04:00,2025-12-03 19:29:33.387891689,2025-12-03 20:31:33.387891689,3 - Média,Banco de Dados,Sub C,lhco,CI-377,NOC N1,Manual,SIM,NAO,Falha de Rede,Ajuste de configuração,1533.3878916875967
INC103706,2025-12-03 22:33:00,2025-12-03 22:45:59.013094182,2025-12-03 22:50:59.013094182,3 - Média,Banco de Dados,Sub C,lhco,CI-284,NOC N1,Monitoramento,SIM,NAO,Manutenção Programada,Patch aplicado,779.0130941845297
INC103707,2025-12-04 03:01:00,2025-12-04 03:50:30.533692260,2025-12-04 06:15:30.533692260,2 - Alta,Rede,Sub B,lhvp,CI-258,NOC N2,Monitoramento,SIM,NAO,Falha de Aplicação,Reinício de serviço,2970.533692259223
INC103708,2025-12-04 05:42:00,2025-12-04 07:30:27.524746086,2025-12-04 10:35:27.524746086,4 - Baixa,Banco de Dados,Sub C,lhvp,CI-81,Suporte N3,Monitoramento,NAO,NAO,Manutenção Programada,Ajuste de configuração,6507.524746087051
INC103709,2025-12-04 09:32:00,2025-12-04 10:22:18.412546986,2025-12-04 11:18:18.412546986,4 - Baixa,Banco de Dados,Sub B,lhco,CI-287,NOC N2,Monitoramento,NAO,NAO,Falha de Rede,Reinício de serviço,3018.4125469840174
INC103710,2025-12-04 12:17:00,2025-12-04 13:01:20.346969816,2025-12-04 14:10:20.346969816,3 - Média,Aplicação,Sub B,lcem,CI-377,Suporte N3,Monitoramento,SIM,NAO,Falha de Aplicação,Ajuste de configuração,2660.346969814517
INC103711,2025-12-04 21:31:00,2025-12-05 00:28:38.306975766,2025-12-05 04:21:38.306975766,2 - Alta,Banco de Dados,Sub C,lsin,CI-123,NOC N1,Monitoramento,SIM,NAO,Manutenção Programada,Ajuste de configuração,10658.306975766835
INC103712,2025-12-04 23:20:00,2025-12-04 23:29:16.783012038,2025-12-05 01:43:16.783012038,2 - Alta,Aplicação,Sub A,lrev,CI-102,NOC N1,Monitoramento,SIM,NAO,Falha de Rede,Ajuste de configuração,556.7830120351181
INC103713,2025-12-05 06:12:00,2025-12-05 07:49:23.706500136,2025-12-05 09:28:23.706500136,4 - Baixa,Banco de Dados,Sub C,lhco,CI-271,SRE,Monitoramento,NAO,NAO,Manutenção Programada,Reinício de serviço,5843.706500135233
INC103714,2025-12-05 06:19:00,2025-12-05 08:54:38.483448822,2025-12-05 11:49:38.483448822,3 - Média,Infraestrutura,Sub C,lcem,CI-126,SRE,Monitoramento,SIM,NAO,Manutenção Programada,Reinício de serviço,9338.483448821169
INC103715,2025-12-05 07:59:00,2025-12-05 09:03:22.205292378,2025-12-05 09:16:22.205292378,4 - Baixa,Aplicação,Sub A,lhvp,CI-95,NOC N2,Monitoramento,NAO,NAO,Falha de Rede,Patch aplicado,3862.2052923781675
INC103716,2025-12-05 08:35:00,2025-12-05 09:53:21.260828706,2025-12-05 13:03:21.260828706,4 - Baixa,Infraestrutura,Sub B,lsin,CI-242,Suporte N3,Monitoramento,NAO,NAO,Erro de Configuração,Reinício de serviço,4701.260828708945
INC103717,2025-12-05 09:58:00,2025-12-05 10:31:46.759440930,2025-12-05 10:44:46.759440930,3 - Média,Rede,Sub C,lhco,CI-303,NOC N2,Monitoramento,SIM,NAO,Manutenção Programada,Ajuste de configuração,2026.7594409316619
INC103718,2025-12-05 17:22:00,2025-12-05 18:23:02.185876674,2025-12-05 20:46:02.185876674,3 - Média,Aplicação,Sub C,lsin,CI-259,Suporte N3,Monitoramento,SIM,NAO,Erro de Configuração,Patch aplicado,3662.1858766719747
INC103719,2025-12-05 18:48:00,2025-12-05 21:06:17.722264398,2025-12-05 21:27:17.722264398,4 - Baixa,Banco de Dados,Sub B,lhco,CI-20,Suporte N3,Monitoramento,NAO,NAO,Falha de Aplicação,Reinício de serviço,8297.722264395876
INC103720,2025-12-05 19:33:00,2025-12-05 20:53:01.654179204,2025-12-05 23:29:01.654179204,2 - Alta,Banco de Dados,Sub B,lhvp,CI-208,NOC N2,Monitoramento,SIM,NAO,Falha de Rede,Ajuste de configuração,4801.6541792026765
INC103721,2025-12-05 20:24:00,2025-12-05 20:48:38.092842534,2025-12-05 22:03:38.092842534,4 - Baixa,Aplicação,Sub C,lsin,CI-74,SRE,Monitoramento,NAO,NAO,Manutenção Programada,Reinício de serviço,1478.0928425369807
INC103722,2025-12-05 21:35:00,2025-12-06 00:54:15.232980498,2025-12-06 02:45:15.232980498,2 - Alta,Rede,Sub C,lhco,CI-258,SRE,Monitoramento,SIM,NAO,Erro de Configuração,Reinício de serviço,11955.232980500723
INC103723,2025-12-06 01:19:00,2025-12-06 03:27:57.164658912,2025-12-06 04:24:57.164658912,3 - Média,Banco de Dados,Sub C,lhco,CI-352,NOC N2,Monitoramento,SIM,NAO,Manutenção Programada,Ajuste de configuração,7737.164658911987
INC103724,2025-12-06 02:17:00,2025-12-06 03:17:10.039996638,2025-12-06 04:00:10.039996638,3 - Média,Rede,Sub A,lsin,CI-14,Suporte N3,Monitoramento,SIM,NAO,Manutenção Programada,Ajuste de configuração,3610.039996637616
INC103725,2025-12-06 02:26:00,2025-12-06 03:37:33.235764174,2025-12-06 07:26:33.235764174,3 - Média,Rede,Sub A,lhco,CI-219,NOC N1,Monitoramento,SIM,NAO,Falha de Aplicação,Ajuste de configuração,4293.235764171102
INC103726,2025-12-06 05:57:00,2025-12-06 07:58:28.004933076,2025-12-06 09:02:28.004933076,2 - Alta,Banco de Dados,Sub B,lrev,CI-92,Suporte N3,Manual,SIM,SIM,Falha de Aplicação,Ajuste de configuração,7288.004933077351
INC103727,2025-12-06 06:33:00,2025-12-06 08:56:32.934479982,2025-12-06 09:11:32.934479982,3 - Média,Infraestrutura,Sub A,lsin,CI-180,SRE,Monitoramento,SIM,NAO,Erro de Configuração,Reinício de serviço,8612.934479981133
INC103728,2025-12-06 07:00:00,2025-12-06 08:31:10.440166956,2025-12-06 12:14:10.440166956,3 - Média,Infraestrutura,Sub A,lhco,CI-398,Suporte N3,Monitoramento,SIM,NAO,Falha de Aplicação,Reinício de serviço,5470.440166955281
INC103729,2025-12-06 07:46:00,2025-12-06 08:09:20.641527438,2025-12-06 09:47:20.641527438,3 - Média,Banco de Dados,Sub A,lsin,CI-251,NOC N2,Monitoramento,SIM,NAO,Manutenção Programada,Reinício de serviço,1400.6415274375468
INC103730,2025-12-06 12:04:00,2025-12-06 12:58:32.024993610,2025-12-06 15:09:32.024993610,3 - Média,Banco de Dados,Sub C,lhvp,CI-194,Suporte N3,Monitoramento,SIM,NAO,Manutenção Programada,Reinício de serviço,3272.024993611802
INC103731,2025-12-06 12:20:00,2025-12-06 13:08:58.698981240,2025-12-06 15:35:58.698981240,4 - Baixa,Aplicação,Sub A,lsin,CI-207,SRE,Monitoramento,NAO,NAO,Manutenção Programada,Ajuste de configuração,2938.6989812400693
INC103732,2025-12-06 21:46:00,2025-12-06 23:26:52.404632838,2025-12-07 00:52:52.404632838,2 - Alta,Banco de Dados,Sub B,lrev,CI-40,Suporte N3,Monitoramento,SIM,NAO,Manutenção Programada,Ajuste de configuração,6052.404632835386
INC103733,2025-12-07 01:20:00,2025-12-07 03:31:11.958511578,2025-12-07 05:07:11.958511578,3 - Média,Rede,Sub C,lhvp,CI-282,Suporte N3,Monitoramento,SIM,NAO,Erro de Configuração,Patch aplicado,7871.958511575026
INC103734,2025-12-07 02:31:00,2025-12-07 03:26:10.051390482,2025-12-07 05:54:10.051390482,3 - Média,Infraestrutura,Sub A,lhco,CI-221,NOC N1,Monitoramento,SIM,NAO,Manutenção Programada,Patch aplicado,3310.05139048045
INC103735,2025-12-07 02:47:00,2025-12-07 03:27:23.861972958,2025-12-07 03:49:23.861972958,2 - Alta,Banco de Dados,Sub C,lrev,CI-135,Suporte N3,Monitoramento,SIM,NAO,Erro de Configuração,Ajuste de configuração,2423.8619729604084
INC103736,2025-12-07 02:56:00,2025-12-07 03:57:44.253339492,2025-12-07 06:31:44.253339492,3 - Média,Aplicação,Sub A,lsin,CI-237,NOC N1,Manual,SIM,NAO,Erro de Configuração,Reinício de serviço,3704.253339491812
INC103737,2025-12-07 03:18:00,2025-12-07 04:17:46.767661470,2025-12-07 05:14:46.767661470,3 - Média,Rede,Sub B,lhco,CI-151,Suporte N3,Monitoramento,SIM,NAO,Falha de Aplicação,Patch aplicado,3586.7676614690477
INC103738,2025-12-07 03:25:00,2025-12-07 04:49:17.043616703,2025-12-07 05:27:17.043616703,2 - Alta,Rede,Sub A,lsin,CI-35,SRE,Monitoramento,SIM,NAO,Falha de Rede,Reinício de serviço,5057.043616702073
INC103739,2025-12-07 04:11:00,2025-12-07 06:18:48.748153554,2025-12-07 09:36:48.748153554,3 - Média,Aplicação,Sub B,lsin,CI-3,NOC N1,Monitoramento,SIM,NAO,Erro de Configuração,Reinício de serviço,7668.748153551012
INC103740,2025-12-07 04:57:00,2025-12-07 06:42:20.938028502,2025-12-07 10:06:20.938028502,2 - Alta,Banco de Dados,Sub B,lsin,CI-361,SRE,Monitoramento,SIM,NAO,Falha de Aplicação,Ajuste de configuração,6320.9380285008365
INC103741,2025-12-07 06:09:00,2025-12-07 07:31:30.904873914,2025-12-07 11:01:30.904873914,3 - Média,Rede,Sub B,lrev,CI-85,Suporte N3,Monitoramento,SIM,NAO,Falha de Rede,Reinício de serviço,4950.904873915312
INC103742,2025-12-07 07:02:00,2025-12-07 08:54:47.933342112,2025-12-07 11:04:47.933342112,3 - Média,Rede,Sub C,lhco,CI-234,SRE,Monitoramento,SIM,NAO,Falha de Aplicação,Ajuste de configuração,6767.933342113529
INC103743,2025-12-07 12:33:00,2025-12-07 13:00:35.998316418,2025-12-07 16:28:35.998316418,3 - Média,Aplicação,Sub C,lhvp,CI-10,Suporte N3,Monitoramento,SIM,NAO,Falha de Aplicação,Ajuste de configuração,1655.99831641976
INC103744,2025-12-07 13:44:00,2025-12-07 15:20:13.526892132,2025-12-07 18:51:13.526892132,2 - Alta,Banco de Dados,Sub B,lsin,CI-66,Suporte N3,Monitoramento,SIM,NAO,Manutenção Programada,Reinício de serviço,5773.526892130825
INC103745,2025-12-07 14:32:00,2025-12-07 15:01:33.439394927,2025-12-07 15:26:33.439394927,4 - Baixa,Rede,Sub A,lsin,CI-370,Suporte N3,Monitoramento,NAO,NAO,Erro de Configuração,Reinício de serviço,1773.4393949250061
INC103746,2025-12-07 17:07:00,2025-12-07 20:51:12.512736168,2025-12-07 21:48:12.512736168,4 - Baixa,Banco de Dados,Sub A,lhco,CI-327,NOC N1,Monitoramento,NAO,NAO,Falha de Rede,Patch aplicado,13452.512736170836
INC103747,2025-12-07 17:26:00,2025-12-07 19:27:26.157549480,2025-12-07 20:34:26.157549480,4 - Baixa,Infraestrutura,Sub C,lhco,CI-122,NOC N2,Monitoramento,NAO,NAO,Falha de Aplicação,Reinício de serviço,7286.157549481293
INC103748,2025-12-07 18:06:00,2025-12-07 19:51:57.790860198,2025-12-07 20:34:57.790860198,3 - Média,Rede,Sub C,lsin,CI-193,SRE,Monitoramento,SIM,NAO,Erro de Configuração,Ajuste de configuração,6357.790860196976
INC103749,2025-12-07 20:35:00,2025-12-07 21:32:39.372236298,2025-12-08 00:49:39.372236298,3 - Média,Infraestrutura,Sub B,lhco,CI-41,NOC N2,Monitoramento,SIM,NAO,Falha de Aplicação,Reinício de serviço,3459.3722362977715
INC103750,2025-12-07 22:12:00,2025-12-07 23:36:32.087252075,2025-12-08 02:29:32.087252075,4 - Baixa,Rede,Sub B,lsin,CI-276,Suporte N3,Monitoramento,NAO,NAO,Falha de Rede,Ajuste de configuração,5072.0872520731145
INC103751,2025-12-07 22:34:00,2025-12-07 22:55:18.728458584,2025-12-08 01:48:18.728458584,4 - Baixa,Rede,Sub C,lrev,CI-338,Suporte N3,Monitoramento,NAO,NAO,Falha de Aplicação,Ajuste de configuração,1278.728458585564
INC103752,2025-12-07 22:57:00,2025-12-08 00:10:14.239456710,2025-12-08 02:40:14.239456710,2 - Alta,Infraestrutura,Sub A,lsin,CI-192,Suporte N3,Monitoramento,SIM,NAO,Manutenção Programada,Patch aplicado,4394.239456707798
INC103753,2025-12-07 23:32:00,2025-12-08 01:23:40.195349856,2025-12-08 03:08:40.195349856,3 - Média,Rede,Sub B,lcem,CI-33,NOC N1,Monitoramento,SIM,NAO,Falha de Aplicação,Reinício de serviço,6700.195349855477
INC103754,2025-12-08 02:50:00,2025-12-08 03:31:16.362779208,2025-12-08 07:21:16.362779208,4 - Baixa,Infraestrutura,Sub C,lrev,CI-374,NOC N1,Monitoramento,NAO,NAO,Falha de Aplicação,Ajuste de configuração,2476.3627792089956
INC103755,2025-12-08 04:43:00,2025-12-08 06:04:58.004188482,2025-12-08 09:55:58.004188482,2 - Alta,Banco de Dados,Sub C,lrev,CI-278,NOC N1,Manual,SIM,NAO,Falha de Aplicação,Ajuste de configuração,4918.0041884849215
INC103756,2025-12-08 06:43:00,2025-12-08 08:37:43.290424476,2025-12-08 09:20:43.290424476,2 - Alta,Infraestrutura,Sub C,lsin,CI-329,NOC N2,Monitoramento,SIM,NAO,Falha de Rede,Patch aplicado,6883.290424475428
INC103757,2025-12-08 07:16:00,2025-12-08 09:30:10.466698740,2025-12-08 11:14:10.466698740,3 - Média,Rede,Sub C,lhco,CI-290,NOC N2,Monitoramento,SIM,NAO,Falha de Rede,Reinício de serviço,8050.46669874009
INC103758,2025-12-08 07:57:00,2025-12-08 08:36:55.116823656,2025-12-08 08:55:55.116823656,4 - Baixa,Infraestrutura,Sub A,lsin,CI-313,SRE,Monitoramento,NAO,NAO,Erro de Configuração,Reinício de serviço,2395.116823655355
INC103759,2025-12-08 12:37:00,2025-12-08 12:50:28.035231042,2025-12-08 14:02:28.035231042,2 - Alta,Banco de Dados,Sub C,lhco,CI-333,SRE,Monitoramento,SIM,NAO,Manutenção Programada,Reinício de serviço,808.03523104019
INC103760,2025-12-08 17:39:00,2025-12-08 18:30:27.171397842,2025-12-08 20:57:27.171397842,2 - Alta,Aplicação,Sub C,lsin,CI-275,Suporte N3,Monitoramento,SIM,NAO,Falha de Rede,Patch aplicado,3087.171397842465
INC103761,2025-12-08 17:51:00,2025-12-08 18:27:58.046238750,2025-12-08 21:12:58.046238750,4 - Baixa,Infraestrutura,Sub C,lcem,CI-68,Suporte N3,Monitoramento,NAO,NAO,Falha de Aplicação,Reinício de serviço,2218.0462387507705
INC103762,2025-12-08 18:05:00,2025-12-08 20:30:04.194757733,2025-12-08 23:24:04.194757733,3 - Média,Banco de Dados,Sub A,lsin,CI-99,SRE,Monitoramento,SIM,NAO,Falha de Aplicação,Ajuste de configuração,8704.194757735422
INC103763,2025-12-08 21:07:00,2025-12-09 01:42:17.030790545,2025-12-09 04:47:17.030790545,4 - Baixa,Banco de Dados,Sub B,lhvp,CI-7,SRE,Monitoramento,NAO,NAO,Manutenção Programada,Patch aplicado,16517.030790545687
INC103764,2025-12-08 21:13:00,2025-12-08 22:36:25.835768466,2025-12-09 00:52:25.835768466,4 - Baixa,Aplicação,Sub A,lrev,CI-338,Suporte N3,Monitoramento,NAO,NAO,Manutenção Programada,Ajuste de configuração,5005.835768467266
INC103765,2025-12-09 00:54:00,2025-12-09 01:50:51.210281922,2025-12-09 03:23:51.210281922,2 - Alta,Rede,Sub A,lsin,CI-307,NOC N2,Monitoramento,SIM,NAO,Manutenção Programada,Reinício de serviço,3411.2102819221245
INC103766,2025-12-09 01:24:00,2025-12-09 02:25:49.921096932,2025-12-09 05:35:49.921096932,4 - Baixa,Banco de Dados,Sub A,lhvp,CI-373,NOC N2,Monitoramento,NAO,NAO,Erro de Configuração,Patch aplicado,3709.921096931179
INC103767,2025-12-09 01:48:00,2025-12-09 02:45:17.371028202,2025-12-09 05:10:17.371028202,4 - Baixa,Banco de Dados,Sub C,lhvp,CI-312,NOC N1,Monitoramento,NAO,NAO,Falha de Aplicação,Patch aplicado,3437.3710282000884
INC103768,2025-12-09 06:36:00,2025-12-09 07:41:01.335101592,2025-12-09 11:25:01.335101592,3 - Média,Infraestrutura,Sub B,lrev,CI-257,NOC N1,Manual,SIM,NAO,Erro de Configuração,Patch aplicado,3901.335101592112
INC103769,2025-12-09 11:10:00,2025-12-09 11:47:24.117095730,2025-12-09 14:38:24.117095730,3 - Média,Infraestrutura,Sub C,lsin,CI-37,NOC N1,Monitoramento,SIM,NAO,Erro de Configuração,Ajuste de configuração,2244.1170957272584
INC103770,2025-12-09 13:10:00,2025-12-09 13:55:28.882227804,2025-12-09 16:40:28.882227804,4 - Baixa,Banco de Dados,Sub C,lhco,CI-252,NOC N1,Monitoramento,NAO,NAO,Falha de Rede,Patch aplicado,2728.8822278069283
INC103771,2025-12-09 16:47:00,2025-12-09 18:07:38.000011404,2025-12-09 22:04:38.000011404,2 - Alta,Aplicação,Sub C,lcem,CI-4,NOC N1,Monitoramento,SIM,NAO,Manutenção Programada,Patch aplicado,4838.0000114042405
INC103772,2025-12-09 17:03:00,2025-12-09 17:53:03.641237076,2025-12-09 18:24:03.641237076,3 - Média,Rede,Sub C,lhco,CI-344,NOC N2,Manual,SIM,NAO,Falha de Rede,Ajuste de configuração,3003.641237073989
INC103773,2025-12-09 20:53:00,2025-12-09 21:08:01.221694902,2025-12-09 22:14:01.221694902,3 - Média,Infraestrutura,Sub C,lsin,CI-90,SRE,Monitoramento,SIM,NAO,Falha de Aplicação,Patch aplicado,901.2216948995147
INC103774,2025-12-09 22:52:00,2025-12-10 00:15:06.113271702,2025-12-10 01:06:06.113271702,3 - Média,Infraestrutura,Sub B,lhco,CI-269,Suporte N3,Monitoramento,SIM,NAO,Falha de Aplicação,Reinício de serviço,4986.113271704877
INC103775,2025-12-10 02:56:00,2025-12-10 03:22:33.114865902,2025-12-10 03:59:33.114865902,3 - Média,Infraestrutura,Sub A,lhvp,CI-207,Suporte N3,Manual,SIM,NAO,Manutenção Programada,Reinício de serviço,1593.1148658995924
INC103776,2025-12-10 06:04:00,2025-12-10 06:30:38.048426166,2025-12-10 09:39:38.048426166,2 - Alta,Banco de Dados,Sub B,lhvp,CI-334,Suporte N3,Monitoramento,SIM,NAO,Falha de Rede,Patch aplicado,1598.0484261673878
INC103777,2025-12-10 06:55:00,2025-12-10 08:39:57.392517300,2025-12-10 09:33:57.392517300,2 - Alta,Aplicação,Sub A,lsin,CI-100,SRE,Monitoramento,SIM,NAO,Falha de Rede,Patch aplicado,6297.392517301529
INC103778,2025-12-10 09:24:00,2025-12-10 09:48:51.362699160,2025-12-10 11:39:51.362699160,3 - Média,Rede,Sub B,lsin,CI-94,NOC N1,Monitoramento,SIM,NAO,Erro de Configuração,Reinício de serviço,1491.3626991588212
INC103779,2025-12-10 14:24:00,2025-12-10 16:33:32.730136170,2025-12-10 19:12:32.730136170,2 - Alta,Rede,Sub C,lsin,CI-128,SRE,Monitoramento,SIM,NAO,Falha de Aplicação,Reinício de serviço,7772.730136168303
INC103780,2025-12-10 15:30:00,2025-12-10 15:50:51.854812848,2025-12-10 17:13:51.854812848,3 - Média,Rede,Sub C,lsin,CI-123,Suporte N3,Monitoramento,SIM,NAO,Falha de Rede,Reinício de serviço,1251.8548128506295
INC103781,2025-12-10 15:32:00,2025-12-10 16:03:01.885350684,2025-12-10 19:31:01.885350684,3 - Média,Rede,Sub A,lcem,CI-295,NOC N2,Monitoramento,SIM,NAO,Manutenção Programada,Ajuste de configuração,1861.8853506851028
INC103782,2025-12-10 18:15:00,2025-12-10 18:40:23.189920236,2025-12-10 18:48:23.189920236,4 - Baixa,Infraestrutura,Sub A,lhvp,CI-257,Suporte N3,Monitoramento,NAO,NAO,Falha de Aplicação,Reinício de serviço,1523.1899202386708
INC103783,2025-12-10 21:44:00,2025-12-11 01:23:29.785550142,2025-12-11 03:52:29.785550142,4 - Baixa,Infraestrutura,Sub A,lsin,CI-107,SRE,Monitoramento,NAO,NAO,Falha de Aplicação,Reinício de serviço,13169.785550140617
INC103784,2025-12-10 22:20:00,2025-12-11 01:41:38.109068028,2025-12-11 04:41:38.109068028,2 - Alta,Infraestrutura,Sub B,lcem,CI-87,SRE,Monitoramento,SIM,NAO,Manutenção Programada,Patch aplicado,12098.109068029384
INC103785,2025-12-10 23:41:00,2025-12-11 02:27:17.991247068,2025-12-11 03:13:17.991247068,4 - Baixa,Infraestrutura,Sub C,lhvp,CI-298,SRE,Manual,NAO,NAO,Falha de Rede,Patch aplicado,9977.991247067604
INC103786,2025-12-11 00:42:00,2025-12-11 02:27:44.194731966,2025-12-11 04:25:44.194731966,2 - Alta,Rede,Sub B,lrev,CI-128,NOC N1,Monitoramento,SIM,NAO,Manutenção Programada,Patch aplicado,6344.194731964061
INC103787,2025-12-11 01:54:00,2025-12-11 02:20:34.596879246,2025-12-11 03:46:34.596879246,4 - Baixa,Banco de Dados,Sub A,lhco,CI-331,Suporte N3,Manual,NAO,NAO,Falha de Rede,Patch aplicado,1594.5968792432036
INC103788,2025-12-11 07:51:00,2025-12-11 12:19:33.467881212,2025-12-11 13:32:33.467881212,3 - Média,Infraestrutura,Sub C,lhco,CI-28,NOC N1,Monitoramento,SIM,NAO,Manutenção Programada,Ajuste de configuração,16113.467881211198
INC103789,2025-12-11 09:47:00,2025-12-11 10:30:15.851530806,2025-12-11 11:52:15.851530806,3 - Média,Rede,Sub A,lrev,CI-188,NOC N1,Monitoramento,SIM,NAO,Manutenção Programada,Reinício de serviço,2595.8515308084206
INC103790,2025-12-11 10:24:00,2025-12-11 11:14:11.566746144,2025-12-11 12:17:11.566746144,3 - Média,Infraestrutura,Sub C,lsin,CI-350,NOC N1,Monitoramento,SIM,NAO,Erro de Configuração,Patch aplicado,3011.5667461443245
INC103791,2025-12-11 14:38:00,2025-12-11 15:37:54.215329878,2025-12-11 19:06:54.215329878,4 - Baixa,Aplicação,Sub A,lhvp,CI-366,SRE,Monitoramento,NAO,NAO,Erro de Configuração,Ajuste de configuração,3594.2153298781964
INC103792,2025-12-11 15:51:00,2025-12-11 17:41:23.812914750,2025-12-11 20:24:23.812914750,4 - Baixa,Banco de Dados,Sub B,lsin,CI-372,SRE,Monitoramento,NAO,NAO,Manutenção Programada,Reinício de serviço,6623.8129147518775
INC103793,2025-12-11 16:39:00,2025-12-11 17:51:48.836941158,2025-12-11 20:57:48.836941158,4 - Baixa,Banco de Dados,Sub C,lsin,CI-236,SRE,Monitoramento,NAO,NAO,Erro de Configuração,Reinício de serviço,4368.836941157685
INC103794,2025-12-11 16:55:00,2025-12-11 19:40:16.240485768,2025-12-11 22:01:16.240485768,2 - Alta,Banco de Dados,Sub C,lhvp,CI-367,Suporte N3,Monitoramento,SIM,NAO,Manutenção Programada,Reinício de serviço,9916.240485768205
INC103795,2025-12-11 19:17:00,2025-12-11 21:31:24.516058500,2025-12-12 00:17:24.516058500,4 - Baixa,Infraestrutura,Sub A,lsin,CI-372,SRE,Manual,NAO,NAO,Falha de Rede,Reinício de serviço,8064.5160584991245
INC103796,2025-12-11 22:08:00,2025-12-11 22:57:05.464272852,2025-12-12 00:07:05.464272852,2 - Alta,Aplicação,Sub A,lsin,CI-235,NOC N1,Monitoramento,SIM,NAO,Manutenção Programada,Reinício de serviço,2945.464272849562
INC103797,2025-12-11 22:53:00,2025-12-12 00:36:03.403968552,2025-12-12 02:47:03.403968552,4 - Baixa,Banco de Dados,Sub C,lhvp,CI-195,Suporte N3,Monitoramento,NAO,NAO,Manutenção Programada,Reinício de serviço,6183.403968552171
INC103798,2025-12-11 23:58:00,2025-12-12 02:55:45.836037006,2025-12-12 06:29:45.836037006,2 - Alta,Infraestrutura,Sub C,lhco,CI-338,Suporte N3,Monitoramento,SIM,NAO,Falha de Aplicação,Reinício de serviço,10665.836037008616
INC103799,2025-12-12 03:48:00,2025-12-12 05:06:19.773250746,2025-12-12 05:57:19.773250746,2 - Alta,Banco de Dados,Sub A,lrev,CI-114,SRE,Monitoramento,SIM,NAO,Falha de Rede,Reinício de serviço,4699.773250746347
INC103800,2025-12-12 08:21:00,2025-12-12 09:46:46.936226850,2025-12-12 10:16:46.936226850,4 - Baixa,Infraestrutura,Sub C,lsin,CI-113,NOC N1,Manual,NAO,NAO,Manutenção Programada,Ajuste de configuração,5146.936226850639
INC103801,2025-12-12 10:20:00,2025-12-12 11:04:12.029844312,2025-12-12 13:29:12.029844312,4 - Baixa,Infraestrutura,Sub B,lsin,CI-294,SRE,Monitoramento,NAO,NAO,Manutenção Programada,Patch aplicado,2652.029844314851
INC103802,2025-12-12 12:41:00,2025-12-12 14:09:52.067086368,2025-12-12 17:47:52.067086368,4 - Baixa,Banco de Dados,Sub C,lcem,CI-297,NOC N2,Monitoramento,NAO,NAO,Falha de Rede,Reinício de serviço,5332.067086365221
INC103803,2025-12-12 15:33:00,2025-12-12 17:40:05.386833780,2025-12-12 17:56:05.386833780,3 - Média,Rede,Sub B,lcem,CI-45,NOC N1,Monitoramento,SIM,NAO,Falha de Rede,Patch aplicado,7625.3868337788435
INC103804,2025-12-12 16:32:00,2025-12-12 17:20:13.791601572,2025-12-12 18:17:13.791601572,2 - Alta,Infraestrutura,Sub C,lsin,CI-121,Suporte N3,Monitoramento,SIM,NAO,Falha de Rede,Reinício de serviço,2893.791601573435
INC103805,2025-12-12 17:31:00,2025-12-12 19:16:56.133617040,2025-12-12 20:55:56.133617040,3 - Média,Aplicação,Sub A,lsin,CI-132,SRE,Monitoramento,SIM,NAO,Falha de Aplicação,Ajuste de configuração,6356.133617042243
INC103806,2025-12-12 18:39:00,2025-12-12 19:35:14.633669496,2025-12-12 22:59:14.633669496,4 - Baixa,Aplicação,Sub C,lhco,CI-131,SRE,Monitoramento,NAO,NAO,Falha de Rede,Ajuste de configuração,3374.6336694937568
INC103807,2025-12-12 19:47:00,2025-12-12 20:55:32.783965284,2025-12-12 22:15:32.783965284,2 - Alta,Infraestrutura,Sub C,lhco,CI-269,Suporte N3,Monitoramento,SIM,NAO,Falha de Rede,Patch aplicado,4112.783965285379
INC103808,2025-12-12 21:01:00,2025-12-12 23:15:15.300596034,2025-12-13 01:17:15.300596034,3 - Média,Infraestrutura,Sub A,lsin,CI-193,NOC N1,Monitoramento,SIM,NAO,Manutenção Programada,Patch aplicado,8055.300596031688
INC103809,2025-12-12 22:25:00,2025-12-12 23:33:40.452529410,2025-12-13 02:05:40.452529410,2 - Alta,Infraestrutura,Sub C,lsin,CI-67,NOC N2,Monitoramento,SIM,NAO,Erro de Configuração,Patch aplicado,4120.45252940747
INC103810,2025-12-13 01:03:00,2025-12-13 01:33:25.290380166,2025-12-13 03:19:25.290380166,4 - Baixa,Rede,Sub A,lhco,CI-257,NOC N2,Monitoramento,NAO,NAO,Falha de Rede,Reinício de serviço,1825.2903801674033
INC103811,2025-12-13 01:09:00,2025-12-13 03:23:54.108228252,2025-12-13 04:36:54.108228252,3 - Média,Aplicação,Sub C,lsin,CI-263,SRE,Monitoramento,SIM,NAO,Manutenção Programada,Reinício de serviço,8094.108228250772
INC103812,2025-12-13 06:06:00,2025-12-13 08:20:13.319338776,2025-12-13 11:13:13.319338776,3 - Média,Aplicação,Sub A,lsin,CI-268,SRE,Monitoramento,SIM,NAO,Falha de Rede,Ajuste de configuração,8053.319338776093
INC103813,2025-12-13 17:36:00,2025-12-13 19:51:02.094145776,2025-12-13 22:56:02.094145776,4 - Baixa,Infraestrutura,Sub A,lhco,CI-366,NOC N2,Monitoramento,NAO,NAO,Erro de Configuração,Reinício de serviço,8102.094145773854
INC103814,2025-12-13 18:14:00,2025-12-13 20:23:46.503615198,2025-12-13 21:07:46.503615198,4 - Baixa,Aplicação,Sub A,lcem,CI-53,SRE,Monitoramento,NAO,NAO,Erro de Configuração,Ajuste de configuração,7786.5036151957565
INC103815,2025-12-13 18:43:00,2025-12-13 19:06:48.082045620,2025-12-13 20:31:48.082045620,4 - Baixa,Infraestrutura,Sub C,lsin,CI-165,NOC N1,Manual,NAO,NAO,Manutenção Programada,Patch aplicado,1428.082045618144
INC103816,2025-12-13 18:54:00,2025-12-13 19:33:30.802417842,2025-12-13 22:51:30.802417842,3 - Média,Rede,Sub C,lhvp,CI-390,NOC N2,Monitoramento,SIM,NAO,Erro de Configuração,Reinício de serviço,2370.8024178442715
INC103817,2025-12-13 19:10:00,2025-12-13 20:52:19.118995872,2025-12-13 23:59:19.118995872,2 - Alta,Rede,Sub A,lcem,CI-291,SRE,Monitoramento,SIM,NAO,Falha de Rede,Patch aplicado,6139.1189958707755
INC103818,2025-12-13 21:59:00,2025-12-13 22:54:31.051852242,2025-12-14 00:00:31.051852242,3 - Média,Infraestrutura,Sub C,lsin,CI-8,SRE,Manual,SIM,NAO,Falha de Aplicação,Patch aplicado,3331.05185224037
INC103819,2025-12-14 02:18:00,2025-12-14 02:34:06.008967360,2025-12-14 02:41:06.008967360,3 - Média,Aplicação,Sub C,lhco,CI-331,SRE,Monitoramento,SIM,NAO,Manutenção Programada,Patch aplicado,966.0089673587004
INC103820,2025-12-14 04:15:00,2025-12-14 05:24:28.665681888,2025-12-14 09:07:28.665681888,2 - Alta,Banco de Dados,Sub A,lsin,CI-164,SRE,Monitoramento,SIM,NAO,Falha de Aplicação,Reinício de serviço,4168.665681890481
INC103821,2025-12-14 06:35:00,2025-12-14 08:37:32.037034758,2025-12-14 11:45:32.037034758,2 - Alta,Aplicação,Sub C,lcem,CI-195,NOC N1,Monitoramento,SIM,NAO,Erro de Configuração,Patch aplicado,7352.03703475796
INC103822,2025-12-14 07:13:00,2025-12-14 08:11:28.873008174,2025-12-14 08:45:28.873008174,2 - Alta,Aplicação,Sub C,lsin,CI-343,Suporte N3,Monitoramento,SIM,NAO,Erro de Configuração,Reinício de serviço,3508.873008176119
INC103823,2025-12-14 10:33:00,2025-12-14 11:36:20.788311156,2025-12-14 15:32:20.788311156,2 - Alta,Rede,Sub B,lhco,CI-375,NOC N1,Monitoramento,SIM,NAO,Erro de Configuração,Ajuste de configuração,3800.788311154646
INC103824,2025-12-14 10:52:00,2025-12-14 11:09:06.442614912,2025-12-14 14:48:06.442614912,4 - Baixa,Rede,Sub B,lcem,CI-46,SRE,Manual,NAO,NAO,Falha de Aplicação,Ajuste de configuração,1026.4426149111898
INC103825,2025-12-14 11:26:00,2025-12-14 13:19:32.160032268,2025-12-14 15:13:32.160032268,4 - Baixa,Rede,Sub C,lcem,CI-368,SRE,Manual,NAO,NAO,Falha de Aplicação,Patch aplicado,6812.160032270245
INC103826,2025-12-14 12:09:00,2025-12-14 14:36:04.166462526,2025-12-14 15:32:04.166462526,2 - Alta,Infraestrutura,Sub C,lhco,CI-73,Suporte N3,Monitoramento,SIM,NAO,Falha de Aplicação,Patch aplicado,8824.166462527557
INC103827,2025-12-14 12:23:00,2025-12-14 13:59:17.852395764,2025-12-14 15:11:17.852395764,2 - Alta,Banco de Dados,Sub B,lsin,CI-213,SRE,Monitoramento,SIM,NAO,Manutenção Programada,Ajuste de configuração,5777.85239576518
INC103828,2025-12-14 16:47:00,2025-12-14 18:53:13.773718704,2025-12-14 20:07:13.773718704,3 - Média,Infraestrutura,Sub C,lhco,CI-170,Suporte N3,Monitoramento,SIM,NAO,Erro de Configuração,Reinício de serviço,7573.773718702313
INC103829,2025-12-14 17:39:00,2025-12-14 18:31:55.645341918,2025-12-14 20:25:55.645341918,2 - Alta,Rede,Sub B,lcem,CI-368,NOC N2,Monitoramento,SIM,NAO,Falha de Rede,Patch aplicado,3175.6453419196478
INC103830,2025-12-14 17:48:00,2025-12-14 18:42:43.992665772,2025-12-14 21:57:43.992665772,2 - Alta,Rede,Sub A,lhco,CI-200,Suporte N3,Monitoramento,SIM,NAO,Falha de Aplicação,Reinício de serviço,3283.9926657735914
INC103831,2025-12-14 21:36:00,2025-12-14 23:58:46.771025076,2025-12-15 02:37:46.771025076,3 - Média,Banco de Dados,Sub C,lrev,CI-21,NOC N1,Monitoramento,SIM,NAO,Manutenção Programada,Patch aplicado,8566.771025073354
INC103832,2025-12-15 01:14:00,2025-12-15 02:17:42.938050668,2025-12-15 05:48:42.938050668,3 - Média,Banco de Dados,Sub A,lcem,CI-328,NOC N1,Monitoramento,SIM,NAO,Falha de Aplicação,Patch aplicado,3822.9380506682064
INC103833,2025-12-15 01:16:00,2025-12-15 02:56:47.117247378,2025-12-15 06:30:47.117247378,3 - Média,Rede,Sub C,lhco,CI-362,NOC N1,Manual,SIM,NAO,Manutenção Programada,Patch aplicado,6047.117247379653
INC103834,2025-12-15 01:33:00,2025-12-15 04:27:06.625492440,2025-12-15 04:55:06.625492440,4 - Baixa,Banco de Dados,Sub C,lsin,CI-396,SRE,Manual,NAO,NAO,Manutenção Programada,Patch aplicado,10446.625492439272
INC103835,2025-12-15 03:02:00,2025-12-15 03:17:48.016562400,2025-12-15 03:33:48.016562400,3 - Média,Banco de Dados,Sub C,lrev,CI-81,NOC N2,Monitoramento,SIM,NAO,Falha de Rede,Ajuste de configuração,948.0165623991581
INC103836,2025-12-15 08:03:00,2025-12-15 09:00:31.973661342,2025-12-15 11:08:31.973661342,3 - Média,Aplicação,Sub C,lhvp,CI-162,Suporte N3,Monitoramento,SIM,NAO,Falha de Rede,Ajuste de configuração,3451.973661342853
INC103837,2025-12-15 08:50:00,2025-12-15 09:58:27.663026058,2025-12-15 11:12:27.663026058,3 - Média,Infraestrutura,Sub C,lhvp,CI-129,SRE,Monitoramento,SIM,NAO,Erro de Configuração,Reinício de serviço,4107.663026057329
INC103838,2025-12-15 12:56:00,2025-12-15 13:07:42.953170968,2025-12-15 15:21:42.953170968,2 - Alta,Rede,Sub A,lsin,CI-342,NOC N1,Monitoramento,SIM,NAO,Falha de Rede,Patch aplicado,702.9531709672729
INC103839,2025-12-15 19:48:00,2025-12-15 20:10:58.221986490,2025-12-15 23:59:58.221986490,2 - Alta,Rede,Sub C,lhvp,CI-93,Suporte N3,Monitoramento,SIM,NAO,Falha de Aplicação,Patch aplicado,1378.22198649175
INC103840,2025-12-15 20:04:00,2025-12-15 21:41:17.027073828,2025-12-15 21:56:17.027073828,3 - Média,Aplicação,Sub B,lcem,CI-68,NOC N2,Monitoramento,SIM,SIM,Falha de Aplicação,Reinício de serviço,5837.0270738256295
INC103841,2025-12-15 20:07:00,2025-12-15 20:39:38.323686834,2025-12-15 23:39:38.323686834,3 - Média,Rede,Sub C,lhvp,CI-383,NOC N1,Monitoramento,SIM,NAO,Manutenção Programada,Ajuste de configuração,1958.323686835062
INC103842,2025-12-15 21:00:00,2025-12-15 21:30:30.559740258,2025-12-15 23:41:30.559740258,4 - Baixa,Infraestrutura,Sub B,lhvp,CI-43,NOC N1,Monitoramento,NAO,NAO,Manutenção Programada,Patch aplicado,1830.5597402606718
INC103843,2025-12-16 05:04:00,2025-12-16 10:51:20.826179340,2025-12-16 11:18:20.826179340,3 - Média,Banco de Dados,Sub A,lsin,CI-365,SRE,Monitoramento,SIM,NAO,Falha de Rede,Patch aplicado,20840.826179340027
INC103844,2025-12-16 05:15:00,2025-12-16 06:21:31.352150736,2025-12-16 09:29:31.352150736,4 - Baixa,Aplicação,Sub B,lcem,CI-118,NOC N2,Monitoramento,NAO,NAO,Falha de Rede,Reinício de serviço,3991.3521507389796
INC103845,2025-12-16 05:35:00,2025-12-16 07:24:11.208343620,2025-12-16 08:26:11.208343620,4 - Baixa,Infraestrutura,Sub A,lsin,CI-60,SRE,Monitoramento,NAO,NAO,Falha de Rede,Patch aplicado,6551.208343620814
INC103846,2025-12-16 07:13:00,2025-12-16 07:57:02.278024488,2025-12-16 10:50:02.278024488,4 - Baixa,Infraestrutura,Sub B,lsin,CI-386,SRE,Monitoramento,NAO,NAO,Falha de Aplicação,Reinício de serviço,2642.2780244877754
INC103847,2025-12-16 07:29:00,2025-12-16 09:19:41.259258876,2025-12-16 11:03:41.259258876,4 - Baixa,Rede,Sub B,lhco,CI-341,NOC N1,Monitoramento,NAO,NAO,Falha de Rede,Ajuste de configuração,6641.2592588783555
INC103848,2025-12-16 07:50:00,2025-12-16 08:24:08.873817114,2025-12-16 11:08:08.873817114,2 - Alta,Rede,Sub B,lsin,CI-88,SRE,Monitoramento,SIM,NAO,Falha de Rede,Ajuste de configuração,2048.8738171130863
INC103849,2025-12-16 09:05:00,2025-12-16 09:30:19.941227472,2025-12-16 11:10:19.941227472,2 - Alta,Aplicação,Sub A,lhco,CI-143,NOC N1,Monitoramento,SIM,NAO,Manutenção Programada,Patch aplicado,1519.941227473327
INC103850,2025-12-16 09:22:00,2025-12-16 10:03:43.081820442,2025-12-16 13:33:43.081820442,4 - Baixa,Aplicação,Sub C,lsin,CI-285,SRE,Monitoramento,NAO,NAO,Erro de Configuração,Reinício de serviço,2503.081820443252
INC103851,2025-12-16 12:35:00,2025-12-16 14:24:13.780227888,2025-12-16 17:35:13.780227888,3 - Média,Infraestrutura,Sub A,lsin,CI-196,Suporte N3,Monitoramento,SIM,NAO,Falha de Aplicação,Ajuste de configuração,6553.780227888915
INC103852,2025-12-16 15:13:00,2025-12-16 17:43:11.613770076,2025-12-16 18:28:11.613770076,2 - Alta,Aplicação,Sub A,lhco,CI-268,NOC N1,Manual,SIM,NAO,Falha de Rede,Patch aplicado,9011.613770076663
INC103853,2025-12-16 15:28:00,2025-12-16 16:16:20.423275998,2025-12-16 16:32:20.423275998,4 - Baixa,Aplicação,Sub B,lhco,CI-335,SRE,Monitoramento,NAO,NAO,Manutenção Programada,Patch aplicado,2900.4232759971974
INC103854,2025-12-16 16:49:00,2025-12-16 17:26:34.212286949,2025-12-16 19:45:34.212286949,4 - Baixa,Infraestrutura,Sub C,lsin,CI-327,Suporte N3,Monitoramento,NAO,NAO,Falha de Aplicação,Patch aplicado,2254.2122869489854
INC103855,2025-12-16 17:45:00,2025-12-16 18:27:52.587680730,2025-12-16 20:27:52.587680730,2 - Alta,Aplicação,Sub C,lcem,CI-207,SRE,Monitoramento,SIM,NAO,Falha de Rede,Reinício de serviço,2572.587680728797
INC103856,2025-12-16 18:08:00,2025-12-16 19:36:57.387853290,2025-12-16 21:50:57.387853290,3 - Média,Banco de Dados,Sub B,lhvp,CI-323,Suporte N3,Monitoramento,SIM,NAO,Falha de Aplicação,Patch aplicado,5337.387853289413
INC103857,2025-12-16 22:19:00,2025-12-16 22:51:20.299990116,2025-12-17 02:47:20.299990116,3 - Média,Rede,Sub A,lcem,CI-72,NOC N2,Monitoramento,SIM,NAO,Erro de Configuração,Reinício de serviço,1940.299990114291
INC103858,2025-12-16 22:35:00,2025-12-17 00:45:54.583270710,2025-12-17 01:40:54.583270710,3 - Média,Banco de Dados,Sub C,lcem,CI-191,SRE,Manual,SIM,NAO,Falha de Aplicação,Ajuste de configuração,7854.583270712705
INC103859,2025-12-17 01:40:00,2025-12-17 03:42:16.710371172,2025-12-17 05:26:16.710371172,4 - Baixa,Infraestrutura,Sub B,lsin,CI-387,NOC N2,Monitoramento,NAO,NAO,Falha de Aplicação,Ajuste de configuração,7336.710371174606
INC103860,2025-12-17 04:31:00,2025-12-17 05:31:15.299572152,2025-12-17 07:37:15.299572152,4 - Baixa,Aplicação,Sub A,lcem,CI-320,Suporte N3,Monitoramento,NAO,NAO,Falha de Rede,Patch aplicado,3615.2995721515226
INC103861,2025-12-17 05:05:00,2025-12-17 06:55:25.098437430,2025-12-17 08:05:25.098437430,2 - Alta,Banco de Dados,Sub A,lhco,CI-112,NOC N1,Monitoramento,SIM,NAO,Falha de Rede,Ajuste de configuração,6625.098437428837
INC103862,2025-12-17 06:04:00,2025-12-17 07:13:01.614267600,2025-12-17 08:23:01.614267600,4 - Baixa,Infraestrutura,Sub A,lhco,CI-133,Suporte N3,Monitoramento,NAO,NAO,Falha de Aplicação,Patch aplicado,4141.614267598555
INC103863,2025-12-17 08:25:00,2025-12-17 08:46:50.708506464,2025-12-17 10:26:50.708506464,2 - Alta,Banco de Dados,Sub A,lrev,CI-209,SRE,Monitoramento,SIM,NAO,Falha de Rede,Reinício de serviço,1310.7085064659998
INC103864,2025-12-17 12:12:00,2025-12-17 14:11:22.209077598,2025-12-17 18:10:22.209077598,4 - Baixa,Rede,Sub C,lsin,CI-58,SRE,Monitoramento,NAO,NAO,Falha de Rede,Reinício de serviço,7162.209077598797
INC103865,2025-12-17 15:58:00,2025-12-17 17:02:35.937082086,2025-12-17 17:18:35.937082086,4 - Baixa,Aplicação,Sub C,lsin,CI-35,SRE,Monitoramento,NAO,NAO,Falha de Rede,Patch aplicado,3875.937082088299
INC103866,2025-12-17 18:15:00,2025-12-17 19:58:05.339049738,2025-12-17 21:18:05.339049738,3 - Média,Banco de Dados,Sub A,lhvp,CI-103,NOC N1,Monitoramento,SIM,NAO,Falha de Aplicação,Reinício de serviço,6185.339049736002
INC103867,2025-12-17 18:42:00,2025-12-17 19:29:56.574756582,2025-12-17 20:38:56.574756582,2 - Alta,Banco de Dados,Sub A,lhco,CI-237,NOC N2,Monitoramento,SIM,NAO,Falha de Rede,Reinício de serviço,2876.574756583882
INC103868,2025-12-17 21:16:00,2025-12-17 22:10:04.801192224,2025-12-17 22:46:04.801192224,3 - Média,Banco de Dados,Sub B,lhvp,CI-340,SRE,Monitoramento,SIM,NAO,Erro de Configuração,Patch aplicado,3244.801192222866
INC103869,2025-12-18 00:23:00,2025-12-18 00:41:22.483191948,2025-12-18 00:54:22.483191948,4 - Baixa,Aplicação,Sub B,lcem,CI-33,NOC N2,Monitoramento,NAO,NAO,Falha de Rede,Ajuste de configuração,1102.4831919452765
INC103870,2025-12-18 01:46:00,2025-12-18 03:32:26.551863450,2025-12-18 07:26:26.551863450,3 - Média,Banco de Dados,Sub A,lrev,CI-175,NOC N1,Monitoramento,SIM,NAO,Falha de Rede,Patch aplicado,6386.551863451663
INC103871,2025-12-18 02:05:00,2025-12-18 03:17:36.187893726,2025-12-18 05:31:36.187893726,3 - Média,Rede,Sub C,lsin,CI-125,SRE,Manual,SIM,NAO,Erro de Configuração,Patch aplicado,4356.187893725399
INC103872,2025-12-18 03:38:00,2025-12-18 05:17:35.815221258,2025-12-18 07:18:35.815221258,4 - Baixa,Rede,Sub B,lrev,CI-107,NOC N1,Monitoramento,NAO,NAO,Erro de Configuração,Patch aplicado,5975.81522125766
INC103873,2025-12-18 03:46:00,2025-12-18 04:52:59.644830630,2025-12-18 05:13:59.644830630,2 - Alta,Banco de Dados,Sub C,lcem,CI-67,NOC N2,Monitoramento,SIM,NAO,Erro de Configuração,Reinício de serviço,4019.6448306300586
INC103874,2025-12-18 04:31:00,2025-12-18 05:55:49.018043298,2025-12-18 06:51:49.018043298,3 - Média,Banco de Dados,Sub A,lsin,CI-219,NOC N1,Monitoramento,SIM,NAO,Falha de Aplicação,Patch aplicado,5089.0180432989
INC103875,2025-12-18 04:55:00,2025-12-18 06:31:44.347882008,2025-12-18 06:38:44.347882008,2 - Alta,Banco de Dados,Sub C,lhco,CI-207,NOC N2,Manual,SIM,NAO,Erro de Configuração,Reinício de serviço,5804.347882008266
INC103876,2025-12-18 06:01:00,2025-12-18 08:53:35.189360976,2025-12-18 11:07:35.189360976,4 - Baixa,Infraestrutura,Sub B,lsin,CI-50,NOC N1,Manual,NAO,NAO,Erro de Configuração,Reinício de serviço,10355.189360978713
INC103877,2025-12-18 08:57:00,2025-12-18 10:30:30.505898387,2025-12-18 14:16:30.505898387,2 - Alta,Banco de Dados,Sub B,lrev,CI-399,NOC N1,Monitoramento,SIM,NAO,Falha de Rede,Ajuste de configuração,5610.505898387543
INC103878,2025-12-18 16:50:00,2025-12-18 20:54:17.049793206,2025-12-19 00:34:17.049793206,2 - Alta,Infraestrutura,Sub C,lsin,CI-368,NOC N2,Monitoramento,SIM,NAO,Erro de Configuração,Reinício de serviço,14657.049793204455
INC103879,2025-12-18 19:25:00,2025-12-18 20:41:43.516423614,2025-12-18 23:19:43.516423614,4 - Baixa,Aplicação,Sub B,lsin,CI-269,NOC N1,Monitoramento,NAO,NAO,Falha de Aplicação,Patch aplicado,4603.516423614071
INC103880,2025-12-18 20:35:00,2025-12-18 22:54:00.320331222,2025-12-19 01:36:00.320331222,2 - Alta,Infraestrutura,Sub A,lhco,CI-37,NOC N2,Monitoramento,SIM,NAO,Falha de Aplicação,Reinício de serviço,8340.320331219551
INC103881,2025-12-19 00:32:00,2025-12-19 01:45:23.958091500,2025-12-19 02:14:23.958091500,4 - Baixa,Rede,Sub C,lsin,CI-29,NOC N2,Monitoramento,NAO,NAO,Manutenção Programada,Reinício de serviço,4403.958091497363
INC103882,2025-12-19 09:19:00,2025-12-19 09:35:09.450337776,2025-12-19 12:53:09.450337776,3 - Média,Rede,Sub A,lsin,CI-129,SRE,Monitoramento,SIM,NAO,Erro de Configuração,Patch aplicado,969.450337776901
INC103883,2025-12-19 14:48:00,2025-12-19 16:05:49.930569552,2025-12-19 17:24:49.930569552,3 - Média,Rede,Sub C,lsin,CI-221,Suporte N3,Monitoramento,SIM,NAO,Falha de Rede,Patch aplicado,4669.930569553244
INC103884,2025-12-19 14:49:00,2025-12-19 15:22:38.148453510,2025-12-19 18:35:38.148453510,4 - Baixa,Aplicação,Sub B,lhco,CI-13,SRE,Monitoramento,NAO,NAO,Falha de Rede,Reinício de serviço,2018.1484535103605
INC103885,2025-12-19 16:25:00,2025-12-19 17:38:38.615709696,2025-12-19 19:51:38.615709696,3 - Média,Infraestrutura,Sub A,lsin,CI-188,NOC N1,Monitoramento,SIM,NAO,Erro de Configuração,Patch aplicado,4418.615709694366
INC103886,2025-12-19 17:54:00,2025-12-19 18:37:01.342968792,2025-12-19 19:29:01.342968792,4 - Baixa,Banco de Dados,Sub B,lsin,CI-289,SRE,Manual,NAO,NAO,Falha de Aplicação,Ajuste de configuração,2581.342968791456
INC103887,2025-12-19 20:42:00,2025-12-19 22:27:51.590637420,2025-12-19 23:42:51.590637420,2 - Alta,Aplicação,Sub C,lcem,CI-382,NOC N2,Monitoramento,SIM,NAO,Manutenção Programada,Patch aplicado,6351.590637417432
INC103888,2025-12-19 21:02:00,2025-12-19 22:19:09.457467390,2025-12-19 22:21:09.457467390,4 - Baixa,Rede,Sub C,lhvp,CI-217,Suporte N3,Monitoramento,NAO,NAO,Manutenção Programada,Reinício de serviço,4629.457467390793
INC103889,2025-12-19 21:21:00,2025-12-19 21:42:32.827209294,2025-12-19 23:59:32.827209294,2 - Alta,Infraestrutura,Sub A,lhvp,CI-206,SRE,Monitoramento,SIM,NAO,Erro de Configuração,Reinício de serviço,1292.827209295624
INC103890,2025-12-20 01:42:00,2025-12-20 02:14:07.087267884,2025-12-20 02:22:07.087267884,3 - Média,Rede,Sub B,lhvp,CI-274,NOC N1,Monitoramento,SIM,NAO,Erro de Configuração,Ajuste de configuração,1927.0872678811327
INC103891,2025-12-20 06:41:00,2025-12-20 08:28:35.865445902,2025-12-20 08:51:35.865445902,4 - Baixa,Banco de Dados,Sub B,lhco,CI-245,NOC N1,Monitoramento,NAO,NAO,Manutenção Programada,Ajuste de configuração,6455.8654459031295
INC103892,2025-12-20 07:01:00,2025-12-20 07:55:50.592558180,2025-12-20 11:40:50.592558180,2 - Alta,Rede,Sub B,lsin,CI-19,NOC N2,Monitoramento,SIM,NAO,Falha de Rede,Ajuste de configuração,3290.592558177867
INC103893,2025-12-20 07:31:00,2025-12-20 08:40:50.110545660,2025-12-20 10:45:50.110545660,2 - Alta,Aplicação,Sub A,lsin,CI-192,NOC N1,Monitoramento,SIM,SIM,Falha de Rede,Ajuste de configuração,4190.110545657059
INC103894,2025-12-20 09:57:00,2025-12-20 11:37:36.366095316,2025-12-20 15:09:36.366095316,4 - Baixa,Aplicação,Sub C,lhvp,CI-369,SRE,Monitoramento,NAO,NAO,Manutenção Programada,Reinício de serviço,6036.366095315492
INC103895,2025-12-20 11:12:00,2025-12-20 11:40:48.996916008,2025-12-20 14:08:48.996916008,4 - Baixa,Rede,Sub A,lcem,CI-101,NOC N2,Monitoramento,NAO,SIM,Erro de Configuração,Reinício de serviço,1728.9969160104345
INC103896,2025-12-20 11:17:00,2025-12-20 13:01:20.029082730,2025-12-20 16:51:20.029082730,4 - Baixa,Infraestrutura,Sub A,lsin,CI-154,NOC N2,Monitoramento,NAO,NAO,Manutenção Programada,Reinício de serviço,6260.029082732716
INC103897,2025-12-20 12:12:00,2025-12-20 13:42:16.980603252,2025-12-20 17:29:16.980603252,4 - Baixa,Banco de Dados,Sub A,lhvp,CI-10,NOC N2,Monitoramento,NAO,NAO,Erro de Configuração,Patch aplicado,5416.980603252749
INC103898,2025-12-20 20:56:00,2025-12-20 22:08:48.503568276,2025-12-21 00:56:48.503568276,3 - Média,Aplicação,Sub A,lhco,CI-138,NOC N1,Monitoramento,SIM,NAO,Falha de Aplicação,Patch aplicado,4368.503568277002
INC103899,2025-12-20 22:16:00,2025-12-20 23:16:43.578123240,2025-12-21 01:05:43.578123240,2 - Alta,Rede,Sub C,lsin,CI-53,Suporte N3,Monitoramento,SIM,NAO,Erro de Configuração,Ajuste de configuração,3643.578123242053
INC103900,2025-12-21 04:53:00,2025-12-21 06:43:52.325294382,2025-12-21 07:16:52.325294382,2 - Alta,Aplicação,Sub C,lsin,CI-241,NOC N1,Monitoramento,SIM,NAO,Falha de Rede,Patch aplicado,6652.325294382505
INC103901,2025-12-21 05:20:00,2025-12-21 07:02:35.276037234,2025-12-21 07:50:35.276037234,3 - Média,Aplicação,Sub A,lsin,CI-370,NOC N1,Monitoramento,SIM,NAO,Falha de Rede,Reinício de serviço,6155.276037236613
INC103902,2025-12-21 05:28:00,2025-12-21 08:00:10.769641566,2025-12-21 09:16:10.769641566,2 - Alta,Banco de Dados,Sub B,lsin,CI-35,NOC N1,Monitoramento,SIM,NAO,Erro de Configuração,Ajuste de configuração,9130.769641568768
INC103903,2025-12-21 08:54:00,2025-12-21 09:29:28.338174636,2025-12-21 11:09:28.338174636,4 - Baixa,Infraestrutura,Sub A,lhco,CI-244,NOC N2,Monitoramento,NAO,NAO,Manutenção Programada,Reinício de serviço,2128.3381746361947
INC103904,2025-12-21 10:50:00,2025-12-21 12:09:28.616334918,2025-12-21 12:45:28.616334918,3 - Média,Infraestrutura,Sub A,lrev,CI-279,NOC N2,Manual,SIM,NAO,Falha de Aplicação,Reinício de serviço,4768.616334917503
INC103905,2025-12-21 19:01:00,2025-12-21 22:44:31.184672004,2025-12-22 00:35:31.184672004,3 - Média,Infraestrutura,Sub B,lsin,CI-89,NOC N2,Monitoramento,SIM,NAO,Erro de Configuração,Reinício de serviço,13411.184672005968
INC103906,2025-12-21 19:08:00,2025-12-21 21:32:48.928433028,2025-12-21 22:36:48.928433028,2 - Alta,Aplicação,Sub C,lsin,CI-10,NOC N1,Monitoramento,SIM,NAO,Falha de Rede,Ajuste de configuração,8688.928433030533
INC103907,2025-12-21 19:09:00,2025-12-21 21:32:06.214453338,2025-12-21 21:55:06.214453338,4 - Baixa,Infraestrutura,Sub A,lsin,CI-232,Suporte N3,Monitoramento,NAO,NAO,Falha de Aplicação,Ajuste de configuração,8586.214453338229
INC103908,2025-12-21 20:41:00,2025-12-21 22:13:00.209982750,2025-12-21 22:50:00.209982750,3 - Média,Banco de Dados,Sub C,lsin,CI-231,SRE,Monitoramento,SIM,NAO,Falha de Rede,Reinício de serviço,5520.209982748424
INC103909,2025-12-21 21:30:00,2025-12-21 22:44:57.895447734,2025-12-22 02:22:57.895447734,4 - Baixa,Banco de Dados,Sub C,lhco,CI-216,NOC N1,Monitoramento,NAO,NAO,Falha de Aplicação,Patch aplicado,4497.895447733869
INC103910,2025-12-22 00:05:00,2025-12-22 01:31:12.319965420,2025-12-22 04:16:12.319965420,4 - Baixa,Infraestrutura,Sub C,lsin,CI-13,NOC N2,Monitoramento,NAO,NAO,Falha de Aplicação,Patch aplicado,5172.319965417964
INC103911,2025-12-22 03:44:00,2025-12-22 04:12:50.042327880,2025-12-22 06:13:50.042327880,4 - Baixa,Banco de Dados,Sub C,lsin,CI-12,SRE,Manual,NAO,NAO,Erro de Configuração,Patch aplicado,1730.0423278784824
INC103912,2025-12-22 04:32:00,2025-12-22 05:54:57.754684410,2025-12-22 08:03:57.754684410,3 - Média,Banco de Dados,Sub C,lsin,CI-92,NOC N1,Manual,SIM,NAO,Falha de Aplicação,Patch aplicado,4977.754684409326
INC103913,2025-12-22 07:02:00,2025-12-22 07:54:39.491165196,2025-12-22 08:17:39.491165196,3 - Média,Aplicação,Sub B,lhco,CI-309,Suporte N3,Manual,SIM,NAO,Erro de Configuração,Patch aplicado,3159.4911651954053
INC103914,2025-12-22 08:32:00,2025-12-22 11:33:23.806251114,2025-12-22 11:43:23.806251114,2 - Alta,Rede,Sub C,lhco,CI-183,NOC N2,Monitoramento,SIM,NAO,Falha de Aplicação,Reinício de serviço,10883.806251112022
INC103915,2025-12-22 14:26:00,2025-12-22 17:09:02.406600240,2025-12-22 18:34:02.406600240,2 - Alta,Infraestrutura,Sub A,lsin,CI-310,Suporte N3,Monitoramento,SIM,NAO,Manutenção Programada,Patch aplicado,9782.40660023705
INC103916,2025-12-22 18:28:00,2025-12-22 20:16:32.656419600,2025-12-22 21:15:32.656419600,4 - Baixa,Aplicação,Sub B,lsin,CI-269,Suporte N3,Monitoramento,NAO,NAO,Falha de Aplicação,Reinício de serviço,6512.65641960209
INC103917,2025-12-22 18:42:00,2025-12-22 19:11:19.495127352,2025-12-22 21:51:19.495127352,4 - Baixa,Infraestrutura,Sub A,lhco,CI-88,SRE,Monitoramento,NAO,NAO,Falha de Aplicação,Reinício de serviço,1759.495127350963
INC103918,2025-12-22 19:10:00,2025-12-22 19:22:48.186978840,2025-12-22 22:29:48.186978840,2 - Alta,Banco de Dados,Sub A,lhco,CI-232,NOC N2,Monitoramento,SIM,NAO,Falha de Aplicação,Ajuste de configuração,768.186978837685
INC103919,2025-12-22 19:53:00,2025-12-22 20:35:47.687608836,2025-12-22 20:36:47.687608836,2 - Alta,Aplicação,Sub B,lrev,CI-56,NOC N2,Monitoramento,SIM,NAO,Falha de Rede,Patch aplicado,2567.68760883753
INC103920,2025-12-22 21:50:00,2025-12-23 00:00:57.798524706,2025-12-23 02:16:57.798524706,3 - Média,Rede,Sub A,lsin,CI-395,NOC N2,Monitoramento,SIM,NAO,Manutenção Programada,Ajuste de configuração,7857.798524707456
INC103921,2025-12-23 10:10:00,2025-12-23 12:41:32.161196238,2025-12-23 16:33:32.161196238,2 - Alta,Rede,Sub C,lsin,CI-144,SRE,Monitoramento,SIM,NAO,Falha de Rede,Reinício de serviço,9092.161196235184
INC103922,2025-12-23 10:50:00,2025-12-23 13:00:28.804887876,2025-12-23 15:46:28.804887876,2 - Alta,Infraestrutura,Sub A,lcem,CI-256,Suporte N3,Monitoramento,SIM,NAO,Erro de Configuração,Ajuste de configuração,7828.804887873059
INC103923,2025-12-23 12:44:00,2025-12-23 14:08:55.389695028,2025-12-23 16:25:55.389695028,4 - Baixa,Infraestrutura,Sub C,lsin,CI-369,NOC N1,Monitoramento,NAO,SIM,Manutenção Programada,Ajuste de configuração,5095.389695029829
INC103924,2025-12-23 13:29:00,2025-12-23 16:15:38.840955486,2025-12-23 19:44:38.840955486,3 - Média,Infraestrutura,Sub A,lsin,CI-196,SRE,Manual,SIM,NAO,Manutenção Programada,Patch aplicado,9998.8409554846
INC103925,2025-12-23 13:54:00,2025-12-23 15:29:41.438199558,2025-12-23 15:51:41.438199558,2 - Alta,Aplicação,Sub C,lhvp,CI-324,NOC N2,Manual,SIM,NAO,Falha de Rede,Patch aplicado,5741.438199559927
INC103926,2025-12-23 14:55:00,2025-12-23 18:28:48.849093126,2025-12-23 22:03:48.849093126,2 - Alta,Aplicação,Sub A,lrev,CI-246,Suporte N3,Manual,SIM,NAO,Erro de Configuração,Reinício de serviço,12828.849093126037
INC103927,2025-12-23 15:27:00,2025-12-23 18:16:24.529305402,2025-12-23 19:23:24.529305402,4 - Baixa,Aplicação,Sub A,lsin,CI-217,SRE,Monitoramento,NAO,NAO,Falha de Aplicação,Ajuste de configuração,10164.529305399783
INC103928,2025-12-23 17:50:00,2025-12-23 19:18:25.571717130,2025-12-23 21:47:25.571717130,2 - Alta,Infraestrutura,Sub C,lcem,CI-103,SRE,Monitoramento,SIM,NAO,Manutenção Programada,Ajuste de configuração,5305.571717128489
INC103929,2025-12-23 18:18:00,2025-12-23 20:46:08.475458376,2025-12-24 00:38:08.475458376,2 - Alta,Rede,Sub C,lhvp,CI-388,Suporte N3,Monitoramento,SIM,NAO,Falha de Aplicação,Reinício de serviço,8888.47545837332
INC103930,2025-12-24 01:17:00,2025-12-24 03:05:27.757516896,2025-12-24 04:14:27.757516896,2 - Alta,Infraestrutura,Sub A,lsin,CI-225,SRE,Monitoramento,SIM,NAO,Erro de Configuração,Ajuste de configuração,6507.757516895919
INC103931,2025-12-24 10:12:00,2025-12-24 12:48:04.781406354,2025-12-24 13:13:04.781406354,4 - Baixa,Aplicação,Sub B,lhvp,CI-89,NOC N1,Manual,NAO,NAO,Falha de Rede,Patch aplicado,9364.781406352526
INC103932,2025-12-24 10:51:00,2025-12-24 14:04:21.778173318,2025-12-24 17:23:21.778173318,3 - Média,Banco de Dados,Sub A,lhco,CI-76,Suporte N3,Manual,SIM,NAO,Erro de Configuração,Ajuste de configuração,11601.778173319843
INC103933,2025-12-24 11:08:00,2025-12-24 11:29:08.093456801,2025-12-24 13:26:08.093456801,3 - Média,Rede,Sub A,lsin,CI-266,Suporte N3,Monitoramento,SIM,NAO,Manutenção Programada,Patch aplicado,1268.093456804425
INC103934,2025-12-24 11:27:00,2025-12-24 12:07:23.554154454,2025-12-24 14:55:23.554154454,3 - Média,Aplicação,Sub C,lsin,CI-262,NOC N2,Monitoramento,SIM,NAO,Falha de Aplicação,Ajuste de configuração,2423.554154452092
INC103935,2025-12-24 11:49:00,2025-12-24 13:57:42.139627830,2025-12-24 16:00:42.139627830,2 - Alta,Banco de Dados,Sub B,lsin,CI-83,NOC N2,Monitoramento,SIM,NAO,Manutenção Programada,Reinício de serviço,7722.139627827528
INC103936,2025-12-24 14:44:00,2025-12-24 15:36:09.374243970,2025-12-24 17:56:09.374243970,2 - Alta,Infraestrutura,Sub A,lsin,CI-40,NOC N2,Monitoramento,SIM,NAO,Falha de Rede,Patch aplicado,3129.3742439696334
INC103937,2025-12-24 20:03:00,2025-12-24 20:19:19.222127088,2025-12-24 21:56:19.222127088,2 - Alta,Banco de Dados,Sub B,lrev,CI-288,NOC N2,Monitoramento,SIM,NAO,Manutenção Programada,Ajuste de configuração,979.2221270897375
INC103938,2025-12-24 20:57:00,2025-12-24 22:30:04.378585320,2025-12-25 01:32:04.378585320,4 - Baixa,Rede,Sub B,lhco,CI-133,NOC N2,Manual,NAO,NAO,Falha de Aplicação,Ajuste de configuração,5584.378585318684
INC103939,2025-12-25 01:04:00,2025-12-25 03:52:25.954653024,2025-12-25 04:42:25.954653024,4 - Baixa,Aplicação,Sub A,lhvp,CI-398,SRE,Monitoramento,NAO,NAO,Manutenção Programada,Ajuste de configuração,10105.954653022465
INC103940,2025-12-25 01:09:00,2025-12-25 04:10:16.767930192,2025-12-25 07:37:16.767930192,4 - Baixa,Rede,Sub A,lsin,CI-98,Suporte N3,Monitoramento,NAO,NAO,Falha de Aplicação,Ajuste de configuração,10876.767930190787
INC103941,2025-12-25 01:32:00,2025-12-25 04:34:25.017630426,2025-12-25 07:04:25.017630426,3 - Média,Aplicação,Sub C,lcem,CI-90,Suporte N3,Monitoramento,SIM,NAO,Manutenção Programada,Ajuste de configuração,10945.017630428363
INC103942,2025-12-25 03:36:00,2025-12-25 08:40:21.555236892,2025-12-25 10:10:21.555236892,3 - Média,Aplicação,Sub B,lcem,CI-43,Suporte N3,Monitoramento,SIM,NAO,Manutenção Programada,Patch aplicado,18261.555236893782
INC103943,2025-12-25 04:15:00,2025-12-25 06:07:34.300225008,2025-12-25 06:16:34.300225008,3 - Média,Aplicação,Sub A,lhco,CI-5,NOC N2,Monitoramento,SIM,NAO,Manutenção Programada,Reinício de serviço,6754.300225008438
INC103944,2025-12-25 05:16:00,2025-12-25 06:22:50.754573894,2025-12-25 09:05:50.754573894,3 - Média,Aplicação,Sub A,lhco,CI-329,SRE,Monitoramento,SIM,NAO,Falha de Aplicação,Patch aplicado,4010.754573892164
INC103945,2025-12-25 06:44:00,2025-12-25 08:28:11.646785556,2025-12-25 10:28:11.646785556,4 - Baixa,Infraestrutura,Sub C,lsin,CI-45,SRE,Manual,NAO,NAO,Falha de Aplicação,Reinício de serviço,6251.6467855584415
INC103946,2025-12-25 07:59:00,2025-12-25 09:47:27.370808040,2025-12-25 11:56:27.370808040,2 - Alta,Aplicação,Sub C,lcem,CI-310,NOC N2,Manual,SIM,NAO,Erro de Configuração,Patch aplicado,6507.370808038638
INC103947,2025-12-25 08:57:00,2025-12-25 10:16:09.842380272,2025-12-25 11:40:09.842380272,3 - Média,Infraestrutura,Sub B,lcem,CI-172,NOC N1,Monitoramento,SIM,NAO,Falha de Rede,Reinício de serviço,4749.8423802692
INC103948,2025-12-25 10:21:00,2025-12-25 14:58:49.328657868,2025-12-25 17:06:49.328657868,3 - Média,Banco de Dados,Sub B,lhco,CI-43,NOC N1,Monitoramento,SIM,NAO,Manutenção Programada,Patch aplicado,16669.32865786793
INC103949,2025-12-25 10:31:00,2025-12-25 11:02:17.207434116,2025-12-25 13:25:17.207434116,3 - Média,Infraestrutura,Sub B,lhco,CI-140,Suporte N3,Monitoramento,SIM,NAO,Manutenção Programada,Ajuste de configuração,1877.207434118683
INC103950,2025-12-25 10:57:00,2025-12-25 12:21:41.228991846,2025-12-25 13:43:41.228991846,4 - Baixa,Rede,Sub C,lhvp,CI-329,SRE,Monitoramento,NAO,NAO,Erro de Configuração,Patch aplicado,5081.228991844633
INC103951,2025-12-25 12:11:00,2025-12-25 12:36:47.478022044,2025-12-25 14:40:47.478022044,3 - Média,Rede,Sub C,lhco,CI-255,NOC N1,Manual,SIM,NAO,Erro de Configuração,Reinício de serviço,1547.4780220422097
INC103952,2025-12-25 12:38:00,2025-12-25 13:07:24.178088118,2025-12-25 16:54:24.178088118,3 - Média,Rede,Sub C,lhco,CI-130,NOC N1,Monitoramento,SIM,NAO,Falha de Rede,Ajuste de configuração,1764.178088118771
INC103953,2025-12-25 13:50:00,2025-12-25 14:39:53.323269582,2025-12-25 17:35:53.323269582,3 - Média,Rede,Sub A,lcem,CI-392,Suporte N3,Monitoramento,SIM,NAO,Falha de Rede,Reinício de serviço,2993.323269583228
INC103954,2025-12-25 14:22:00,2025-12-25 15:47:46.248753234,2025-12-25 16:37:46.248753234,3 - Média,Infraestrutura,Sub A,lhco,CI-201,NOC N1,Monitoramento,SIM,NAO,Erro de Configuração,Reinício de serviço,5146.248753233216
INC103955,2025-12-25 17:18:00,2025-12-25 18:04:44.615558976,2025-12-25 21:24:44.615558976,4 - Baixa,Banco de Dados,Sub B,lhco,CI-324,SRE,Monitoramento,NAO,NAO,Erro de Configuração,Patch aplicado,2804.6155589769264
INC103956,2025-12-25 21:41:00,2025-12-25 22:22:32.236637429,2025-12-25 22:50:32.236637429,4 - Baixa,Infraestrutura,Sub B,lhvp,CI-139,NOC N1,Monitoramento,NAO,NAO,Manutenção Programada,Reinício de serviço,2492.236637427254
INC103957,2025-12-26 03:01:00,2025-12-26 04:08:27.590208990,2025-12-26 06:36:27.590208990,3 - Média,Aplicação,Sub B,lhco,CI-8,Suporte N3,Monitoramento,SIM,NAO,Falha de Aplicação,Ajuste de configuração,4047.5902089920837
INC103958,2025-12-26 06:46:00,2025-12-26 07:50:22.283373672,2025-12-26 10:20:22.283373672,3 - Média,Rede,Sub C,lhvp,CI-255,SRE,Monitoramento,SIM,NAO,Manutenção Programada,Patch aplicado,3862.2833736728735
INC103959,2025-12-26 10:17:00,2025-12-26 11:16:36.258898146,2025-12-26 14:22:36.258898146,3 - Média,Banco de Dados,Sub A,lsin,CI-358,Suporte N3,Monitoramento,SIM,NAO,Falha de Rede,Patch aplicado,3576.2588981430254
INC103960,2025-12-26 14:56:00,2025-12-26 15:17:03.737283402,2025-12-26 18:30:03.737283402,2 - Alta,Aplicação,Sub C,lhco,CI-312,NOC N2,Monitoramento,SIM,NAO,Falha de Rede,Patch aplicado,1263.7372833990669
INC103961,2025-12-26 15:46:00,2025-12-26 16:27:03.120075978,2025-12-26 18:59:03.120075978,2 - Alta,Rede,Sub B,lsin,CI-165,NOC N2,Manual,SIM,NAO,Manutenção Programada,Reinício de serviço,2463.1200759762005
INC103962,2025-12-26 22:32:00,2025-12-27 06:35:06.561810840,2025-12-27 08:38:06.561810840,2 - Alta,Aplicação,Sub B,lsin,CI-15,NOC N2,Monitoramento,SIM,NAO,Falha de Aplicação,Ajuste de configuração,28986.56181083771
INC103963,2025-12-26 22:47:00,2025-12-26 23:36:22.709081148,2025-12-27 02:04:22.709081148,4 - Baixa,Infraestrutura,Sub B,lhco,CI-389,NOC N1,Monitoramento,NAO,NAO,Erro de Configuração,Reinício de serviço,2962.7090811459425
INC103964,2025-12-26 23:42:00,2025-12-27 00:31:15.167720262,2025-12-27 02:12:15.167720262,3 - Média,Aplicação,Sub A,lrev,CI-161,NOC N1,Monitoramento,SIM,NAO,Erro de Configuração,Ajuste de configuração,2955.1677202606425
INC103965,2025-12-27 00:25:00,2025-12-27 03:11:46.143654414,2025-12-27 03:55:46.143654414,3 - Média,Banco de Dados,Sub B,lsin,CI-177,NOC N1,Monitoramento,SIM,NAO,Manutenção Programada,Reinício de serviço,10006.143654413685
INC103966,2025-12-27 04:37:00,2025-12-27 06:32:59.284935414,2025-12-27 09:23:59.284935414,4 - Baixa,Banco de Dados,Sub A,lhco,CI-162,SRE,Monitoramento,NAO,NAO,Falha de Aplicação,Patch aplicado,6959.284935415544
INC103967,2025-12-27 08:44:00,2025-12-27 09:02:35.294288178,2025-12-27 10:21:35.294288178,3 - Média,Rede,Sub A,lcem,CI-382,NOC N2,Monitoramento,SIM,NAO,Erro de Configuração,Ajuste de configuração,1115.2942881768818
INC103968,2025-12-27 09:26:00,2025-12-27 10:33:55.135257474,2025-12-27 12:06:55.135257474,3 - Média,Banco de Dados,Sub B,lsin,CI-254,NOC N2,Monitoramento,SIM,NAO,Falha de Aplicação,Reinício de serviço,4075.1352574767593
INC103969,2025-12-27 11:01:00,2025-12-27 12:24:14.906946780,2025-12-27 13:48:14.906946780,4 - Baixa,Banco de Dados,Sub B,lhco,CI-104,NOC N1,Monitoramento,NAO,NAO,Falha de Aplicação,Ajuste de configuração,4994.906946782905
INC103970,2025-12-27 11:58:00,2025-12-27 12:58:42.849500016,2025-12-27 13:37:42.849500016,2 - Alta,Banco de Dados,Sub B,lhco,CI-251,NOC N2,Manual,SIM,NAO,Falha de Aplicação,Reinício de serviço,3642.8495000189346
INC103971,2025-12-27 18:43:00,2025-12-27 19:28:42.748605468,2025-12-27 22:57:42.748605468,2 - Alta,Banco de Dados,Sub C,lrev,CI-267,Suporte N3,Manual,SIM,NAO,Erro de Configuração,Patch aplicado,2742.7486054676438
INC103972,2025-12-28 01:15:00,2025-12-28 01:41:45.203883012,2025-12-28 02:11:45.203883012,2 - Alta,Rede,Sub A,lsin,CI-156,Suporte N3,Monitoramento,SIM,NAO,Manutenção Programada,Reinício de serviço,1605.203883013173
INC103973,2025-12-28 02:07:00,2025-12-28 03:51:23.954403882,2025-12-28 04:33:23.954403882,4 - Baixa,Rede,Sub A,lhco,CI-310,NOC N2,Monitoramento,NAO,NAO,Manutenção Programada,Patch aplicado,6263.954403881582
INC103974,2025-12-28 03:40:00,2025-12-28 05:31:56.774222190,2025-12-28 07:51:56.774222190,3 - Média,Banco de Dados,Sub B,lhvp,CI-69,NOC N2,Monitoramento,SIM,NAO,Falha de Rede,Ajuste de configuração,6716.774222190641
INC103975,2025-12-28 06:51:00,2025-12-28 07:25:32.302166658,2025-12-28 08:49:32.302166658,2 - Alta,Banco de Dados,Sub A,lrev,CI-246,NOC N1,Manual,SIM,NAO,Manutenção Programada,Reinício de serviço,2072.3021666561926
INC103976,2025-12-28 07:16:00,2025-12-28 07:42:16.160690304,2025-12-28 09:11:16.160690304,3 - Média,Aplicação,Sub C,lcem,CI-191,NOC N2,Monitoramento,SIM,NAO,Falha de Aplicação,Reinício de serviço,1576.1606903063177
INC103977,2025-12-28 09:44:00,2025-12-28 10:38:23.419350510,2025-12-28 13:44:23.419350510,3 - Média,Banco de Dados,Sub A,lsin,CI-285,SRE,Monitoramento,SIM,NAO,Falha de Rede,Ajuste de configuração,3263.4193505092076
INC103978,2025-12-28 09:50:00,2025-12-28 12:19:36.123722190,2025-12-28 14:39:36.123722190,3 - Média,Rede,Sub B,lsin,CI-376,SRE,Monitoramento,SIM,NAO,Falha de Aplicação,Ajuste de configuração,8976.123722191172
INC103979,2025-12-28 17:15:00,2025-12-28 18:06:26.158007568,2025-12-28 21:59:26.158007568,4 - Baixa,Infraestrutura,Sub C,lhco,CI-52,Suporte N3,Monitoramento,NAO,NAO,Falha de Rede,Patch aplicado,3086.158007566823
INC103980,2025-12-28 21:28:00,2025-12-28 22:51:06.894344382,2025-12-29 00:57:06.894344382,3 - Média,Banco de Dados,Sub A,lhvp,CI-376,NOC N2,Monitoramento,SIM,NAO,Erro de Configuração,Ajuste de configuração,4986.8943443820135
INC103981,2025-12-28 22:28:00,2025-12-28 23:26:26.869416678,2025-12-29 00:13:26.869416678,2 - Alta,Rede,Sub A,lsin,CI-302,NOC N1,Monitoramento,SIM,NAO,Manutenção Programada,Reinício de serviço,3506.8694166784644
INC103982,2025-12-28 22:49:00,2025-12-29 01:55:59.976643830,2025-12-29 02:14:59.976643830,4 - Baixa,Rede,Sub C,lcem,CI-95,Suporte N3,Monitoramento,NAO,NAO,Manutenção Programada,Reinício de serviço,11219.976643831154
INC103983,2025-12-28 23:46:00,2025-12-29 01:16:16.117506630,2025-12-29 03:47:16.117506630,3 - Média,Rede,Sub A,lsin,CI-160,Suporte N3,Monitoramento,SIM,NAO,Manutenção Programada,Reinício de serviço,5416.117506632416
INC103984,2025-12-29 00:13:00,2025-12-29 01:40:55.617635616,2025-12-29 05:12:55.617635616,2 - Alta,Banco de Dados,Sub C,lhco,CI-226,Suporte N3,Monitoramento,SIM,NAO,Manutenção Programada,Patch aplicado,5275.617635618044
INC103985,2025-12-29 09:25:00,2025-12-29 09:51:56.048954430,2025-12-29 11:58:56.048954430,3 - Média,Rede,Sub B,lcem,CI-244,Suporte N3,Manual,SIM,NAO,Erro de Configuração,Patch aplicado,1616.0489544296759
INC103986,2025-12-29 10:01:00,2025-12-29 10:17:14.528849796,2025-12-29 14:06:14.528849796,3 - Média,Rede,Sub C,lsin,CI-188,SRE,Monitoramento,SIM,NAO,Manutenção Programada,Patch aplicado,974.5288497969635
INC103987,2025-12-29 11:41:00,2025-12-29 12:54:10.778282712,2025-12-29 14:24:10.778282712,2 - Alta,Banco de Dados,Sub B,lrev,CI-41,NOC N2,Monitoramento,SIM,NAO,Manutenção Programada,Patch aplicado,4390.778282712616
INC103988,2025-12-29 11:52:00,2025-12-29 12:10:33.201794634,2025-12-29 14:29:33.201794634,3 - Média,Aplicação,Sub C,lsin,CI-193,SRE,Monitoramento,SIM,NAO,Manutenção Programada,Ajuste de configuração,1113.2017946341632
INC103989,2025-12-29 12:40:00,2025-12-29 13:55:12.634494558,2025-12-29 14:15:12.634494558,2 - Alta,Aplicação,Sub A,lhvp,CI-4,SRE,Monitoramento,SIM,NAO,Falha de Rede,Ajuste de configuração,4512.6344945606315
INC103990,2025-12-29 16:41:00,2025-12-29 17:45:45.383785464,2025-12-29 19:39:45.383785464,4 - Baixa,Aplicação,Sub A,lsin,CI-87,SRE,Monitoramento,NAO,NAO,Erro de Configuração,Patch aplicado,3885.3837854617727
INC103991,2025-12-29 17:14:00,2025-12-29 20:40:13.988054730,2025-12-29 22:11:13.988054730,2 - Alta,Infraestrutura,Sub B,lhco,CI-164,NOC N2,Monitoramento,SIM,NAO,Erro de Configuração,Ajuste de configuração,12373.988054727479
INC103992,2025-12-30 07:12:00,2025-12-30 08:33:19.183780746,2025-12-30 10:38:19.183780746,2 - Alta,Banco de Dados,Sub B,lsin,CI-228,SRE,Monitoramento,SIM,NAO,Manutenção Programada,Reinício de serviço,4879.183780746017
INC103993,2025-12-30 08:47:00,2025-12-30 13:01:55.578340932,2025-12-30 14:44:55.578340932,3 - Média,Rede,Sub B,lcem,CI-248,NOC N2,Manual,SIM,NAO,Falha de Rede,Patch aplicado,15295.578340931816
INC103994,2025-12-30 09:09:00,2025-12-30 10:03:35.397939222,2025-12-30 11:26:35.397939222,4 - Baixa,Banco de Dados,Sub B,lhvp,CI-152,NOC N2,Monitoramento,NAO,NAO,Falha de Rede,Reinício de serviço,3275.3979392232563
INC103995,2025-12-30 10:39:00,2025-12-30 12:01:45.888502296,2025-12-30 12:21:45.888502296,2 - Alta,Banco de Dados,Sub A,lhco,CI-78,SRE,Manual,SIM,NAO,Manutenção Programada,Patch aplicado,4965.888502294233
INC103996,2025-12-30 13:32:00,2025-12-30 14:41:01.802511948,2025-12-30 14:55:01.802511948,3 - Média,Rede,Sub C,lcem,CI-239,NOC N2,Monitoramento,SIM,NAO,Falha de Aplicação,Ajuste de configuração,4141.802511949062
INC103997,2025-12-30 15:12:00,2025-12-30 16:37:29.571244704,2025-12-30 20:31:29.571244704,2 - Alta,Banco de Dados,Sub A,lhvp,CI-309,NOC N2,Monitoramento,SIM,NAO,Manutenção Programada,Ajuste de configuração,5129.571244705003
INC103998,2025-12-30 23:25:00,2025-12-31 00:37:43.839475992,2025-12-31 01:29:43.839475992,3 - Média,Infraestrutura,Sub B,lrev,CI-117,NOC N1,Monitoramento,SIM,NAO,Manutenção Programada,Reinício de serviço,4363.8394759901985
INC103999,2025-12-30 23:49:00,2025-12-31 01:31:45.383565066,2025-12-31 05:22:45.383565066,3 - Média,Infraestrutura,Sub B,lhvp,CI-232,SRE,Monitoramento,SIM,NAO,Manutenção Programada,Ajuste de configuração,6165.383565067762
